image,image_url,product_id,title,color,fit,pattern,material,price,rating,category,product_url
00000.webp,https://d2wbq7o4qxi60y.cloudfront.net/8521448226978/1-800.webp,8521448226978,Navy Textured Shirt,['Navy'],Slim Fit,"Textured, Self-Design",Polyester,999.0,4.4,Shirts,https://www.snitch.com/men-shirts/navy-textured-shirt-4mss3208-07/8521448226978/buy
00001.webp,https://d2wbq7o4qxi60y.cloudfront.net/8536886608034/1-800.webp,8536886608034,Burgundy Solid Twill Shirt,['Burgundy'],Slim Fit,Plain,Cotton,1219.0,4.5,Shirts,https://www.snitch.com/men-shirts/burgundy-solid-oxford-shirt-4mss3563-02/8536886608034/buy
00002.webp,https://d2wbq7o4qxi60y.cloudfront.net/8524133728418/1-800.webp,8524133728418,Light Grey Textured Shirt,['Light Grey'],Slim Fit,Textured,Polyester,999.0,4.4,Shirts,https://www.snitch.com/men-shirts/light-blue-textured-shirt-4mss3208-03/8524133728418/buy
00003.webp,https://d2wbq7o4qxi60y.cloudfront.net/8536887394466/1-800.webp,8536887394466,Olive Solid Twill Shirt,['Olive'],Slim Fit,Plain,Cotton,1219.0,4.5,Shirts,https://www.snitch.com/men-shirts/olive-solid-oxford-shirt-4mss3563-07/8536887394466/buy
00004.webp,https://d2wbq7o4qxi60y.cloudfront.net/9235522486434/1-800.webp,9235522486434,100% Cotton Regular Fit Shirt,['Navy'],Regular Fit,Plain,Cotton,1099.0,4.5,Shirts,https://www.snitch.com/men-shirts/100-cotton-regular-fit-shirt-4sfs001-06/9235522486434/buy
00005.webp,https://d2wbq7o4qxi60y.cloudfront.net/8332312084642/1-800.webp,8332312084642,Stripehaven Beige Striped Shirt,['Beige'],Slim Fit,Stripes,Cotton Blend,1129.0,4.5,Shirts,https://www.snitch.com/men-shirts/stripehaven-beige-striped-shirt/8332312084642/buy
00006.webp,https://d2wbq7o4qxi60y.cloudfront.net/8275720274082/1-800.webp,8275720274082,Broad Checks Cream Shirt,['Cream'],Slim Fit,Checks,Cotton,1129.0,4.5,Shirts,https://www.snitch.com/men-shirts/broad-checks-cream-shirt/8275720274082/buy
00007.webp,https://d2wbq7o4qxi60y.cloudfront.net/8527767240866/1-800.webp,8527767240866,White Textured Shirt,['White'],Slim Fit,Plain,Polyester,999.0,4.5,Shirts,https://www.snitch.com/men-shirts/white-textured-shirt-4mss3208-01/8527767240866/buy
00008.webp,https://d2wbq7o4qxi60y.cloudfront.net/8536886739106/1-800.webp,8536886739106,Navy Solid Twill Shirt,['Navy'],Slim Fit,Plain,Cotton,1219.0,4.4,Shirts,https://www.snitch.com/men-shirts/navy-solid-oxford-shirt-4mss3563-03/8536886739106/buy
00009.webp,https://d2wbq7o4qxi60y.cloudfront.net/9237969043618/1-800.webp,9237969043618,100% Cotton Regular Fit Shirt,['Black'],Regular Fit,Plain,Cotton,1099.0,4.5,Shirts,https://www.snitch.com/men-shirts/100-cotton-regular-fit-providing-a-comfortable-and-balanced-silhouette-suitable-for-various-body-types-and-daily-activities-shirt-4sfs001-07/9237969043618/buy
00010.webp,https://d2wbq7o4qxi60y.cloudfront.net/9237969010850/1-800.webp,9237969010850,100% Cotton Regular Fit Shirt,['Yellow'],Regular Fit,Plain,Cotton,1099.0,4.4,Shirts,https://www.snitch.com/men-shirts/100-cotton-regular-fit-providing-a-comfortable-and-balanced-silhouette-suitable-for-various-body-types-and-daily-activities-shirt-4sfs001-05/9237969010850/buy
00011.webp,https://d2wbq7o4qxi60y.cloudfront.net/8502115303586/1-800.webp,8502115303586,White Slim Fit Shirt,['White'],Slim Fit,Plain,Cotton Blend,1129.0,4.4,Shirts,https://www.snitch.com/men-shirts/white-slim-fit-shirt-4mss3468-01/8502115303586/buy
00012.webp,https://d2wbq7o4qxi60y.cloudfront.net/7757059686562/1-800.webp,7757059686562,Cut Leaf Black Shirt,['Black'],Slim Fit,Printed,Rayon,999.0,4.5,Shirts,https://www.snitch.com/men-shirts/cut-leaf-black-shirt/7757059686562/buy
00013.webp,https://d2wbq7o4qxi60y.cloudfront.net/7938323906722/1-800.webp,7938323906722,Superflex Lavender Shirt,['Lavender'],Slim Fit,Plain,Cotton Blend,1409.0,4.5,Shirts,https://www.snitch.com/men-shirts/superflex-lavender-shirt/7938323906722/buy
00014.webp,https://d2wbq7o4qxi60y.cloudfront.net/9224474132642/1-800.webp,9224474132642,Cotton Linen White Mandarin Shirt,['White'],Regular Fit,Plain,Linen Blend,1499.0,4.4,Shirts,https://www.snitch.com/men-shirts/mandarin-collar-regular-fit-linen-blend-shirt-4sfs018-01/9224474132642/buy
00015.webp,https://d2wbq7o4qxi60y.cloudfront.net/9228862619810/1-800.webp,9228862619810,Cotton Linen Rust Mandarin Shirt,['Orange'],Regular Fit,Plain,Cotton Blend,1499.0,4.6,Shirts,https://www.snitch.com/men-shirts/mandarin-collar-regular-fit-offering-a-comfortable-and-versatile-silhouette-suitable-for-most-body-types-linen-blend-shirt-4sfs018-05/9228862619810/buy
00016.webp,https://d2wbq7o4qxi60y.cloudfront.net/9224474165410/1-800.webp,9224474165410,Cotton Linen Sky Blue Mandarin Shirt,['Blue'],Regular Fit,Plain,Linen Blend,1499.0,4.3,Shirts,https://www.snitch.com/men-shirts/mandarin-collar-regular-fit-linen-blend-shirt-4sfs018-02/9224474165410/buy
00017.webp,https://d2wbq7o4qxi60y.cloudfront.net/7933150724258/1-800.webp,7933150724258,Brilliance White Shirt,['White'],Slim Fit,Plain,Rayon Blend,999.0,4.5,Shirts,https://www.snitch.com/men-shirts/brilliance-white-shirt/7933150724258/buy
00018.webp,https://d2wbq7o4qxi60y.cloudfront.net/8186239385762/1-800.webp,8186239385762,Madrigo Lilac Shirt,['Purple'],Slim Fit,Plain,Polyester,1219.0,4.5,Shirts,https://www.snitch.com/men-shirts/madrigo-lilac-shirt/8186239385762/buy
00019.webp,https://d2wbq7o4qxi60y.cloudfront.net/9242086932642/1-800.webp,9242086932642,Maroon Poplin Stretch Shirt,['Maroon'],Slim Fit,Plain,Cotton Blend,1299.0,4.2,Shirts,https://www.snitch.com/men-shirts/stretch-slim-fit-shirt-4sfs007-03/9242086932642/buy
00020.webp,https://d2wbq7o4qxi60y.cloudfront.net/7902788518050/1-800.webp,7902788518050,Double Cuff Pink Shirt,['Light Pink'],Slim Fit,Plain,Cotton,999.0,4.5,Shirts,https://www.snitch.com/men-shirts/double-cuff-pink-shirt/7902788518050/buy
00021.webp,https://d2wbq7o4qxi60y.cloudfront.net/8951238754466/1-800.webp,8951238754466,Pack Of 3 Regular Fit 100% Cotton T-Shirt,['Multi'],Regular Fit,Plain,Cotton,999.0,4.7,Shirts,https://www.snitch.com/men-shirts/regular-fit-100-cotton-t-shirt-4mst3249-01/8951238754466/buy
00022.webp,https://d2wbq7o4qxi60y.cloudfront.net/7403788894370/1-800.webp,7403788894370,Mandala Print Black Shirt,['Charcoal Grey'],Slim Fit,"Printed, Abstract",Rayon,999.0,4.4,Shirts,https://www.snitch.com/men-shirts/mandala-print-black-shirt/7403788894370/buy
00023.webp,https://d2wbq7o4qxi60y.cloudfront.net/7781770952866/1-800.webp,7781770952866,Buzau Navy Shirt,['Navy'],Slim Fit,"Printed, Geometric",Rayon,799.0,4.5,Shirts,https://www.snitch.com/men-shirts/buzau-navy-shirt/7781770952866/buy
00024.webp,https://d2wbq7o4qxi60y.cloudfront.net/9238485893282/1-800.webp,9238485893282,100% Cotton Regular Fit Shirt,['Lavender'],Regular Fit,Plain,Cotton,1099.0,4.5,Shirts,https://www.snitch.com/men-shirts/regular-fit-textured-100-cotton-shirt-4sfs001-03/9238485893282/buy
00025.webp,https://d2wbq7o4qxi60y.cloudfront.net/9215839338658/1-800.webp,9215839338658,OnLoop Edge Satin Slim Fit Stretch Shirt,['White'],Slim Fit,Plain,Cotton Blend,1699.0,4.3,Shirts,https://www.snitch.com/men-shirts/stretch-slim-fit-shirt-4sfs010-01/9215839338658/buy
00026.webp,https://d2wbq7o4qxi60y.cloudfront.net/9238485958818/1-800.webp,9238485958818,100% Cotton Regular Fit Shirt,['Blue'],Regular Fit,Plain,Cotton,1099.0,4.4,Shirts,https://www.snitch.com/men-shirts/regular-fit-textured-100-cotton-shirt-4sfs001-04/9238485958818/buy
00027.webp,https://cdn.shopify.com/s/files/1/0420/7073/7058/files/1_8f9b0b52-a6f1-4b68-b401-b061faabb1d9.jpg?v=1781197016,9248430882978,Mauve Poplin Stretch Shirt,['Mauve'],Slim Fit,Plain,Cotton Blend,1299.0,4.2,Shirts,https://www.snitch.com/men-shirts/stretch-slim-fit-shirt-4sfs007-07/9248430882978/buy
00028.webp,https://d2wbq7o4qxi60y.cloudfront.net/8332311658658/1-800.webp,8332311658658,Stripehaven Mauve Stripe Shirt,['Mauve'],Slim Fit,Stripes,Cotton Blend,1129.0,4.4,Shirts,https://www.snitch.com/men-shirts/stripehaven-mauve-stripe-shirt/8332311658658/buy
00029.webp,https://d2wbq7o4qxi60y.cloudfront.net/9235522781346/1-800.webp,9235522781346,White Poplin Stretch Shirt,['White'],Slim Fit,Plain,Cotton Blend,1299.0,4.0,Shirts,https://www.snitch.com/men-shirts/stretch-slim-fit-shirt-4sfs007-01/9235522781346/buy
00030.webp,https://d2wbq7o4qxi60y.cloudfront.net/8260627398818/1-800.webp,8260627398818,Calista Black Mandarin Shirt,['Black'],Slim Fit,Plain,Cotton Blend,999.0,4.5,Shirts,https://www.snitch.com/men-shirts/calista-black-mandarin-shirt/8260627398818/buy
00031.webp,https://d2wbq7o4qxi60y.cloudfront.net/9224474460322/1-800.webp,9224474460322,100% Cotton Slim Fit Shirt,['Beige'],Slim Fit,Plain,Cotton,1499.0,4.4,Shirts,https://www.snitch.com/men-shirts/100-cotton-slim-fit-micro-check-shirt-4sfs021-04/9224474460322/buy
00032.webp,https://d2wbq7o4qxi60y.cloudfront.net/9211202142370/1-800.webp,9211202142370,Black Cotton Linen Shirt,['Black'],Regular Fit,Plain,Linen Blend,1999.0,4.4,Shirts,https://www.snitch.com/men-shirts/linen-blend-regular-fit-shirt-4sfs012-10/9211202142370/buy
00033.webp,https://d2wbq7o4qxi60y.cloudfront.net/9235522453666/1-800.webp,9235522453666,100% Cotton Regular Fit Shirt,['White'],Regular Fit,Plain,Cotton,1099.0,4.4,Shirts,https://www.snitch.com/men-shirts/100-cotton-regular-fit-shirt-4sfs001-01/9235522453666/buy
00034.webp,https://d2wbq7o4qxi60y.cloudfront.net/9215839600802/1-800.webp,9215839600802,OnLoop Edge Satin Slim Fit Stretch Shirt,['Black'],Slim Fit,Plain,Cotton Blend,1699.0,4.4,Shirts,https://www.snitch.com/men-shirts/stretch-slim-fit-shirt-4sfs010-07/9215839600802/buy
00035.webp,https://d2wbq7o4qxi60y.cloudfront.net/9243484225698/1-800.webp,9243484225698,Black Poplin Stretch Shirt,['Black'],Slim Fit,Plain,Cotton Blend,1299.0,4.4,Shirts,https://www.snitch.com/men-shirts/stretch-slim-fit-shirt-4sfs007-05/9243484225698/buy
00036.webp,https://d2wbq7o4qxi60y.cloudfront.net/9242086146210/1-800.webp,9242086146210,100% Cotton Mandarin Shirt,['Mauve'],Regular Fit,Plain,Cotton,1099.0,4.5,Shirts,https://www.snitch.com/men-shirts/100-cotton-mandarin-collar-regular-fit-shirt-mp-4sfs002-05/9242086146210/buy
00037.webp,https://d2wbq7o4qxi60y.cloudfront.net/8313434898594/1-800.webp,8313434898594,Verdique Khaki Shirt,['Beige'],Slim Fit,"Textured, Self-Design",Cotton,1199.0,4.5,Shirts,https://www.snitch.com/men-shirts/verdique-khaki-shirt/8313434898594/buy
00038.webp,https://d2wbq7o4qxi60y.cloudfront.net/8388983292066/1-800.webp,8388983292066,Delfina Purple Checks Shirt,['Purple'],Slim Fit,Checks,Cotton,999.0,4.5,Shirts,https://www.snitch.com/men-shirts/delfina-purple-checks-shirt/8388983292066/buy
00039.webp,https://d2wbq7o4qxi60y.cloudfront.net/9242086047906/1-800.webp,9242086047906,100% Cotton Mandarin Shirt,['Blue'],Regular Fit,Plain,Cotton,1099.0,4.3,Shirts,https://www.snitch.com/men-shirts/100-cotton-mandarin-collar-regular-fit-shirt-mp-4sfs002-03/9242086047906/buy
00040.webp,https://d2wbq7o4qxi60y.cloudfront.net/9242086113442/1-800.webp,9242086113442,100% Cotton Mandarin Shirt,['Green'],Regular Fit,Plain,Cotton,1099.0,4.4,Shirts,https://www.snitch.com/men-shirts/100-cotton-mandarin-collar-regular-fit-shirt-mp-4sfs002-04/9242086113442/buy
00041.webp,https://cdn.shopify.com/s/files/1/0420/7073/7058/files/1_60b66f60-37f3-41ce-808c-d8c8e196d97f.jpg?v=1781716787,9253424791714,100% Cotton Stripes Shirt,['Black'],Regular Fit,Stripes,Cotton,1099.0,4.3,Shirts,https://www.snitch.com/men-shirts/regular-fit-stripes-100-cotton-shirt-mp-ss1105-01/9253424791714/buy
00042.webp,https://cdn.shopify.com/s/files/1/0420/7073/7058/files/1_741ec18c-7a3b-4558-aaa6-dd5e6ab04c79.jpg?v=1781716790,9253424890018,100% Cotton Stripes Shirt,['White'],Regular Fit,Stripes,Cotton,1099.0,4.3,Shirts,https://www.snitch.com/men-shirts/regular-fit-stripes-100-cotton-shirt-mp-ss1105-04/9253424890018/buy
00043.webp,https://d2wbq7o4qxi60y.cloudfront.net/9238485860514/1-800.webp,9238485860514,100% Cotton Regular Fit Shirt,['Pink'],Regular Fit,Plain,Cotton,1099.0,4.5,Shirts,https://www.snitch.com/men-shirts/regular-fit-textured-100-cotton-shirt-4sfs001-02/9238485860514/buy
00044.webp,https://d2wbq7o4qxi60y.cloudfront.net/8637452222626/1-800.webp,8637452222626,Black Solid Slim Fit Luxe Shirt,['Black'],Slim Fit,Solid,Poly Blend,1409.0,4.6,Shirts,https://www.snitch.com/men-shirts/black-solid-slim-fit-snitch-luxe-shirt-4mlx1013-08/8637452222626/buy
00045.webp,https://d2wbq7o4qxi60y.cloudfront.net/9215839862946/1-800.webp,9215839862946,Blue Cotton Linen Shirt,['Blue'],Regular Fit,Plain,Linen Blend,1799.0,4.4,Shirts,https://www.snitch.com/men-shirts/linen-blend-regular-fit-shirt-4shs005-03/9215839862946/buy
00046.webp,https://d2wbq7o4qxi60y.cloudfront.net/9224471216290/1-800.webp,9224471216290,Cotton Linen Black Mandarin Shirt,['Black'],Regular Fit,Plain,Linen Blend,1499.0,4.2,Shirts,https://www.snitch.com/men-shirts/mandarin-collar-regular-fit-linen-blend-shirt-4sfs018-03/9224471216290/buy
00047.webp,https://d2wbq7o4qxi60y.cloudfront.net/9242086015138/1-800.webp,9242086015138,100% Cotton Mandarin Shirt,['Black'],Regular Fit,Plain,Cotton,1099.0,4.2,Shirts,https://www.snitch.com/men-shirts/100-cotton-mandarin-collar-regular-fit-shirt-mp-4sfs002-02/9242086015138/buy
00048.webp,https://d2wbq7o4qxi60y.cloudfront.net/8668440002722/1-800.webp,8668440002722,Slim Fit Cotton Core Lab Navy Oxford Shirt,['Navy'],Slim Fit,Plain,Cotton,1299.0,4.5,Shirts,https://www.snitch.com/men-shirts/slim-fit-cotton-core-lab-navy-oxford-shirt-4mcr1006-06/8668440002722/buy
00049.webp,https://d2wbq7o4qxi60y.cloudfront.net/9238486417570/1-800.webp,9238486417570,100% Cotton Stripes Shirt,['White'],Regular Fit,Stripes,Cotton,1399.0,4.3,Shirts,https://www.snitch.com/men-shirts/regular-fit-stripes-100-cotton-shirt-4sfs043-08/9238486417570/buy
00050.webp,https://d2wbq7o4qxi60y.cloudfront.net/9235523305634/1-800.webp,9235523305634,Cotton Linen Stripes Shirt,['Pink'],Regular Fit,Stripes,Cotton Blend,1799.0,4.4,Shirts,https://www.snitch.com/men-shirts/regular-fit-stripes-linen-blend-shirt-4sfs061-04/9235523305634/buy
00051.webp,https://d2wbq7o4qxi60y.cloudfront.net/9238486712482/1-800.webp,9238486712482,100% Viscose Floral Box Fit Shirt,['White'],Box Fit,Floral,Viscose,1099.0,4.4,Shirts,https://www.snitch.com/men-shirts/100-viscose-floral-box-fit-shirt-mp-4shs074-01/9238486712482/buy
00052.webp,https://d2wbq7o4qxi60y.cloudfront.net/9245319463074/1-800.webp,9245319463074,Cotton Linen Stripes Shirt,['Blue'],Regular Fit,Stripes,Cotton Blend,1799.0,4.2,Shirts,https://www.snitch.com/men-shirts/regular-fit-stripes-linen-blend-shirt-4sfs061-05/9245319463074/buy
00053.webp,https://d2wbq7o4qxi60y.cloudfront.net/8620001525922/1-800.webp,8620001525922,Yellow Slim Fit Linen Blend Shirt,['Yellow'],Slim Fit,Plain,Cotton Blend,1219.0,4.5,Shirts,https://www.snitch.com/men-shirts/yellow-slim-fit-linen-blend-shirt-4mss3976-08/8620001525922/buy
00054.webp,https://d2wbq7o4qxi60y.cloudfront.net/8113439965346/1-800.webp,8113439965346,Quads Line White Shirt,['White'],Box Fit,"Textured, Self-Design",Cotton,999.0,4.4,Shirts,https://www.snitch.com/men-shirts/quads-line-white-shirt/8113439965346/buy
00055.webp,https://d2wbq7o4qxi60y.cloudfront.net/8113440424098/1-800.webp,8113440424098,Quads Line Navy Shirt,['Navy'],Box Fit,Textured,Cotton Blend,849.0,4.5,Shirts,https://www.snitch.com/men-shirts/quads-line-navy-shirt/8113440424098/buy
00056.webp,https://d2wbq7o4qxi60y.cloudfront.net/8331732156578/1-800.webp,8331732156578,Stripehaven Blue Striped Shirt,['Blue'],Slim Fit,Stripes,Cotton Blend,1029.0,4.4,Shirts,https://www.snitch.com/men-shirts/stripehaven-blue-striped-shirt/8331732156578/buy
00057.webp,https://d2wbq7o4qxi60y.cloudfront.net/9238485696674/1-800.webp,9238485696674,Pink Regular Fit Shirt,['Pink'],Regular Fit,Plain,Cotton Blend,1299.0,4.4,Shirts,https://www.snitch.com/men-shirts/regular-fit-pink-shirt-4shs169-05/9238485696674/buy
00058.webp,https://d2wbq7o4qxi60y.cloudfront.net/9228862652578/1-800.webp,9228862652578,Cotton Linen Brown Mandarin Shirt,['Brown'],Regular Fit,Plain,Cotton Blend,1499.0,4.5,Shirts,https://www.snitch.com/men-shirts/mandarin-collar-regular-fit-offering-a-comfortable-and-versatile-silhouette-suitable-for-most-body-types-linen-blend-shirt-4sfs018-06/9228862652578/buy
00059.webp,https://d2wbq7o4qxi60y.cloudfront.net/9223561216162/1-800.webp,9223561216162,Regular Fit 100% Cotton Shirt,['White'],Regular Fit,Plain,Cotton,1299.0,4.3,Shirts,https://www.snitch.com/men-shirts/textured-100-cotton-regular-fit-shirt-4sfs011-01/9223561216162/buy
00060.webp,https://d2wbq7o4qxi60y.cloudfront.net/9215839895714/1-800.webp,9215839895714,Lavender Cotton Linen Shirt,['Lavender'],Regular Fit,Plain,Linen Blend,1799.0,4.6,Shirts,https://www.snitch.com/men-shirts/linen-blend-regular-fit-shirt-4shs005-04/9215839895714/buy
00061.webp,https://cdn.shopify.com/s/files/1/0420/7073/7058/files/1_4b02f6f0-7854-4454-8f1b-f349ffea8df5.jpg?v=1781197014,9248430850210,Navy Poplin Stretch Shirt,['Navy'],Slim Fit,Plain,Cotton Blend,1299.0,4.3,Shirts,https://www.snitch.com/men-shirts/stretch-slim-fit-shirt-4sfs007-02/9248430850210/buy
00062.webp,https://d2wbq7o4qxi60y.cloudfront.net/9215839633570/1-800.webp,9215839633570,Regular Fit 100% Cotton Luxe Shirt,['White'],Regular Fit,Plain,Cotton,1499.0,4.6,Shirts,https://www.snitch.com/men-shirts/regular-fit-100-cotton-shirt-4lsfs017-01/9215839633570/buy
00063.webp,https://d2wbq7o4qxi60y.cloudfront.net/9223561543842/1-800.webp,9223561543842,Dark Green Cotton Linen Shirt,['Green'],Regular Fit,Plain,Linen Blend,1799.0,4.7,Shirts,https://www.snitch.com/men-shirts/linen-blend-regular-fit-shirt-4shs005-05/9223561543842/buy
00064.webp,https://d2wbq7o4qxi60y.cloudfront.net/9245319725218/1-800.webp,9245319725218,100% Linen Regular Fit Luxe Shirt,['White'],Regular Fit,Plain,Linen,2624.0,4.3,Shirts,https://www.snitch.com/men-shirts/mandarin-collar-100-linen-regular-fit-linen-snitch-luxe-shirt-4lsfs003-01/9245319725218/buy
00065.webp,https://d2wbq7o4qxi60y.cloudfront.net/9165399425186/1-800.webp,9165399425186,Slim Fit Stretch Shirt,['White'],Slim Fit,Plain,Poly Blend,1299.0,4.5,Shirts,https://www.snitch.com/men-shirts/stretch-slim-fit-shirt-4sfs009-01/9165399425186/buy
00066.webp,https://cdn.shopify.com/s/files/1/0420/7073/7058/files/1_69bbf425-bb18-4b7a-8f18-2b4cc56ae679.jpg?v=1781196955,9248429965474,100% Cotton Slim Fit Shirt,['Purple'],Slim Fit,Plain,Cotton,1099.0,4.4,Shirts,https://www.snitch.com/men-shirts/slim-fit-100-cotton-shirt-mp-4sfs072-07/9248429965474/buy
00067.webp,https://d2wbq7o4qxi60y.cloudfront.net/7938323677346/1-800.webp,7938323677346,Superflex White Shirt,['White'],Slim Fit,Plain,Cotton Blend,1499.0,4.4,Shirts,https://www.snitch.com/men-shirts/superflex-white-shirt/7938323677346/buy
00068.webp,https://d2wbq7o4qxi60y.cloudfront.net/9242087063714/1-800.webp,9242087063714,100% Cotton Stripes Shirt,['Maroon'],Regular Fit,Stripes,Cotton,1399.0,4.4,Shirts,https://www.snitch.com/men-shirts/regular-fit-stripes-100-cotton-shirt-4sfs043-04/9242087063714/buy
00069.webp,https://d2wbq7o4qxi60y.cloudfront.net/9233082056866/1-800.webp,9233082056866,Slim Fit 100% Cotton Luxe Shirt,['Black'],Slim Fit,Self-Design,Cotton,1799.0,4.2,Shirts,https://www.snitch.com/men-shirts/slim-fit-100-cotton-self-design-shirt-4lsfs015-12/9233082056866/buy
00070.webp,https://d2wbq7o4qxi60y.cloudfront.net/9224472068258/1-800.webp,9224472068258,100% Cotton Stripes Shirt,['Pink'],Regular Fit,Stripes,Cotton,1399.0,4.3,Shirts,https://www.snitch.com/men-shirts/regular-fit-stripes-100-cotton-shirt-4sfs043-06/9224472068258/buy
00071.webp,https://d2wbq7o4qxi60y.cloudfront.net/9215839502498/1-800.webp,9215839502498,OnLoop Edge Satin Slim Fit Stretch Shirt,['Maroon'],Slim Fit,Plain,Cotton Blend,1699.0,4.2,Shirts,https://www.snitch.com/men-shirts/stretch-slim-fit-shirt-4sfs010-04/9215839502498/buy
00072.webp,https://d2wbq7o4qxi60y.cloudfront.net/8113440850082/1-800.webp,8113440850082,Quads Line Grey Shirt,['Grey'],Box Fit,"Textured, Self-Design",Cotton,799.0,4.5,Shirts,https://www.snitch.com/men-shirts/quads-line-grey-shirt/8113440850082/buy
00073.webp,https://d2wbq7o4qxi60y.cloudfront.net/9214322507938/1-800.webp,9214322507938,Slim Fit Stretch Shirt,['Mauve'],Slim Fit,Plain,Poly Blend,1299.0,4.4,Shirts,https://www.snitch.com/men-shirts/stretch-slim-fit-shirt-4sfs009-03/9214322507938/buy
00074.webp,https://cdn.shopify.com/s/files/1/0420/7073/7058/files/1_2c64d62e-7590-44de-9636-1b0947c9b46c.jpg?v=1781627319,9252436082850,100% Cotton Oversized Shirt,['Black'],Oversized Fit,Plain,Cotton,1099.0,4.1,Shirts,https://www.snitch.com/men-shirts/oversized-100-cotton-shirt-4shs004-01/9252436082850/buy
00075.webp,https://d2wbq7o4qxi60y.cloudfront.net/9224471314594/1-800.webp,9224471314594,100% Cotton Slim Fit Shirt,['Black'],Slim Fit,Plain,Cotton,1499.0,4.2,Shirts,https://www.snitch.com/men-shirts/100-cotton-slim-fit-micro-check-shirt-4sfs021-05/9224471314594/buy
00076.webp,https://d2wbq7o4qxi60y.cloudfront.net/9239406772386/1-800.webp,9239406772386,100% Cotton Mandarin Shirt,['White'],Regular Fit,Plain,Cotton,1099.0,4.4,Shirts,https://www.snitch.com/men-shirts/100-cotton-mandarin-collar-regular-fit-shirt-mp-4sfs002-01/9239406772386/buy
00077.webp,https://d2wbq7o4qxi60y.cloudfront.net/9224471281826/1-800.webp,9224471281826,100% Cotton Slim Fit Shirt,['White'],Slim Fit,Checks,Cotton,1499.0,4.4,Shirts,https://www.snitch.com/men-shirts/100-cotton-slim-fit-micro-check-shirt-4sfs021-01/9224471281826/buy
00078.webp,https://d2wbq7o4qxi60y.cloudfront.net/9215839797410/1-800.webp,9215839797410,White Cotton Linen Shirt,['White'],Regular Fit,Plain,Linen Blend,1799.0,4.7,Shirts,https://www.snitch.com/men-shirts/linen-blend-regular-fit-shirt-4shs005-01/9215839797410/buy
00079.webp,https://d2wbq7o4qxi60y.cloudfront.net/9238486188194/1-800.webp,9238486188194,Box Fit 100% Viscose Floral Shirt,['White'],Box Fit,Floral,Viscose,1099.0,4.4,Shirts,https://www.snitch.com/men-shirts/box-fit-100-viscose-floral-shirt-mp-4shs073-01/9238486188194/buy
00080.webp,https://d2wbq7o4qxi60y.cloudfront.net/9224474394786/1-800.webp,9224474394786,100% Cotton Slim Fit Shirt,['Grey'],Slim Fit,Plain,Cotton,1499.0,4.4,Shirts,https://www.snitch.com/men-shirts/100-cotton-slim-fit-micro-check-shirt-4sfs021-02/9224474394786/buy
00081.webp,https://d2wbq7o4qxi60y.cloudfront.net/8745561522338/1-800.webp,8745561522338,Tie & Dye Denim Shirt,['Blue'],Regular Fit,Tie & Dye,Cotton,1399.0,4.4,Shirts,https://www.snitch.com/men-shirts/regular-fit-tie-dye-100-cotton-shirt-4mss4293-01/8745561522338/buy
00082.webp,https://d2wbq7o4qxi60y.cloudfront.net/9224471838882/1-800.webp,9224471838882,Regular Fit 100% Cotton Shirt,['Navy'],Regular Fit,Plain,Cotton,1299.0,4.4,Shirts,https://www.snitch.com/men-shirts/regular-fit-100-cotton-shirt-4sfs011-06/9224471838882/buy
00083.webp,https://cdn.shopify.com/s/files/1/0420/7073/7058/files/1_223da0bb-60bf-4c83-be3f-2d3b3be0635d.jpg?v=1781196945,9248429834402,100% Cotton Slim Fit Shirt,['Pink'],Slim Fit,Plain,Cotton,1099.0,4.3,Shirts,https://www.snitch.com/men-shirts/slim-fit-100-cotton-shirt-mp-4sfs072-03/9248429834402/buy
00084.webp,https://d2wbq7o4qxi60y.cloudfront.net/9224474624162/1-800.webp,9224474624162,Slim Fit Seersucker Mandarin Shirt,['Navy'],Slim Fit,Textured,Cotton,1199.0,4.2,Shirts,https://www.snitch.com/men-shirts/mandarin-collar-seersucker-slim-fit-100-cotton-shirt-4sfs015-05/9224474624162/buy
00085.webp,https://d2wbq7o4qxi60y.cloudfront.net/9245319364770/1-800.webp,9245319364770,100% Linen Relaxed Fit Luxe Shirt,['White'],Relaxed Fit,Plain,Linen,2624.0,4.4,Shirts,https://www.snitch.com/men-shirts/linen-snitch-luxe-relaxed-fit-100-linen-shirt-4lshs003-02/9245319364770/buy
00086.webp,https://d2wbq7o4qxi60y.cloudfront.net/9215839731874/1-800.webp,9215839731874,Regular Fit 100% Cotton Luxe Shirt,['Black'],Regular Fit,Plain,Cotton,1499.0,4.3,Shirts,https://www.snitch.com/men-shirts/regular-fit-100-cotton-shirt-4lsfs017-04/9215839731874/buy
00087.webp,https://d2wbq7o4qxi60y.cloudfront.net/8954500513954/1-800.webp,8954500513954,Slim Fit Seersucker Mandarin Shirt,['Green'],Slim Fit,Textured,Cotton,1199.0,4.5,Shirts,https://www.snitch.com/men-shirts/mandarin-collar-textured-slim-fit-100-cotton-shirt-4sfs015-04/8954500513954/buy
00088.webp,https://cdn.shopify.com/s/files/1/0420/7073/7058/files/1_9ef01a1e-9d99-4405-b3aa-b9284b0814ee.jpg?v=1781196953,9248429932706,100% Cotton Slim Fit Shirt,['Green'],Slim Fit,Plain,Cotton,1099.0,4.4,Shirts,https://www.snitch.com/men-shirts/slim-fit-100-cotton-shirt-mp-4sfs072-06/9248429932706/buy
00089.webp,https://d2wbq7o4qxi60y.cloudfront.net/9215839535266/1-800.webp,9215839535266,OnLoop Edge Satin Slim Fit Stretch Shirt,['Navy'],Slim Fit,Plain,Cotton Blend,1699.0,4.5,Shirts,https://www.snitch.com/men-shirts/stretch-slim-fit-shirt-4sfs010-05/9215839535266/buy
00090.webp,https://d2wbq7o4qxi60y.cloudfront.net/9224471871650/1-800.webp,9224471871650,Regular Fit 100% Cotton Shirt,['Black'],Regular Fit,Plain,Cotton,1299.0,4.5,Shirts,https://www.snitch.com/men-shirts/regular-fit-100-cotton-shirt-4sfs011-07/9224471871650/buy
00091.webp,https://cdn.shopify.com/s/files/1/0420/7073/7058/files/1_e4fc4a5f-af75-44eb-af49-79e0de9f6db0.jpg?v=1781627362,9252436705442,Grey Textured Shirt,['Grey'],Slim Fit,Textured,Polyester,999.0,4.3,Shirts,https://www.snitch.com/men-shirts/slim-fit-textured-shirt-mp-4sfs149-08/9252436705442/buy
00092.webp,https://d2wbq7o4qxi60y.cloudfront.net/9215839830178/1-800.webp,9215839830178,Orange Cotton Linen Shirt,['Orange'],Regular Fit,Plain,Linen Blend,1799.0,4.6,Shirts,https://www.snitch.com/men-shirts/linen-blend-regular-fit-shirt-4shs005-02/9215839830178/buy
00093.webp,https://d2wbq7o4qxi60y.cloudfront.net/9233081761954/1-800.webp,9233081761954,Slim Fit 100% Cotton Luxe Shirt,['White'],Slim Fit,Plain,Cotton,1799.0,4.1,Shirts,https://www.snitch.com/men-shirts/slim-fit-100-cotton-self-design-shirt-4lsfs015-07/9233081761954/buy
00094.webp,https://d2wbq7o4qxi60y.cloudfront.net/9233081729186/1-800.webp,9233081729186,Slim Fit 100% Cotton Luxe Shirt,['Black'],Slim Fit,Plain,Cotton,1799.0,4.4,Shirts,https://www.snitch.com/men-shirts/slim-fit-100-cotton-self-design-shirt-4lsfs015-06/9233081729186/buy
00095.webp,https://d2wbq7o4qxi60y.cloudfront.net/9233081696418/1-800.webp,9233081696418,Slim Fit 100% Cotton Luxe Shirt,['White'],Slim Fit,Plain,Cotton,1799.0,4.4,Shirts,https://www.snitch.com/men-shirts/slim-fit-100-cotton-self-design-shirt-4lsfs015-05/9233081696418/buy
00096.webp,https://d2wbq7o4qxi60y.cloudfront.net/9224471249058/1-800.webp,9224471249058,Cotton Linen Beige Mandarin Shirt,['Beige'],Regular Fit,Plain,Linen Blend,1499.0,4.3,Shirts,https://www.snitch.com/men-shirts/mandarin-collar-regular-fit-linen-blend-shirt-4sfs018-07/9224471249058/buy
00097.webp,https://cdn.shopify.com/s/files/1/0420/7073/7058/files/1_c8097943-4308-4639-a4b8-5a8ca9045385.jpg?v=1781196957,9248429998242,100% Cotton Slim Fit Shirt,['Navy'],Slim Fit,Plain,Cotton,1099.0,4.2,Shirts,https://www.snitch.com/men-shirts/slim-fit-100-cotton-shirt-mp-4sfs072-08/9248429998242/buy
00098.webp,https://d2wbq7o4qxi60y.cloudfront.net/9239407231138/1-800.webp,9239407231138,100% Cotton Stripes Shirt,['White'],Regular Fit,Stripes,Cotton,1399.0,4.4,Shirts,https://www.snitch.com/men-shirts/regular-fit-stripes-100-cotton-shirt-4sfs043-05/9239407231138/buy
00099.webp,https://d2wbq7o4qxi60y.cloudfront.net/9224474427554/1-800.webp,9224474427554,100% Cotton Slim Fit Shirt,['Blue'],Slim Fit,Plain,Cotton,1499.0,4.2,Shirts,https://www.snitch.com/men-shirts/100-cotton-slim-fit-micro-check-shirt-4sfs021-03/9224474427554/buy
00100.webp,https://d2wbq7o4qxi60y.cloudfront.net/8951238754466/1-800.webp,8951238754466,Pack Of 3 Regular Fit 100% Cotton T-Shirt,['Multi'],Regular Fit,Plain,Cotton,999.0,4.7,T-Shirts | POLO,https://www.snitch.com/men-t-shirts/regular-fit-100-cotton-t-shirt-4mst3249-01/8951238754466/buy
00101.webp,https://d2wbq7o4qxi60y.cloudfront.net/8457227305122/1-800.webp,8457227305122,Powder Blue Zipper Polo T-Shirt,['Blue'],Slim Fit,Plain,Cotton,1129.0,4.5,T-Shirts | POLO,https://www.snitch.com/men-t-shirts/powder-blue-zipper-polo-t-shirt-4mst2418-02/8457227305122/buy
00102.webp,https://d2wbq7o4qxi60y.cloudfront.net/8104914354338/1-800.webp,8104914354338,Paladin Blue Polo T-Shirt,['Blue'],Slim Fit,"Textured, Self-Design",Cotton,1129.0,4.5,T-Shirts | POLO,https://www.snitch.com/men-t-shirts/paladin-blue-polo-t-shirt/8104914354338/buy
00103.webp,https://d2wbq7o4qxi60y.cloudfront.net/8160835895458/1-800.webp,8160835895458,Quintet Black Polo T-Shirt,['Black'],Slim Fit,"Textured, Self-Design",Polyester,1129.0,4.5,T-Shirts | POLO,https://www.snitch.com/men-t-shirts/quintet-black-polo-t-shirt/8160835895458/buy
00104.webp,https://d2wbq7o4qxi60y.cloudfront.net/9214324736162/1-800.webp,9214324736162,100% Cotton Sleeveless T-Shirt,['Grey'],Regular Fit,Plain,Cotton,599.0,4.4,T-Shirts | POLO,https://www.snitch.com/men-t-shirts/100-cotton-oversized-t-shirt-4rn001-03/9214324736162/buy
00105.webp,https://d2wbq7o4qxi60y.cloudfront.net/8588058165410/1-800.webp,8588058165410,Maroon Slim Fit Knitted T-Shirt,['Maroon'],Slim Fit,Textured,Polyester,1219.0,4.5,T-Shirts | POLO,https://www.snitch.com/men-t-shirts/maroon-slim-fit-knitted-t-shirt-4mst2575-04/8588058165410/buy
00106.webp,https://d2wbq7o4qxi60y.cloudfront.net/8190908956834/1-800.webp,8190908956834,Sleek Striped Black Polo T-Shirt,['Black'],Slim Fit,"Textured, Self-Design",Cotton,1129.0,4.5,T-Shirts | POLO,https://www.snitch.com/men-t-shirts/sleek-striped-black-polo/8190908956834/buy
00107.webp,https://d2wbq7o4qxi60y.cloudfront.net/8101915951266/1-800.webp,8101915951266,Crochet Beige Polo T-Shirt,['Beige'],Slim Fit,Plain,Cotton,1219.0,4.5,T-Shirts | POLO,https://www.snitch.com/men-t-shirts/crochet-beige-polo-t-shirt/8101915951266/buy
00108.webp,https://d2wbq7o4qxi60y.cloudfront.net/8190909251746/1-800.webp,8190909251746,Sleek Striped Brown Polo T-Shirt,['Brown'],Slim Fit,"Textured, Self-Design",Cotton,1199.0,4.5,T-Shirts | POLO,https://www.snitch.com/men-t-shirts/sleek-striped-brown-polo-t-shirt/8190909251746/buy
00109.webp,https://d2wbq7o4qxi60y.cloudfront.net/8322396618914/1-800.webp,8322396618914,Poloshique Mauve Plain Polo T-Shirt,['Mauve'],Slim Fit,"Textured, Self-Design",Polyester,999.0,4.4,T-Shirts | POLO,https://www.snitch.com/men-t-shirts/poloshique-mauve-plain-polo-t-shirt/8322396618914/buy
00110.webp,https://d2wbq7o4qxi60y.cloudfront.net/8588057673890/1-800.webp,8588057673890,Cream Slim Fit Knitted T-Shirt,['Cream'],Slim Fit,Textured,Polyester,1219.0,4.7,T-Shirts | POLO,https://www.snitch.com/men-t-shirts/cream-slim-fit-knitted-t-shirt-4mst2575-01/8588057673890/buy
00111.webp,https://d2wbq7o4qxi60y.cloudfront.net/8513749254306/1-800.webp,8513749254306,Black Zipper Knitted Polo T-Shirt,['Black'],Slim Fit,"Textured, Self-Design",Cotton,1319.0,4.6,T-Shirts | POLO,https://www.snitch.com/men-t-shirts/black-zipper-knitted-polo-t-shirt-4mst2440-03/8513749254306/buy
00112.webp,https://d2wbq7o4qxi60y.cloudfront.net/8065544847522/1-800.webp,8065544847522,Nordic Beige Polo T-Shirt,['Beige'],Slim Fit,"Textured, Self-Design",Cotton,1299.0,4.4,T-Shirts | POLO,https://www.snitch.com/men-t-shirts/nordic-beige-polo-t-shirt/8065544847522/buy
00113.webp,https://d2wbq7o4qxi60y.cloudfront.net/7235474555042/1-800.webp,7235474555042,Raw Edge Olive T-Shirt,['Olive'],Slim Fit,Plain,Cotton Blend,509.0,4.6,T-Shirts | POLO,https://www.snitch.com/men-t-shirts/raw-edge-olive-t-shirt/7235474555042/buy
00114.webp,https://d2wbq7o4qxi60y.cloudfront.net/8209523146914/1-800.webp,8209523146914,Pinnacle Navy Polo T-Shirt,['Navy'],Slim Fit,"Textured, Self-Design",Polyester,999.0,4.4,T-Shirts | POLO,https://www.snitch.com/men-t-shirts/pinnacle-navy-polo-t-shirt/8209523146914/buy
00115.webp,https://d2wbq7o4qxi60y.cloudfront.net/7235473768610/1-800.webp,7235473768610,Raw Edge Mint Green T-Shirt,['Green'],Slim Fit,Plain,Cotton Blend,599.0,4.5,T-Shirts | POLO,https://www.snitch.com/men-t-shirts/raw-edge-mint-green-t-shirt/7235473768610/buy
00116.webp,https://d2wbq7o4qxi60y.cloudfront.net/9222067355810/1-800.webp,9222067355810,100% Cotton Oversized T-Shirt,['Blue'],Oversized Fit,Plain,Cotton,1099.0,4.4,T-Shirts | POLO,https://www.snitch.com/men-t-shirts/oversized-100-cotton-t-shirt-4rn002-06/9222067355810/buy
00117.webp,https://d2wbq7o4qxi60y.cloudfront.net/9223561904290/1-800.webp,9223561904290,100% Cotton Zipper Polo T-Shirt,['Blue'],Regular Fit,Plain,Cotton,1099.0,4.6,T-Shirts | POLO,https://www.snitch.com/men-t-shirts/zipper-100-cotton-regular-fit-zip-collar-t-shirt-4pl011-03/9223561904290/buy
00118.webp,https://d2wbq7o4qxi60y.cloudfront.net/9223561937058/1-800.webp,9223561937058,100% Cotton Zipper Polo T-Shirt,['Olive'],Regular Fit,Plain,Cotton,1099.0,4.6,T-Shirts | POLO,https://www.snitch.com/men-t-shirts/zipper-100-cotton-regular-fit-zip-collar-t-shirt-4pl011-04/9223561937058/buy
00119.webp,https://d2wbq7o4qxi60y.cloudfront.net/8160835928226/1-800.webp,8160835928226,Quintet White Polo T-Shirt,['White'],Slim Fit,"Textured, Self-Design",Polyester,1129.0,4.5,T-Shirts | POLO,https://www.snitch.com/men-t-shirts/quintet-white-polo-t-shirt/8160835928226/buy
00120.webp,https://d2wbq7o4qxi60y.cloudfront.net/8615680966818/1-800.webp,8615680966818,Slim Fit 4-Way Stretch Black T-Shirt,['Black'],Slim Fit,Solid,Cotton Blend,719.0,4.5,T-Shirts | POLO,https://www.snitch.com/men-t-shirts/slim-fit-4-way-stretch-black-t-shirt-4mst2683-10/8615680966818/buy
00121.webp,https://d2wbq7o4qxi60y.cloudfront.net/9233084219554/1-800.webp,9233084219554,Slim Fit 100% Cotton Polo T-Shirt,['Green'],Slim Fit,Plain,Cotton,1199.0,4.2,T-Shirts | POLO,https://www.snitch.com/men-t-shirts/polo-100-cotton-slim-fit-t-shirt-4pl003-03/9233084219554/buy
00122.webp,https://d2wbq7o4qxi60y.cloudfront.net/8460202639522/1-800.webp,8460202639522,PINK Zipper Polo T-Shirt,['White'],Slim Fit,Plain,Cotton,1129.0,4.5,T-Shirts | POLO,https://www.snitch.com/men-t-shirts/white-zipper-polo-t-shirt-4mst2418-03/8460202639522/buy
00123.webp,https://d2wbq7o4qxi60y.cloudfront.net/9165857390754/1-800.webp,9165857390754,100% Cotton Oversized T-Shirt,['Black'],Oversized Fit,Plain,Cotton,1099.0,4.4,T-Shirts | POLO,https://www.snitch.com/men-t-shirts/oversized-100-cotton-t-shirt-4rn002-01/9165857390754/buy
00124.webp,https://d2wbq7o4qxi60y.cloudfront.net/8647166754978/1-800.webp,8647166754978,Monaco Off-White Slim Fit Polo T-Shirt,['Off White'],Slim Fit,Graphic Print,Cotton Blend,923.0,4.6,T-Shirts | POLO,https://www.snitch.com/men-t-shirts/monaco-off-white-slim-fit-polo-t-shirt-4mst2661-01/8647166754978/buy
00125.webp,https://d2wbq7o4qxi60y.cloudfront.net/8633960300706/1-800.webp,8633960300706,Cupid Touch Brown Oversized Fit T-Shirt,['Brown'],Oversized Fit,Graphic Print,,799.0,4.4,T-Shirts | POLO,https://www.snitch.com/men-t-shirts/cupid-touch-brown-oversized-fit-t-shirt-4mst2534-01/8633960300706/buy
00126.webp,https://d2wbq7o4qxi60y.cloudfront.net/9237969567906/1-800.webp,9237969567906,Slim Fit 100% Cotton Polo T-Shirt,['Black'],Slim Fit,Plain,Cotton,1199.0,4.6,T-Shirts | POLO,https://www.snitch.com/men-t-shirts/polo-100-cotton-slim-fit-t-shirt-4pl003-01/9237969567906/buy
00127.webp,https://d2wbq7o4qxi60y.cloudfront.net/9222067290274/1-800.webp,9222067290274,100% Cotton Oversized T-Shirt,['White'],Oversized Fit,Plain,Cotton,1099.0,4.3,T-Shirts | POLO,https://www.snitch.com/men-t-shirts/oversized-100-cotton-t-shirt-4rn002-02/9222067290274/buy
00128.webp,https://d2wbq7o4qxi60y.cloudfront.net/8280926683298/1-800.webp,8280926683298,Edward Brown Polo T-Shirt,['Brown'],Slim Fit,Plain,Rayon Blend,1219.0,4.5,T-Shirts | POLO,https://www.snitch.com/men-t-shirts/edward-brown-polo-t-shirt/8280926683298/buy
00129.webp,https://d2wbq7o4qxi60y.cloudfront.net/9214324375714/1-800.webp,9214324375714,100% Cotton Oversized T-Shirt,['Green'],Oversized Fit,Plain,Cotton,1099.0,4.4,T-Shirts | POLO,https://www.snitch.com/men-t-shirts/oversized-100-cotton-t-shirt-4rn002-05/9214324375714/buy
00130.webp,https://d2wbq7o4qxi60y.cloudfront.net/9214312513698/1-800.webp,9214312513698,Slim Fit Stretch T-Shirt,['Green'],Slim Fit,Plain,Cotton Blend,1099.0,4.1,T-Shirts | POLO,https://www.snitch.com/men-t-shirts/slim-fit-stretch-t-shirt-4rn005-11/9214312513698/buy
00131.webp,https://d2wbq7o4qxi60y.cloudfront.net/9214312480930/1-800.webp,9214312480930,Slim Fit Stretch T-Shirt,['Green'],Slim Fit,Plain,Cotton Blend,1099.0,4.1,T-Shirts | POLO,https://www.snitch.com/men-t-shirts/slim-fit-stretch-t-shirt-4rn005-08/9214312480930/buy
00132.webp,https://d2wbq7o4qxi60y.cloudfront.net/9214324277410/1-800.webp,9214324277410,100% Cotton Oversized T-Shirt,['Mauve'],Oversized Fit,Plain,Cotton,1099.0,4.4,T-Shirts | POLO,https://www.snitch.com/men-t-shirts/oversized-100-cotton-t-shirt-4rn002-03/9214324277410/buy
00133.webp,https://d2wbq7o4qxi60y.cloudfront.net/8953084772514/1-800.webp,8953084772514,Slim Fit Stretch T-Shirt,['Brown'],Slim Fit,Plain,Cotton Blend,1099.0,4.2,T-Shirts | POLO,https://www.snitch.com/men-t-shirts/slim-fit-stretch-t-shirt-4rn005-09/8953084772514/buy
00134.webp,https://d2wbq7o4qxi60y.cloudfront.net/9214312382626/1-800.webp,9214312382626,100% Cotton Regular Fit T-Shirt,['Navy'],Regular Fit,Plain,Cotton,799.0,4.5,T-Shirts | POLO,https://www.snitch.com/men-t-shirts/100-cotton-regular-fit-t-shirt-4rn003-14/9214312382626/buy
00135.webp,https://d2wbq7o4qxi60y.cloudfront.net/9214324506786/1-800.webp,9214324506786,100% Cotton Oversized T-Shirt,['Beige'],Oversized Fit,Plain,Cotton,1099.0,4.3,T-Shirts | POLO,https://www.snitch.com/men-t-shirts/oversized-100-cotton-t-shirt-4rn002-09/9214324506786/buy
00136.webp,https://d2wbq7o4qxi60y.cloudfront.net/8615680835746/1-800.webp,8615680835746,Slim Fit 4-Way Stretch Burgundy T-Shirt,['Maroon'],Slim Fit,Solid,Cotton Blend,719.0,4.5,T-Shirts | POLO,https://www.snitch.com/men-t-shirts/slim-fit-4-way-stretch-burgundy-t-shirt-4mst2683-08/8615680835746/buy
00137.webp,https://d2wbq7o4qxi60y.cloudfront.net/8954501103778/1-800.webp,8954501103778,Slim Fit Stretch T-Shirt,['Olive'],Slim Fit,Plain,Cotton Blend,1099.0,4.2,T-Shirts | POLO,https://www.snitch.com/men-t-shirts/slim-fit-stretch-t-shirt-4rn005-03/8954501103778/buy
00138.webp,https://d2wbq7o4qxi60y.cloudfront.net/8954501038242/1-800.webp,8954501038242,Slim Fit Stretch T-Shirt,['Black'],Slim Fit,Plain,Cotton Blend,1099.0,4.5,T-Shirts | POLO,https://www.snitch.com/men-t-shirts/slim-fit-stretch-t-shirt-4rn005-01/8954501038242/buy
00139.webp,https://d2wbq7o4qxi60y.cloudfront.net/9235524550818/1-800.webp,9235524550818,Slim Fit 100% Cotton Polo T-Shirt,['Blue'],Slim Fit,Plain,Cotton,1199.0,4.2,T-Shirts | POLO,https://www.snitch.com/men-t-shirts/polo-100-cotton-slim-fit-t-shirt-4pl003-02/9235524550818/buy
00140.webp,https://d2wbq7o4qxi60y.cloudfront.net/8954501169314/1-800.webp,8954501169314,Slim Fit Stretch T-Shirt,['White'],Slim Fit,Plain,Cotton Blend,1099.0,4.4,T-Shirts | POLO,https://www.snitch.com/men-t-shirts/slim-fit-stretch-t-shirt-4rn005-05/8954501169314/buy
00141.webp,https://d2wbq7o4qxi60y.cloudfront.net/9242087882914/1-800.webp,9242087882914,Street FC No Mercy Oversized Polo T-Shirt,['Black'],Oversized Fit,Embroidered,Cotton Blend,1299.0,4.3,T-Shirts | POLO,https://www.snitch.com/men-t-shirts/oversized-polo-t-shirt-4mst3252-01/9242087882914/buy
00142.webp,https://d2wbq7o4qxi60y.cloudfront.net/9214312415394/1-800.webp,9214312415394,Slim Fit Stretch T-Shirt,['Blue'],Slim Fit,Plain,Cotton Blend,1099.0,4.4,T-Shirts | POLO,https://www.snitch.com/men-t-shirts/slim-fit-stretch-t-shirt-4rn005-07/9214312415394/buy
00143.webp,https://d2wbq7o4qxi60y.cloudfront.net/8954501267618/1-800.webp,8954501267618,Slim Fit Stretch T-Shirt,['Maroon'],Slim Fit,Plain,Cotton Blend,1099.0,4.2,T-Shirts | POLO,https://www.snitch.com/men-t-shirts/slim-fit-stretch-t-shirt-4rn005-10/8954501267618/buy
00144.webp,https://d2wbq7o4qxi60y.cloudfront.net/9222067323042/1-800.webp,9222067323042,100% Cotton Oversized T-Shirt,['Maroon'],Oversized Fit,Plain,Cotton,1099.0,4.3,T-Shirts | POLO,https://www.snitch.com/men-t-shirts/oversized-100-cotton-t-shirt-4rn002-04/9222067323042/buy
00145.webp,https://d2wbq7o4qxi60y.cloudfront.net/9214324605090/1-800.webp,9214324605090,100% Cotton Oversized T-Shirt,['Blue'],Oversized Fit,Plain,Cotton,1099.0,4.2,T-Shirts | POLO,https://www.snitch.com/men-t-shirts/oversized-100-cotton-t-shirt-4rn002-11/9214324605090/buy
00146.webp,https://d2wbq7o4qxi60y.cloudfront.net/8954501136546/1-800.webp,8954501136546,Slim Fit Stretch T-Shirt,['Peach'],Slim Fit,Plain,Cotton Blend,1099.0,4.1,T-Shirts | POLO,https://www.snitch.com/men-t-shirts/slim-fit-stretch-t-shirt-4rn005-04/8954501136546/buy
00147.webp,https://d2wbq7o4qxi60y.cloudfront.net/8954501071010/1-800.webp,8954501071010,Slim Fit Stretch T-Shirt,['Navy'],Slim Fit,Plain,Cotton Blend,1099.0,4.2,T-Shirts | POLO,https://www.snitch.com/men-t-shirts/slim-fit-stretch-t-shirt-4rn005-02/8954501071010/buy
00148.webp,https://d2wbq7o4qxi60y.cloudfront.net/9214324474018/1-800.webp,9214324474018,100% Cotton Oversized T-Shirt,['Green'],Oversized Fit,Plain,Cotton,1099.0,4.4,T-Shirts | POLO,https://www.snitch.com/men-t-shirts/oversized-100-cotton-t-shirt-4rn002-08/9214324474018/buy
00149.webp,https://d2wbq7o4qxi60y.cloudfront.net/9165909459106/1-800.webp,9165909459106,100% Cotton Oversized T-Shirt,['Pink'],Oversized Fit,Plain,Cotton,1099.0,4.3,T-Shirts | POLO,https://www.snitch.com/men-t-shirts/oversized-100-cotton-t-shirt-4rn002-10/9165909459106/buy
00150.webp,https://d2wbq7o4qxi60y.cloudfront.net/8104914354338/1-800.webp,8104914354338,Paladin Blue Polo T-Shirt,['Blue'],Slim Fit,"Textured, Self-Design",Cotton,1129.0,4.5,T-Shirts | POLO,https://www.snitch.com/men-t-shirts/paladin-blue-polo-t-shirt/8104914354338/buy
00151.webp,https://d2wbq7o4qxi60y.cloudfront.net/8160835895458/1-800.webp,8160835895458,Quintet Black Polo T-Shirt,['Black'],Slim Fit,"Textured, Self-Design",Polyester,1129.0,4.5,T-Shirts | POLO,https://www.snitch.com/men-t-shirts/quintet-black-polo-t-shirt/8160835895458/buy
00152.webp,https://d2wbq7o4qxi60y.cloudfront.net/8101915951266/1-800.webp,8101915951266,Crochet Beige Polo T-Shirt,['Beige'],Slim Fit,Plain,Cotton,1219.0,4.5,T-Shirts | POLO,https://www.snitch.com/men-t-shirts/crochet-beige-polo-t-shirt/8101915951266/buy
00153.webp,https://d2wbq7o4qxi60y.cloudfront.net/8840018788514/1-800.webp,8840018788514,Oversized Polo Sweatshirt,['Blue'],Oversized Fit,Plain,Cotton,1399.0,4.6,T-Shirts | POLO,https://www.snitch.com/men-t-shirts/regular-fit-100-cotton-sweatshirt-4msws0002-02/8840018788514/buy
00154.webp,https://d2wbq7o4qxi60y.cloudfront.net/8457227305122/1-800.webp,8457227305122,Powder Blue Zipper Polo T-Shirt,['Blue'],Slim Fit,Plain,Cotton,1129.0,4.5,T-Shirts | POLO,https://www.snitch.com/men-t-shirts/powder-blue-zipper-polo-t-shirt-4mst2418-02/8457227305122/buy
00155.webp,https://d2wbq7o4qxi60y.cloudfront.net/8065544847522/1-800.webp,8065544847522,Nordic Beige Polo T-Shirt,['Beige'],Slim Fit,"Textured, Self-Design",Cotton,1299.0,4.4,T-Shirts | POLO,https://www.snitch.com/men-t-shirts/nordic-beige-polo-t-shirt/8065544847522/buy
00156.webp,https://d2wbq7o4qxi60y.cloudfront.net/9235522748578/1-800.webp,9235522748578,Oversized Stretch Polo Shirt,['Black'],Oversized Fit,Textured,Poly Blend,1399.0,4.2,T-Shirts | POLO,https://www.snitch.com/men-t-shirts/stretch-oversized-ribbed-shirt-4mss4274-06/9235522748578/buy
00157.webp,https://d2wbq7o4qxi60y.cloudfront.net/9235522617506/1-800.webp,9235522617506,Oversized Stretch Polo Shirt,['Grey'],Oversized Fit,Textured,Poly Blend,1399.0,4.3,T-Shirts | POLO,https://www.snitch.com/men-t-shirts/stretch-oversized-ribbed-shirt-4mss4274-03/9235522617506/buy
00158.webp,https://d2wbq7o4qxi60y.cloudfront.net/8209523146914/1-800.webp,8209523146914,Pinnacle Navy Polo T-Shirt,['Navy'],Slim Fit,"Textured, Self-Design",Polyester,999.0,4.4,T-Shirts | POLO,https://www.snitch.com/men-t-shirts/pinnacle-navy-polo-t-shirt/8209523146914/buy
00159.webp,https://d2wbq7o4qxi60y.cloudfront.net/8840018722978/1-800.webp,8840018722978,Oversized Polo Sweatshirt,['Grey'],Oversized Fit,Plain,Cotton,1399.0,4.5,T-Shirts | POLO,https://www.snitch.com/men-t-shirts/regular-fit-100-cotton-sweatshirt-4msws0002-01/8840018722978/buy
00160.webp,https://d2wbq7o4qxi60y.cloudfront.net/9235522519202/1-800.webp,9235522519202,Oversized Stretch Polo Shirt,['Navy'],Oversized Fit,Textured,Poly Blend,1399.0,4.3,T-Shirts | POLO,https://www.snitch.com/men-t-shirts/stretch-oversized-ribbed-shirt-4mss4274-01/9235522519202/buy
00161.webp,https://d2wbq7o4qxi60y.cloudfront.net/9235522650274/1-800.webp,9235522650274,Oversized Stretch Polo Shirt,['Mauve'],Oversized Fit,Textured,Poly Blend,1399.0,4.2,T-Shirts | POLO,https://www.snitch.com/men-t-shirts/stretch-oversized-ribbed-shirt-4mss4274-04/9235522650274/buy
00162.webp,https://d2wbq7o4qxi60y.cloudfront.net/8160835928226/1-800.webp,8160835928226,Quintet White Polo T-Shirt,['White'],Slim Fit,"Textured, Self-Design",Polyester,1129.0,4.5,T-Shirts | POLO,https://www.snitch.com/men-t-shirts/quintet-white-polo-t-shirt/8160835928226/buy
00163.webp,https://d2wbq7o4qxi60y.cloudfront.net/8460202639522/1-800.webp,8460202639522,PINK Zipper Polo T-Shirt,['White'],Slim Fit,Plain,Cotton,1129.0,4.5,T-Shirts | POLO,https://www.snitch.com/men-t-shirts/white-zipper-polo-t-shirt-4mst2418-03/8460202639522/buy
00164.webp,https://d2wbq7o4qxi60y.cloudfront.net/9235522715810/1-800.webp,9235522715810,Oversized Stretch Polo Shirt,['Olive'],Oversized Fit,Textured,Poly Blend,1399.0,4.3,T-Shirts | POLO,https://www.snitch.com/men-t-shirts/stretch-oversized-ribbed-shirt-4mss4274-05/9235522715810/buy
00165.webp,https://d2wbq7o4qxi60y.cloudfront.net/8280926683298/1-800.webp,8280926683298,Edward Brown Polo T-Shirt,['Brown'],Slim Fit,Plain,Rayon Blend,1219.0,4.5,T-Shirts | POLO,https://www.snitch.com/men-t-shirts/edward-brown-polo-t-shirt/8280926683298/buy
00166.webp,https://d2wbq7o4qxi60y.cloudfront.net/9235522584738/1-800.webp,9235522584738,Oversized Stretch Polo Shirt,['Cream'],Oversized Fit,Textured,Poly Blend,1399.0,4.2,T-Shirts | POLO,https://www.snitch.com/men-t-shirts/stretch-oversized-ribbed-shirt-4mss4274-02/9235522584738/buy
00167.webp,https://d2wbq7o4qxi60y.cloudfront.net/8190908956834/1-800.webp,8190908956834,Sleek Striped Black Polo T-Shirt,['Black'],Slim Fit,"Textured, Self-Design",Cotton,1129.0,4.5,T-Shirts | POLO,https://www.snitch.com/men-t-shirts/sleek-striped-black-polo/8190908956834/buy
00168.webp,https://d2wbq7o4qxi60y.cloudfront.net/8790466494626/1-800.webp,8790466494626,Luxe Crochet Polo Shirt,['Green'],Regular Fit,Self-Design,Cotton,1274.0,4.8,T-Shirts | POLO,https://www.snitch.com/men-t-shirts/regular-fit-100-cotton-polo-self-design-t-shirt-4mpl0002-02/8790466494626/buy
00169.webp,https://d2wbq7o4qxi60y.cloudfront.net/8874540236962/1-800.webp,8874540236962,Contrast Collar Polo Shirt,['Black'],Regular Fit,Stripes,Polyester,1299.0,4.5,T-Shirts | POLO,https://www.snitch.com/men-t-shirts/100-acrylic-polo-regular-fit-stripes-shirt-4mss4381-01/8874540236962/buy
00170.webp,https://d2wbq7o4qxi60y.cloudfront.net/8190909251746/1-800.webp,8190909251746,Sleek Striped Brown Polo T-Shirt,['Brown'],Slim Fit,"Textured, Self-Design",Cotton,1199.0,4.5,T-Shirts | POLO,https://www.snitch.com/men-t-shirts/sleek-striped-brown-polo-t-shirt/8190909251746/buy
00171.webp,https://d2wbq7o4qxi60y.cloudfront.net/8322396618914/1-800.webp,8322396618914,Poloshique Mauve Plain Polo T-Shirt,['Mauve'],Slim Fit,"Textured, Self-Design",Polyester,999.0,4.4,T-Shirts | POLO,https://www.snitch.com/men-t-shirts/poloshique-mauve-plain-polo-t-shirt/8322396618914/buy
00172.webp,https://d2wbq7o4qxi60y.cloudfront.net/8905983000738/1-800.webp,8905983000738,Embroidered Horizontal Stripes Polo Sweater,['Navy'],Regular Fit,Stripes,Cotton,1499.0,4.4,T-Shirts | POLO,https://www.snitch.com/men-t-shirts/100-cotton-regular-fit-stripes-polo-sweater-4msw9140-02/8905983000738/buy
00173.webp,https://d2wbq7o4qxi60y.cloudfront.net/8065538556066/1-800.webp,8065538556066,Nordic Black Polo T-Shirt,['Black'],Slim Fit,"Textured, Self-Design",Cotton,1169.0,4.4,T-Shirts | POLO,https://www.snitch.com/men-t-shirts/nordic-black-polo-t-shirt/8065538556066/buy
00174.webp,https://d2wbq7o4qxi60y.cloudfront.net/8513749254306/1-800.webp,8513749254306,Black Zipper Knitted Polo T-Shirt,['Black'],Slim Fit,"Textured, Self-Design",Cotton,1319.0,4.6,T-Shirts | POLO,https://www.snitch.com/men-t-shirts/black-zipper-knitted-polo-t-shirt-4mst2440-03/8513749254306/buy
00175.webp,https://d2wbq7o4qxi60y.cloudfront.net/8902167363746/1-800.webp,8902167363746,Embroidered Horizontal Stripes Polo Sweater,['Off White'],Regular Fit,Embroidered,Cotton,1499.0,4.3,T-Shirts | POLO,https://www.snitch.com/men-t-shirts/100-cotton-regular-fit-printed-polo-sweater-4msw9140-01/8902167363746/buy
00176.webp,https://d2wbq7o4qxi60y.cloudfront.net/8916118929570/1-800.webp,8916118929570,Embroidered Oversized Polo T-Shirt,['Brown'],Oversized Fit,Embroidered,Cotton Blend,1699.0,4.6,T-Shirts | POLO,https://www.snitch.com/men-t-shirts/graphic-polo-oversized-t-shirt-4mst3325-01/8916118929570/buy
00177.webp,https://d2wbq7o4qxi60y.cloudfront.net/9223561904290/1-800.webp,9223561904290,100% Cotton Zipper Polo T-Shirt,['Blue'],Regular Fit,Plain,Cotton,1099.0,4.6,T-Shirts | POLO,https://www.snitch.com/men-t-shirts/zipper-100-cotton-regular-fit-zip-collar-t-shirt-4pl011-03/9223561904290/buy
00178.webp,https://d2wbq7o4qxi60y.cloudfront.net/9223561937058/1-800.webp,9223561937058,100% Cotton Zipper Polo T-Shirt,['Olive'],Regular Fit,Plain,Cotton,1099.0,4.6,T-Shirts | POLO,https://www.snitch.com/men-t-shirts/zipper-100-cotton-regular-fit-zip-collar-t-shirt-4pl011-04/9223561937058/buy
00179.webp,https://d2wbq7o4qxi60y.cloudfront.net/8330184917154/1-800.webp,8330184917154,StitchSensei Navy Polo T-Shirt,['Blue'],Slim Fit,"Textured, Self-Design",Cotton,1016.0,4.4,T-Shirts | POLO,https://www.snitch.com/men-t-shirts/stitchsensei-navy-polo-t-shirt/8330184917154/buy
00180.webp,https://d2wbq7o4qxi60y.cloudfront.net/9002040262818/1-800.webp,9002040262818,Oversized Embroidered Polo T-Shirt,['Black'],Oversized Fit,Embroidered,Cotton Blend,1499.0,4.2,T-Shirts | POLO,https://www.snitch.com/men-t-shirts/polo-oversized-embroidery-t-shirt-4mst3173-01/9002040262818/buy
00181.webp,https://d2wbq7o4qxi60y.cloudfront.net/8868841029794/1-800.webp,8868841029794,Crochet Knit Polo T-Shirt,['Beige'],Regular Fit,Textured,Cotton,1359.0,4.4,T-Shirts | POLO,https://www.snitch.com/men-t-shirts/textured-100-cotton-regular-fit-polo-t-shirt-4mst3204-01/8868841029794/buy
00182.webp,https://d2wbq7o4qxi60y.cloudfront.net/8918342795426/1-800.webp,8918342795426,Contrast Collar Polo T-Shirt,['White'],Regular Fit,Plain,Viscose Blend,1599.0,4.3,T-Shirts | POLO,https://www.snitch.com/men-t-shirts/polo-regular-fit-t-shirt-4mst3203-01/8918342795426/buy
00183.webp,https://d2wbq7o4qxi60y.cloudfront.net/8884317814946/1-800.webp,8884317814946,Crochet Knit Polo T-Shirt,['White'],Regular Fit,Textured,Cotton,1359.0,4.2,T-Shirts | POLO,https://www.snitch.com/men-t-shirts/textured-100-cotton-regular-fit-polo-t-shirt-4mst3204-02/8884317814946/buy
00184.webp,https://d2wbq7o4qxi60y.cloudfront.net/8065540292770/1-800.webp,8065540292770,Nordic Blue Polo T-Shirt,['Blue'],Slim Fit,"Textured, Self-Design",Cotton,1104.0,4.5,T-Shirts | POLO,https://www.snitch.com/men-t-shirts/nordic-blue-polo-t-shirt/8065540292770/buy
00185.webp,https://d2wbq7o4qxi60y.cloudfront.net/8790466461858/1-800.webp,8790466461858,Luxe Crochet Polo Shirt,['Beige'],Regular Fit,Self-Design,Cotton,1199.0,4.3,T-Shirts | POLO,https://www.snitch.com/men-t-shirts/regular-fit-100-cotton-polo-self-design-t-shirt-4mpl0002-01/8790466461858/buy
00186.webp,https://d2wbq7o4qxi60y.cloudfront.net/8921942622370/1-800.webp,8921942622370,LEGACY Knitted Polo Shirt,['Blue'],Relaxed Fit,Textured,Cotton,1699.0,4.5,T-Shirts | POLO,https://www.snitch.com/men-t-shirts/textured-relaxed-fit-100-cotton-shirt-4mss024-01/8921942622370/buy
00187.webp,https://d2wbq7o4qxi60y.cloudfront.net/7933118939298/1-800.webp,7933118939298,Canyon White Polo T-Shirt,['White'],Slim Fit,"Textured, Self-Design",Cotton,1079.0,4.4,T-Shirts | POLO,https://www.snitch.com/men-t-shirts/canyon-white-polo-t-shirt/7933118939298/buy
00188.webp,https://d2wbq7o4qxi60y.cloudfront.net/8902167134370/1-800.webp,8902167134370,100% Cotton Knitted Polo Shirt,['Green'],Regular Fit,Textured,Cotton,1189.0,4.3,T-Shirts | POLO,https://www.snitch.com/men-t-shirts/100-cotton-polo-regular-fit-textured-shirt-4mss4156-02/8902167134370/buy
00189.webp,https://cdn.shopify.com/s/files/1/0420/7073/7058/files/4PL055-01_2a6b882c-2a83-4b42-8b37-2891982b3ac7.jpg?v=1782217954,9254413598882,Street FC Stripes Polo T-Shirt,['White'],Oversized Fit,Stripes,Cotton Blend,1199.0,4.4,T-Shirts | POLO,https://www.snitch.com/men-t-shirts/polo-oversized-stripes-t-shirt-4pl055-01/9254413598882/buy
00190.webp,https://d2wbq7o4qxi60y.cloudfront.net/8795672346786/1-800.webp,8795672346786,100% Cotton Crochet Polo Shirt,['Beige'],Regular Fit,Self-Design,Cotton,1189.0,5.0,T-Shirts | POLO,https://www.snitch.com/men-t-shirts/100-cotton-polo-regular-fit-self-design-shirt-4mss4155-01/8795672346786/buy
00191.webp,https://d2wbq7o4qxi60y.cloudfront.net/9166121828514/1-800.webp,9166121828514,100% Cotton Zipper Polo T-Shirt,['Maroon'],Regular Fit,Plain,Cotton,1099.0,4.2,T-Shirts | POLO,https://www.snitch.com/men-t-shirts/zipper-100-cotton-regular-fit-zip-collar-t-shirt-4pl011-02/9166121828514/buy
00192.webp,https://d2wbq7o4qxi60y.cloudfront.net/9002039312546/1-800.webp,9002039312546,Jacquard Collar Textured Polo T-Shirt,['Navy'],Regular Fit,Textured,Cotton Blend,1299.0,4.4,T-Shirts | POLO,https://www.snitch.com/men-t-shirts/regular-fit-textured-polo-t-shirt-4pl025-01/9002039312546/buy
00193.webp,https://d2wbq7o4qxi60y.cloudfront.net/8381915889826/1-800.webp,8381915889826,Baldassare Beige Knitted Polo T-Shirt,['Beige'],Slim Fit,"Textured, Self-Design",Cotton,1104.0,4.5,T-Shirts | POLO,https://www.snitch.com/men-t-shirts/baldassare-beige-knitted-polo-t-shirt/8381915889826/buy
00194.webp,https://d2wbq7o4qxi60y.cloudfront.net/8097092108450/1-800.webp,8097092108450,Coulter Knitted White Polo T-Shirt,['White'],Slim Fit,Plain,Cotton,1169.0,4.6,T-Shirts | POLO,https://www.snitch.com/men-t-shirts/coulter-knitted-white-polo-t-shirt/8097092108450/buy
00195.webp,https://d2wbq7o4qxi60y.cloudfront.net/8443580350626/1-800.webp,8443580350626,Ascent Mauve Knitted Polo T-Shirt,['Mauve'],Slim Fit,"Textured, Self-Design",Cotton,1121.0,4.5,T-Shirts | POLO,https://www.snitch.com/men-t-shirts/ascent-mauve-knitted-polo-t-shirt/8443580350626/buy
00196.webp,https://d2wbq7o4qxi60y.cloudfront.net/9212183117986/1-800.webp,9212183117986,100% Cotton Zipper Polo T-Shirt,['Navy'],Regular Fit,Plain,Cotton,1099.0,4.1,T-Shirts | POLO,https://www.snitch.com/men-t-shirts/zipper-100-cotton-regular-fit-zip-collar-t-shirt-4pl011-01/9212183117986/buy
00197.webp,https://d2wbq7o4qxi60y.cloudfront.net/9222067388578/1-800.webp,9222067388578,100% Cotton Zipper Polo T-Shirt,['Brown'],Regular Fit,Plain,Cotton,1099.0,4.6,T-Shirts | POLO,https://www.snitch.com/men-t-shirts/zipper-100-cotton-regular-fit-zip-collar-t-shirt-4pl011-05/9222067388578/buy
00198.webp,https://d2wbq7o4qxi60y.cloudfront.net/8316843917474/1-800.webp,8316843917474,ZipPolo Grey Printed Polo T-Shirt,['Grey'],Slim Fit,"Textured, Self-Design",Polyester,1019.0,4.4,T-Shirts | POLO,https://www.snitch.com/men-t-shirts/zippolo-grey-printed-polo-t-shirt/8316843917474/buy
00199.webp,https://d2wbq7o4qxi60y.cloudfront.net/9002039345314/1-800.webp,9002039345314,Jacquard Collar Textured Polo T-Shirt,['Orange'],Regular Fit,Textured,Cotton Blend,1299.0,4.4,T-Shirts | POLO,https://www.snitch.com/men-t-shirts/regular-fit-textured-polo-t-shirt-4pl025-02/9002039345314/buy
00200.webp,https://d2wbq7o4qxi60y.cloudfront.net/8414299750562/1-800.webp,8414299750562,Lars Blue Loose Fit Jeans,['Blue'],Loose Fit,Plain,Cotton,1599.0,4.4,Jeans,https://www.snitch.com/men-jeans/lars-blue-loose-fit-jeans/8414299750562/buy
00201.webp,https://d2wbq7o4qxi60y.cloudfront.net/8761743933602/1-800.webp,8761743933602,Blue Super Baggy Jeans,['Blue'],Super Baggy Fit,Plain,Cotton,1689.0,4.5,Jeans,https://www.snitch.com/men-jeans/washed-baggy-jeans-4msd4116-01/8761743933602/buy
00202.webp,https://d2wbq7o4qxi60y.cloudfront.net/8483496460450/1-800.webp,8483496460450,Blue Comfort Fit Jeans,['Blue'],Comfort Fit,Plain,Cotton Blend,1689.0,4.4,Jeans,https://www.snitch.com/men-jeans/blue-comfort-fit-jeans-4msd3793-02/8483496460450/buy
00203.webp,https://d2wbq7o4qxi60y.cloudfront.net/8517395546274/1-800.webp,8517395546274,Charcoal Grey Loose Fit Jeans,['Charcoal Grey'],Loose Fit,Plain,Cotton,1699.0,4.5,Jeans,https://www.snitch.com/men-jeans/charcoal-grey-loose-fit-jeans-4msd3864-01/8517395546274/buy
00204.webp,https://d2wbq7o4qxi60y.cloudfront.net/8175932407970/1-800.webp,8175932407970,Dusk Mid Black Baggy Fit Jeans,['Black'],Baggy Fit,Plain,Cotton,1699.0,4.5,Jeans,https://www.snitch.com/men-jeans/dusk-mid-black-baggy-fit-jeans/8175932407970/buy
00205.webp,https://d2wbq7o4qxi60y.cloudfront.net/9224473870498/1-800.webp,9224473870498,Washed Baggy Jeans,['Black'],Baggy Fit,Plain,Cotton,1999.0,4.2,Jeans,https://www.snitch.com/men-jeans/washed-baggy-jeans-4je006-02/9224473870498/buy
00206.webp,https://d2wbq7o4qxi60y.cloudfront.net/8777775415458/1-800.webp,8777775415458,Washed Super Baggy Jeans,['Blue'],Super Baggy Fit,Plain,Cotton,1799.0,4.5,Jeans,https://www.snitch.com/men-jeans/washed-baggy-jeans-4msd4116-02/8777775415458/buy
00207.webp,https://d2wbq7o4qxi60y.cloudfront.net/7616013697186/1-800.webp,7616013697186,Jet Black Jeans,['Black'],Skinny Fit,Plain,Cotton,1599.0,4.6,Jeans,https://www.snitch.com/men-jeans/jet-black-jeans/7616013697186/buy
00208.webp,https://d2wbq7o4qxi60y.cloudfront.net/8930526593186/1-800.webp,8930526593186,Raw Edge Bootcut Washed Jeans,['Blue'],Bootcut,Plain,Cotton Blend,1899.0,4.4,Jeans,https://www.snitch.com/men-jeans/washed-bootcut-fit-stretch-jeans-4msd4144-2/8930526593186/buy
00209.webp,https://d2wbq7o4qxi60y.cloudfront.net/8414300111010/1-800.webp,8414300111010,Lars Blue Loose Fit Jeans,['Blue'],Loose Fit,Plain,Cotton,1599.0,4.4,Jeans,https://www.snitch.com/men-jeans/lars-dark-blue-loose-fit-jeans/8414300111010/buy
00210.webp,https://d2wbq7o4qxi60y.cloudfront.net/9242085818530/1-800.webp,9242085818530,Flared Fit Washed Jeans,['Blue'],Flared Fit,Plain,Cotton,1899.0,4.2,Jeans,https://www.snitch.com/men-jeans/washed-flared-fit-jeans-4msd4213-02/9242085818530/buy
00211.webp,https://d2wbq7o4qxi60y.cloudfront.net/8751123726498/1-800.webp,8751123726498,Washed Skinny Jeans,['Blue'],Skinny Fit,Plain,Cotton,1529.0,4.4,Jeans,https://www.snitch.com/men-jeans/denim-skinny-fit-jeans-4msd4117-05/8751123726498/buy
00212.webp,https://d2wbq7o4qxi60y.cloudfront.net/8437161394338/1-800.webp,8437161394338,Vault Light Blue Plain Baggy Fit Jeans,['Blue'],Baggy Fit,Plain,Cotton Blend,1699.0,4.4,Jeans,https://www.snitch.com/men-jeans/vault-light-blue-plain-baggy-fit-jeans/8437161394338/buy
00213.webp,https://d2wbq7o4qxi60y.cloudfront.net/9222065914018/1-800.webp,9222065914018,Paneled Distressed Baggy Jeans,['Blue'],Baggy Fit,Distressed,Cotton,1999.0,4.3,Jeans,https://www.snitch.com/men-jeans/heavy-distressed-baggy-jeans-4msd4125-01/9222065914018/buy
00214.webp,https://d2wbq7o4qxi60y.cloudfront.net/9214322344098/1-800.webp,9214322344098,Flared Fit Washed Jeans,['Grey'],Flared Fit,Plain,Cotton,1899.0,4.4,Jeans,https://www.snitch.com/men-jeans/flared-fit-washed-jeans-4msd4221-01/9214322344098/buy
00215.webp,https://d2wbq7o4qxi60y.cloudfront.net/9002038296738/1-800.webp,9002038296738,Flared Fit Washed Jeans,['Grey'],Flared Fit,Plain,Cotton,1999.0,4.4,Jeans,https://www.snitch.com/men-jeans/flared-fit-washed-jeans-4msd4214-02/9002038296738/buy
00216.webp,https://d2wbq7o4qxi60y.cloudfront.net/9243483439266/1-800.webp,9243483439266,Slim Fit Stretch Washed Jeans,['Navy'],Slim Fit,Plain,Cotton Blend,1999.0,4.4,Jeans,https://www.snitch.com/men-jeans/acid-wash-stretch-slim-fit-jeans-4je112-05/9243483439266/buy
00217.webp,https://cdn.shopify.com/s/files/1/0420/7073/7058/files/1_db826d42-f0b8-4525-87db-181ffefbf64d.jpg?v=1781196919,9248429375650,Slim Fit Stretch Jeans,['Blue'],Slim Fit,Plain,Cotton Blend,1899.0,4.2,Jeans,https://www.snitch.com/men-jeans/slim-fit-denim-stretch-jeans-4je067-02/9248429375650/buy
00218.webp,https://d2wbq7o4qxi60y.cloudfront.net/9238485467298/1-800.webp,9238485467298,Straight Fit Stretch Jeans,['Black'],Straight Fit,Plain,Cotton Blend,1899.0,4.6,Jeans,https://www.snitch.com/men-jeans/regular-fit-stretch-denim-jeans-4je083-01/9238485467298/buy
00219.webp,https://d2wbq7o4qxi60y.cloudfront.net/8941251231906/1-800.webp,8941251231906,Flared Fit Washed Jeans,['Blue'],Flared Fit,Plain,Cotton,1699.0,4.5,Jeans,https://www.snitch.com/men-jeans/washed-relaxed-fit-jeans-4msd4211-03/8941251231906/buy
00220.webp,https://d2wbq7o4qxi60y.cloudfront.net/9228861636770/1-800.webp,9228861636770,Slim Fit Stretch Jeans,['Blue'],Slim Fit,Plain,Cotton Blend,1999.0,4.1,Jeans,https://www.snitch.com/men-jeans/slim-fit-light-distressed-stretch-jeans-4msd4218-01/9228861636770/buy
00221.webp,https://d2wbq7o4qxi60y.cloudfront.net/9242085720226/1-800.webp,9242085720226,Bootcut Stretch Washed Jeans,['Blue'],Bootcut,Plain,Cotton Blend,2099.0,4.5,Jeans,https://www.snitch.com/men-jeans/stretch-washed-bootcut-jeans-4msd4226-04/9242085720226/buy
00222.webp,https://d2wbq7o4qxi60y.cloudfront.net/9237967995042/1-800.webp,9237967995042,Bootcut Stretch Jeans,['Black'],Bootcut,Plain,Cotton Blend,1999.0,4.5,Jeans,https://www.snitch.com/men-jeans/stretch-denim-regular-fit-jeans-4je082-01/9237967995042/buy
00223.webp,https://d2wbq7o4qxi60y.cloudfront.net/9243869020322/1-800.webp,9243869020322,Flared Fit Washed Jeans,['Blue'],Flared Fit,Plain,Cotton,1899.0,4.1,Jeans,https://www.snitch.com/men-jeans/denim-flared-fit-jeans-4msd4213-01/9243869020322/buy
00224.webp,https://d2wbq7o4qxi60y.cloudfront.net/9239406248098/1-800.webp,9239406248098,Slim Fit Stretch Washed Jeans,['Blue'],Slim Fit,Plain,Cotton Blend,1999.0,4.1,Jeans,https://www.snitch.com/men-jeans/washed-stretch-slim-fit-jeans-4je112-02/9239406248098/buy
00225.webp,https://d2wbq7o4qxi60y.cloudfront.net/9224471183522/1-800.webp,9224471183522,Baggy Washed Jeans,['Black'],Baggy Fit,Plain,Cotton,1999.0,4.1,Jeans,https://www.snitch.com/men-jeans/baggy-washed-jeans-4msd4209-07/9224471183522/buy
00226.webp,https://d2wbq7o4qxi60y.cloudfront.net/9165072662690/1-800.webp,9165072662690,Washed Straight Loose Fit Jeans,['Blue'],Loose Fit,Plain,Cotton,1899.0,4.3,Jeans,https://www.snitch.com/men-jeans/light-distressed-straight-loose-fit-jeans-4je087-02/9165072662690/buy
00227.webp,https://d2wbq7o4qxi60y.cloudfront.net/8928619823266/1-800.webp,8928619823266,Washed Super Baggy Jeans,['Grey'],Super Baggy Fit,Plain,Cotton,1999.0,4.4,Jeans,https://www.snitch.com/men-jeans/baggy-washed-jeans-4je041-02/8928619823266/buy
00228.webp,https://d2wbq7o4qxi60y.cloudfront.net/9237967700130/1-800.webp,9237967700130,Slim Fit Stretch Jeans,['Navy'],Slim Fit,Plain,Cotton Blend,1999.0,4.3,Jeans,https://www.snitch.com/men-jeans/stretch-acid-wash-slim-fit-jeans-4je110-02/9237967700130/buy
00229.webp,https://d2wbq7o4qxi60y.cloudfront.net/9002038263970/1-800.webp,9002038263970,Flared Fit Washed Jeans,['Grey'],Flared Fit,Plain,Cotton,1999.0,4.3,Jeans,https://www.snitch.com/men-jeans/flared-fit-washed-jeans-4msd4214-01/9002038263970/buy
00230.webp,https://d2wbq7o4qxi60y.cloudfront.net/9245319102626/1-800.webp,9245319102626,Washed Flared Fit Jeans,['Blue'],Flared Fit,Plain,Cotton,1899.0,4.3,Jeans,https://www.snitch.com/men-jeans/washed-flared-fit-jeans-4msd4213-03/9245319102626/buy
00231.webp,https://d2wbq7o4qxi60y.cloudfront.net/9237967732898/1-800.webp,9237967732898,Slim Fit Stretch Jeans,['Grey'],Slim Fit,Plain,Cotton Blend,1999.0,4.4,Jeans,https://www.snitch.com/men-jeans/stretch-acid-wash-slim-fit-jeans-4je110-03/9237967732898/buy
00232.webp,https://d2wbq7o4qxi60y.cloudfront.net/9237967765666/1-800.webp,9237967765666,Slim Fit Stretch Jeans,['Grey'],Slim Fit,Plain,Cotton Blend,1999.0,4.4,Jeans,https://www.snitch.com/men-jeans/stretch-acid-wash-slim-fit-jeans-4je110-04/9237967765666/buy
00233.webp,https://d2wbq7o4qxi60y.cloudfront.net/8368331096226/1-800.webp,8368331096226,Eirik Navy Skinny Fit Jeans,['Blue'],Skinny Fit,Distressed,Cotton Blend,1699.0,4.5,Jeans,https://www.snitch.com/men-jeans/eirik-navy-skinny-fit-jeans/8368331096226/buy
00234.webp,https://d2wbq7o4qxi60y.cloudfront.net/8951031890082/1-800.webp,8951031890082,Flared Fit Washed Jeans,['Blue'],Flared Fit,Plain,Cotton,1899.0,4.3,Jeans,https://www.snitch.com/men-jeans/washed-flared-fit-jeans-4msd4222-01/8951031890082/buy
00235.webp,https://d2wbq7o4qxi60y.cloudfront.net/9215839109282/1-800.webp,9215839109282,Flared Fit Washed Jeans,['Grey'],Flared Fit,Plain,Cotton,1899.0,4.3,Jeans,https://www.snitch.com/men-jeans/flared-fit-washed-jeans-4msd4221-02/9215839109282/buy
00236.webp,https://d2wbq7o4qxi60y.cloudfront.net/9215839010978/1-800.webp,9215839010978,Distressed Baggy Jeans,['Blue'],Baggy Fit,Distressed,Cotton,1999.0,4.3,Jeans,https://www.snitch.com/men-jeans/heavy-distressed-baggy-jeans-4je017-03/9215839010978/buy
00237.webp,https://d2wbq7o4qxi60y.cloudfront.net/8718266761378/1-800.webp,8718266761378,Knee Rip Baggy Jeans,['Black'],Baggy Fit,Distressed,Cotton,1614.0,4.7,Jeans,https://www.snitch.com/men-jeans/knee-rips-baggy-jeans-4msd4030-01/8718266761378/buy
00238.webp,https://cdn.shopify.com/s/files/1/0420/7073/7058/files/1_67c4f91d-3274-450b-9b87-f77e47bc77f2.jpg?v=1781627314,9252436017314,Slim Fit Stretch Jeans,['Olive'],Slim Fit,Plain,Cotton Blend,1999.0,4.3,Jeans,https://www.snitch.com/men-jeans/stretch-washed-slim-fit-jeans-4je035-03/9252436017314/buy
00239.webp,https://d2wbq7o4qxi60y.cloudfront.net/8578451079330/1-800.webp,8578451079330,Rust Baggy Fit Cargo Jeans,['Rust'],Baggy Fit,Clean Look,Cotton,1436.0,4.6,Jeans,https://www.snitch.com/men-jeans/rust-baggy-fit-cargo-jeans-4msd3654-05/8578451079330/buy
00240.webp,https://d2wbq7o4qxi60y.cloudfront.net/9243868856482/1-800.webp,9243868856482,Slim Fit Stretch Jeans,['Blue'],Slim Fit,Plain,Cotton Blend,1899.0,4.1,Jeans,https://www.snitch.com/men-jeans/slim-fit-washed-stretch-jeans-4je067-01/9243868856482/buy
00241.webp,https://d2wbq7o4qxi60y.cloudfront.net/9243483340962/1-800.webp,9243483340962,Slim Fit Stretch Washed Jeans,['Grey'],Slim Fit,Plain,Cotton Blend,1999.0,4.4,Jeans,https://www.snitch.com/men-jeans/acid-wash-stretch-slim-fit-jeans-4je112-03/9243483340962/buy
00242.webp,https://d2wbq7o4qxi60y.cloudfront.net/8951031922850/1-800.webp,8951031922850,Flared Fit Washed Jeans,['Blue'],Flared Fit,Plain,Cotton,1899.0,4.4,Jeans,https://www.snitch.com/men-jeans/washed-flared-fit-jeans-4msd4222-02/8951031922850/buy
00243.webp,https://d2wbq7o4qxi60y.cloudfront.net/9224476328098/1-800.webp,9224476328098,Slim Fit Stretch Washed Jeans,['Blue'],Slim Fit,Plain,Cotton Blend,1899.0,4.3,Jeans,https://www.snitch.com/men-jeans/washed-slim-fit-stretch-jeans-4je034-02/9224476328098/buy
00244.webp,https://d2wbq7o4qxi60y.cloudfront.net/9245318906018/1-800.webp,9245318906018,Slim Fit Stretch Jeans,['Black'],Slim Fit,Plain,Cotton Blend,1899.0,4.4,Jeans,https://www.snitch.com/men-jeans/slim-fit-washed-stretch-jeans-4je067-05/9245318906018/buy
00245.webp,https://d2wbq7o4qxi60y.cloudfront.net/9233081335970/1-800.webp,9233081335970,Balloon Fit Carpenter Jeans,['Blue'],Balloon Fit,Plain,Cotton,1899.0,4.6,Jeans,https://www.snitch.com/men-jeans/acid-wash-relaxed-fit-jeans-4msd4145-03/9233081335970/buy
00246.webp,https://d2wbq7o4qxi60y.cloudfront.net/9232402579618/1-800.webp,9232402579618,Baggy Washed Jeans,['Black'],Baggy Fit,Plain,Cotton,1999.0,4.3,Jeans,https://www.snitch.com/men-jeans/baggy-washed-jeans-4msd4209-08/9232402579618/buy
00247.webp,https://d2wbq7o4qxi60y.cloudfront.net/8934113509538/1-800.webp,8934113509538,Flared Fit Washed Jeans,['Blue'],Flared Fit,Plain,Cotton,1699.0,4.2,Jeans,https://www.snitch.com/men-jeans/acid-wash-flared-fit-jeans-4msd4211-02/8934113509538/buy
00248.webp,https://d2wbq7o4qxi60y.cloudfront.net/9224471019682/1-800.webp,9224471019682,Washed Baggy Jeans,['Black'],Baggy Fit,Plain,Cotton,1999.0,4.4,Jeans,https://www.snitch.com/men-jeans/washed-baggy-jeans-4je006-04/9224471019682/buy
00249.webp,https://d2wbq7o4qxi60y.cloudfront.net/9243868922018/1-800.webp,9243868922018,Balloon Fit Knee Ripped Jeans,['Blue'],Balloon Fit,Distressed,Cotton,1999.0,4.4,Jeans,https://www.snitch.com/men-jeans/knee-rips-balloon-fit-jeans-4je028-05/9243868922018/buy
00250.webp,https://d2wbq7o4qxi60y.cloudfront.net/7465479864482/1-800.webp,7465479864482,Grunge Blue Bootcut,['Blue'],Bootcut,Plain,Cotton Blend,1689.0,4.5,Jeans,https://www.snitch.com/men-jeans/grunge-blue-bootcut/7465479864482/buy
00251.webp,https://d2wbq7o4qxi60y.cloudfront.net/9245318938786/1-800.webp,9245318938786,Slim Fit Stretch Jeans,['Navy'],Slim Fit,Plain,Cotton Blend,1899.0,4.3,Jeans,https://www.snitch.com/men-jeans/slim-fit-washed-stretch-jeans-4je067-04/9245318938786/buy
00252.webp,https://d2wbq7o4qxi60y.cloudfront.net/9233081467042/1-800.webp,9233081467042,Flared Fit Washed Jeans,['Blue'],Flared Fit,Plain,Cotton,1899.0,4.4,Jeans,https://www.snitch.com/men-jeans/denim-flared-fit-jeans-4je015-05/9233081467042/buy
00253.webp,https://cdn.shopify.com/s/files/1/0420/7073/7058/files/1_213b52fc-2c76-467d-94ed-c165d0ca2c35.jpg?v=1781716775,9253423808674,Slim Fit Stretch Jeans,['Grey'],Slim Fit,Plain,Cotton Blend,1999.0,4.4,Jeans,https://www.snitch.com/men-jeans/stretch-denim-slim-fit-jeans-4je035-01/9253423808674/buy
00254.webp,https://d2wbq7o4qxi60y.cloudfront.net/9228861669538/1-800.webp,9228861669538,Slim Fit Stretch Jeans,['Blue'],Slim Fit,Plain,Cotton Blend,1999.0,4.5,Jeans,https://www.snitch.com/men-jeans/slim-fit-light-distressed-stretch-jeans-4msd4218-02/9228861669538/buy
00255.webp,https://d2wbq7o4qxi60y.cloudfront.net/9243868889250/1-800.webp,9243868889250,Slim Fit Stretch Jeans,['Blue'],Slim Fit,Plain,Cotton Blend,1899.0,4.4,Jeans,https://www.snitch.com/men-jeans/slim-fit-washed-stretch-jeans-4je067-03/9243868889250/buy
00256.webp,https://d2wbq7o4qxi60y.cloudfront.net/9222065946786/1-800.webp,9222065946786,Paneled Distressed Baggy Jeans,['Blue'],Baggy Fit,Distressed,Cotton,1999.0,4.4,Jeans,https://www.snitch.com/men-jeans/heavy-distressed-baggy-jeans-4msd4125-02/9222065946786/buy
00257.webp,https://d2wbq7o4qxi60y.cloudfront.net/8882045124770/1-800.webp,8882045124770,Relaxed Fit Washed Jeans,['Navy'],Relaxed Fit,Distressed,Cotton,1259.0,4.5,Jeans,https://www.snitch.com/men-jeans/relaxed-fit-washed-jeans-4msd4195-04/8882045124770/buy
00258.webp,https://d2wbq7o4qxi60y.cloudfront.net/7892399980706/1-800.webp,7892399980706,Boozy Grunge Blue Baggy Fit Jeans,['Dark Blue'],Baggy Fit,Distressed,Cotton,1444.0,4.4,Jeans,https://www.snitch.com/men-jeans/boozy-grunge-blue-baggy-fit-jeans/7892399980706/buy
00259.webp,https://d2wbq7o4qxi60y.cloudfront.net/9214310940834/1-800.webp,9214310940834,Slim-fit Stretch Washed Jeans,['Grey'],Slim Fit,Plain,Cotton Blend,2099.0,4.3,Jeans,https://www.snitch.com/men-jeans/slim-fit-light-distressed-stretch-jeans-4je036-04/9214310940834/buy
00260.webp,https://d2wbq7o4qxi60y.cloudfront.net/9239406313634/1-800.webp,9239406313634,Slim Fit Stretch Washed Jeans,['Grey'],Slim Fit,Plain,Cotton Blend,1999.0,4.2,Jeans,https://www.snitch.com/men-jeans/washed-stretch-slim-fit-jeans-4je112-04/9239406313634/buy
00261.webp,https://d2wbq7o4qxi60y.cloudfront.net/8915800653986/1-800.webp,8915800653986,Slim Fit Stretch Jeans,['Blue'],Slim Fit,Plain,Cotton Blend,1699.0,4.4,Jeans,https://www.snitch.com/men-jeans/slim-fit-denim-stretch-jeans-4msd4104-02/8915800653986/buy
00262.webp,https://d2wbq7o4qxi60y.cloudfront.net/9228861571234/1-800.webp,9228861571234,Flared Fit Washed Jeans,['Blue'],Flared Fit,Plain,Cotton,1899.0,4.3,Jeans,https://www.snitch.com/men-jeans/light-distressed-flared-fit-jeans-4je015-02/9228861571234/buy
00263.webp,https://d2wbq7o4qxi60y.cloudfront.net/9238485500066/1-800.webp,9238485500066,Relaxed Fit Washed Jeans,['Navy'],Relaxed Fit,Plain,Cotton,1999.0,4.2,Jeans,https://www.snitch.com/men-jeans/relaxed-fit-washed-jeans-4msd4227-02/9238485500066/buy
00264.webp,https://d2wbq7o4qxi60y.cloudfront.net/9237967929506/1-800.webp,9237967929506,Relaxed Fit Washed Jeans,['Blue'],Relaxed Fit,Plain,Cotton,1999.0,4.6,Jeans,https://www.snitch.com/men-jeans/relaxed-fit-washed-jeans-4msd4227-04/9237967929506/buy
00265.webp,https://d2wbq7o4qxi60y.cloudfront.net/9224473837730/1-800.webp,9224473837730,Slim Fit Stretch Washed Jeans,['Blue'],Slim Fit,Plain,Cotton Blend,1999.0,4.2,Jeans,https://www.snitch.com/men-jeans/slim-fit-stretch-washed-jeans-4je111-03/9224473837730/buy
00266.webp,https://d2wbq7o4qxi60y.cloudfront.net/9224470986914/1-800.webp,9224470986914,Washed Baggy Jeans,['Black'],Baggy Fit,Plain,Cotton,1999.0,4.2,Jeans,https://www.snitch.com/men-jeans/washed-baggy-jeans-4je006-03/9224470986914/buy
00267.webp,https://d2wbq7o4qxi60y.cloudfront.net/9002038395042/1-800.webp,9002038395042,Flared Fit Washed Jeans,['Black'],Flared Fit,Plain,Cotton,1899.0,4.3,Jeans,https://www.snitch.com/men-jeans/denim-flared-fit-jeans-4je031-03/9002038395042/buy
00268.webp,https://d2wbq7o4qxi60y.cloudfront.net/9228861735074/1-800.webp,9228861735074,Slim Fit Stretch Washed Jeans,['Grey'],Slim Fit,Plain,Cotton Blend,1999.0,4.4,Jeans,https://www.snitch.com/men-jeans/slim-fit-stretch-light-distressed-jeans-4je111-04/9228861735074/buy
00269.webp,https://d2wbq7o4qxi60y.cloudfront.net/9233081565346/1-800.webp,9233081565346,Knee Ripped Baggy Jeans,['Blue'],Baggy Fit,Distressed,Cotton,1999.0,4.2,Jeans,https://www.snitch.com/men-jeans/knee-rips-baggy-jeans-4je017-06/9233081565346/buy
00270.webp,https://d2wbq7o4qxi60y.cloudfront.net/9215839043746/1-800.webp,9215839043746,Knee Ripped Baggy Jeans,['Grey'],Baggy Fit,Distressed,Cotton,1999.0,4.4,Jeans,https://www.snitch.com/men-jeans/heavy-distressed-baggy-jeans-4je017-05/9215839043746/buy
00271.webp,https://d2wbq7o4qxi60y.cloudfront.net/8954500055202/1-800.webp,8954500055202,Slim-fit Stretch Washed Jeans,['Blue'],Slim Fit,Plain,Cotton Blend,1899.0,4.5,Jeans,https://www.snitch.com/men-jeans/slim-fit-denim-stretch-jeans-4je036-02/8954500055202/buy
00272.webp,https://d2wbq7o4qxi60y.cloudfront.net/9235522125986/1-800.webp,9235522125986,Washed Baggy Jeans,['Grey'],Baggy Fit,Plain,Cotton,1999.0,4.1,Jeans,https://www.snitch.com/men-jeans/acid-wash-baggy-jeans-4je006-01/9235522125986/buy
00273.webp,https://d2wbq7o4qxi60y.cloudfront.net/8896658505890/1-800.webp,8896658505890,GRIND Knee Patch Baggy Biker Jeans,['Blue'],Baggy Fit,Textured,Cotton,1784.0,4.3,Jeans,https://www.snitch.com/men-jeans/textured-baggy-jeans-4msd4136-01/8896658505890/buy
00274.webp,https://d2wbq7o4qxi60y.cloudfront.net/8954500153506/1-800.webp,8954500153506,Slim Fit Stretch Washed Jeans,['Blue'],Slim Fit,Plain,Cotton Blend,1899.0,4.5,Jeans,https://www.snitch.com/men-jeans/washed-slim-fit-stretch-jeans-4je034-01/8954500153506/buy
00275.webp,https://d2wbq7o4qxi60y.cloudfront.net/9235522060450/1-800.webp,9235522060450,Straight Fit Washed Jeans,['Blue'],Straight Fit,Plain,Cotton,1999.0,4.3,Jeans,https://www.snitch.com/men-jeans/straight-fit-washed-jeans-4je120-04/9235522060450/buy
00276.webp,https://d2wbq7o4qxi60y.cloudfront.net/9246672191650/1-800.webp,9246672191650,Slim Fit Stretch Jeans,['Beige'],Slim Fit,Plain,Cotton Blend,1999.0,4.2,Jeans,https://www.snitch.com/men-jeans/stretch-denim-slim-fit-jeans-4je035-02/9246672191650/buy
00277.webp,https://d2wbq7o4qxi60y.cloudfront.net/9228861800610/1-800.webp,9228861800610,Balloon Fit Carpenter Jeans,['Blue'],Wide Leg,Plain,Cotton,1899.0,4.5,Jeans,https://www.snitch.com/men-jeans/washed-balloon-fit-jeans-4msd4145-02/9228861800610/buy
00278.webp,https://d2wbq7o4qxi60y.cloudfront.net/8896658571426/1-800.webp,8896658571426,GRIND Knee Patch Baggy Biker Jeans,['Black'],Baggy Fit,Textured,Cotton,1784.0,4.8,Jeans,https://www.snitch.com/men-jeans/textured-baggy-jeans-4msd4136-02/8896658571426/buy
00279.webp,https://d2wbq7o4qxi60y.cloudfront.net/8951031726242/1-800.webp,8951031726242,Flared Fit Washed Jeans,['Black'],Flared Fit,Plain,Cotton,1699.0,4.5,Jeans,https://www.snitch.com/men-jeans/denim-flared-fit-jeans-4msd4211-04/8951031726242/buy
00280.webp,https://d2wbq7o4qxi60y.cloudfront.net/9242085458082/1-800.webp,9242085458082,Washed Balloon Fit Jeans,['Blue'],Balloon Fit,Plain,Cotton,1999.0,4.3,Jeans,https://www.snitch.com/men-jeans/washed-balloon-fit-jeans-4je028-01/9242085458082/buy
00281.webp,https://d2wbq7o4qxi60y.cloudfront.net/9232402546850/1-800.webp,9232402546850,Flared Fit Washed Jeans,['Black'],Flared Fit,Plain,Cotton,1899.0,4.3,Jeans,https://www.snitch.com/men-jeans/washed-flared-fit-jeans-4je031-02/9232402546850/buy
00282.webp,https://d2wbq7o4qxi60y.cloudfront.net/9224470921378/1-800.webp,9224470921378,Slim Fit Stretch Washed Jeans,['Blue'],Slim Fit,Plain,Cotton Blend,1999.0,4.5,Jeans,https://www.snitch.com/men-jeans/slim-fit-stretch-washed-jeans-4je111-02/9224470921378/buy
00283.webp,https://d2wbq7o4qxi60y.cloudfront.net/9243483472034/1-800.webp,9243483472034,Bootcut Stretch Washed Jeans,['Blue'],Bootcut,Plain,Cotton Blend,2099.0,4.5,Jeans,https://www.snitch.com/men-jeans/stretch-washed-bootcut-jeans-4msd4226-02/9243483472034/buy
00284.webp,https://d2wbq7o4qxi60y.cloudfront.net/9246672027810/1-800.webp,9246672027810,Washed Balloon Fit Jeans,['Blue'],Relaxed Fit,Plain,Cotton,1999.0,4.3,Jeans,https://www.snitch.com/men-jeans/denim-balloon-fit-jeans-4je028-03/9246672027810/buy
00285.webp,https://d2wbq7o4qxi60y.cloudfront.net/9215839076514/1-800.webp,9215839076514,Slim Fit Stretch Washed Jeans,['Blue'],Slim Fit,Plain,Cotton Blend,1899.0,4.3,Jeans,https://www.snitch.com/men-jeans/light-distressed-slim-fit-stretch-jeans-4je086-01/9215839076514/buy
00286.webp,https://d2wbq7o4qxi60y.cloudfront.net/9224470954146/1-800.webp,9224470954146,Slim Fit Stretch Washed Jeans,['Black'],Slim Fit,Plain,Cotton Blend,1999.0,4.4,Jeans,https://www.snitch.com/men-jeans/slim-fit-stretch-washed-jeans-4je111-05/9224470954146/buy
00287.webp,https://d2wbq7o4qxi60y.cloudfront.net/8896658440354/1-800.webp,8896658440354,Super Baggy Washed Jeans,['Blue'],Super Baggy Fit,Plain,Cotton,1614.0,4.5,Jeans,https://www.snitch.com/men-jeans/baggy-denim-jeans-4msd4205-01/8896658440354/buy
00288.webp,https://d2wbq7o4qxi60y.cloudfront.net/9002038329506/1-800.webp,9002038329506,Washed Straight Loose Fit Jeans,['Black'],Loose Fit,Plain,Cotton,1899.0,4.4,Jeans,https://www.snitch.com/men-jeans/denim-straight-loose-fit-jeans-4je087-04/9002038329506/buy
00289.webp,https://d2wbq7o4qxi60y.cloudfront.net/9237967667362/1-800.webp,9237967667362,Slim Fit Stretch Jeans,['Blue'],Slim Fit,Plain,Cotton Blend,1999.0,4.3,Jeans,https://www.snitch.com/men-jeans/stretch-acid-wash-slim-fit-jeans-4je110-01/9237967667362/buy
00290.webp,https://d2wbq7o4qxi60y.cloudfront.net/8930526494882/1-800.webp,8930526494882,Washed Super Baggy Jeans,['Blue'],Super Baggy Fit,Plain,Cotton,1999.0,4.2,Jeans,https://www.snitch.com/men-jeans/baggy-washed-jeans-4je041-01/8930526494882/buy
00291.webp,https://d2wbq7o4qxi60y.cloudfront.net/9243868954786/1-800.webp,9243868954786,Flared Fit Washed Jeans,['Blue'],Flared Fit,Plain,Cotton,1899.0,4.4,Jeans,https://www.snitch.com/men-jeans/washed-flared-fit-jeans-4je015-04/9243868954786/buy
00292.webp,https://d2wbq7o4qxi60y.cloudfront.net/9212182692002/1-800.webp,9212182692002,Straight Loose Fit Washed Jeans,['Grey'],Straight Loose Fit,Plain,Cotton,1899.0,4.3,Jeans,https://www.snitch.com/men-jeans/ombre-dyed-straight-loose-fit-jeans-4je070-05/9212182692002/buy
00293.webp,https://d2wbq7o4qxi60y.cloudfront.net/9228861505698/1-800.webp,9228861505698,Bootcut Stretch Washed Jeans,['Grey'],Bootcut,Plain,Cotton Blend,1999.0,4.5,Jeans,https://www.snitch.com/men-jeans/slim-fit-light-distressed-stretch-jeans-4je113-05/9228861505698/buy
00294.webp,https://d2wbq7o4qxi60y.cloudfront.net/9242085621922/1-800.webp,9242085621922,Slim Fit Stretch Washed Jeans,['Blue'],Slim Fit,Plain,Cotton Blend,1999.0,4.2,Jeans,https://www.snitch.com/men-jeans/washed-stretch-slim-fit-jeans-4je112-01/9242085621922/buy
00295.webp,https://d2wbq7o4qxi60y.cloudfront.net/8224437698722/1-800.webp,8224437698722,Refined Blue Relaxed Fit Jeans,['Blue'],Relaxed Fit,Plain,Cotton,1599.0,4.4,Jeans,https://www.snitch.com/men-jeans/refined-blue-relaxed-fit-jeans/8224437698722/buy
00296.webp,https://d2wbq7o4qxi60y.cloudfront.net/8902166118562/1-800.webp,8902166118562,Super Baggy Washed Jeans,['Blue'],Super Baggy Fit,Plain,Cotton,1614.0,4.7,Jeans,https://www.snitch.com/men-jeans/baggy-washed-jeans-4msd4205-02/8902166118562/buy
00297.webp,https://d2wbq7o4qxi60y.cloudfront.net/9233081532578/1-800.webp,9233081532578,Straight Fit Knee Ripped Jeans,['Blue'],Straight Fit,Distressed,Cotton,1999.0,4.5,Jeans,https://www.snitch.com/men-jeans/straight-fit-knee-rips-jeans-4je005-02/9233081532578/buy
00298.webp,https://d2wbq7o4qxi60y.cloudfront.net/8909399064738/1-800.webp,8909399064738,Baggy Washed Jeans,['Blue'],Baggy Fit,Plain,Cotton,1699.0,4.2,Jeans,https://www.snitch.com/men-jeans/baggy-washed-jeans-4je010-01/8909399064738/buy
00299.webp,https://d2wbq7o4qxi60y.cloudfront.net/8951245602978/1-800.webp,8951245602978,Washed Baggy Jeans,['Blue'],Baggy Fit,Plain,Cotton,1699.0,4.3,Jeans,https://www.snitch.com/men-jeans/denim-baggy-jeans-4msd4127-03/8951245602978/buy
00300.webp,https://d2wbq7o4qxi60y.cloudfront.net/9238486778018/1-800.webp,9238486778018,Baggy Stretch Pleated Trousers,['Black'],Baggy Fit,Textured,Poly Blend,1999.0,4.2,Trousers,https://www.snitch.com/men-trousers/textured-stretch-baggy-trousers-4tr012-04/9238486778018/buy
00301.webp,https://d2wbq7o4qxi60y.cloudfront.net/9228862914722/1-800.webp,9228862914722,Bellbottom Stretch Trousers,['Black'],Bellbottom Fit,Plain,Poly Blend,1999.0,4.6,Trousers,https://www.snitch.com/men-trousers/stretch-bellbottom-fit-textured-trousers-4tr007-04/9228862914722/buy
00302.webp,https://d2wbq7o4qxi60y.cloudfront.net/9224475213986/1-800.webp,9224475213986,Off White Loose Fit Sweatpants,['Off White'],Loose Fit,Plain,Cotton Blend,1599.0,4.5,Trousers,https://www.snitch.com/men-trousers/loose-fit-washed-trousers-4j0002-03/9224475213986/buy
00303.webp,https://d2wbq7o4qxi60y.cloudfront.net/8533627895970/1-800.webp,8533627895970,Black Slim Fit Stretch Trousers,['Black'],Slim Fit,Plain,Poly Blend,1499.0,4.5,Trousers,https://www.snitch.com/men-trousers/black-slim-fit-stretch-trousers-4msr5194-03/8533627895970/buy
00304.webp,https://d2wbq7o4qxi60y.cloudfront.net/8533627732130/1-800.webp,8533627732130,Beige Slim Fit Stretch Trousers,['Beige'],Slim Fit,Plain,Poly Blend,1499.0,4.5,Trousers,https://www.snitch.com/men-trousers/beige-slim-fit-stretch-trousers-4msr5194-01/8533627732130/buy
00305.webp,https://d2wbq7o4qxi60y.cloudfront.net/8486617677986/1-800.webp,8486617677986,Black Slit Ankle Pants,['Black'],Relaxed Fit,Plain,Poly Blend,1409.0,4.4,Trousers,https://www.snitch.com/men-trousers/black-slit-ankle-pants-4msr5162-04/8486617677986/buy
00306.webp,https://d2wbq7o4qxi60y.cloudfront.net/8351833686178/1-800.webp,8351833686178,Nova Beige Linen Blend Trouser,['Beige'],Regular Fit,Plain,Cotton Blend,1499.0,4.4,Trousers,https://www.snitch.com/men-trousers/nova-beige-linen-blend-trouser/8351833686178/buy
00307.webp,https://d2wbq7o4qxi60y.cloudfront.net/8941251133602/1-800.webp,8941251133602,Regular Fit Stretch Chinos,['Beige'],Regular Fit,Plain,Cotton Blend,1679.0,4.2,Trousers,https://www.snitch.com/men-trousers/stretch-regular-fit-washed-chinos-4ch004-01/8941251133602/buy
00308.webp,https://d2wbq7o4qxi60y.cloudfront.net/8860920676514/1-800.webp,8860920676514,Relaxed Fit Stretch Trousers,['Black'],Relaxed Fit,Plain,Nylon Blend,1759.0,4.9,Trousers,https://www.snitch.com/men-trousers/stretch-relaxed-fit-trousers-4msr5495-05/8860920676514/buy
00309.webp,https://d2wbq7o4qxi60y.cloudfront.net/8488883880098/1-800.webp,8488883880098,Umber Brown Slit Ankle Pants,['Brown'],Relaxed Fit,Plain,Poly Blend,1499.0,4.4,Trousers,https://www.snitch.com/men-trousers/umber-brown-slit-ankle-pants-4msr5162-01/8488883880098/buy
00310.webp,https://d2wbq7o4qxi60y.cloudfront.net/8518182895778/1-800.webp,8518182895778,Army Green Slim Fit Trousers,['Green'],Slim Fit,Plain,Cotton Blend,1399.0,4.5,Trousers,https://www.snitch.com/men-trousers/olive-slim-fit-trousers-4msr5168-06/8518182895778/buy
00311.webp,https://d2wbq7o4qxi60y.cloudfront.net/9165753712802/1-800.webp,9165753712802,Regular Fit Stretch Trousers,['Black'],Regular Fit,Plain,Poly Blend,1999.0,4.5,Trousers,https://www.snitch.com/men-trousers/textured-stretch-regular-fit-trousers-4tr006-04/9165753712802/buy
00312.webp,https://d2wbq7o4qxi60y.cloudfront.net/9165735755938/1-800.webp,9165735755938,Regular Fit Stretch Trousers,['Beige'],Regular Fit,Plain,Poly Blend,1999.0,4.4,Trousers,https://www.snitch.com/men-trousers/textured-stretch-regular-fit-trousers-4tr006-01/9165735755938/buy
00313.webp,https://d2wbq7o4qxi60y.cloudfront.net/8518183354530/1-800.webp,8518183354530,Olive Slim Fit Trousers,['Olive'],Slim Fit,Plain,Cotton Blend,1359.0,4.5,Trousers,https://www.snitch.com/men-trousers/dark-brown-slim-fit-trousers-4msr5168-08/8518183354530/buy
00314.webp,https://d2wbq7o4qxi60y.cloudfront.net/8954499793058/1-800.webp,8954499793058,Slim Fit Stretch Chinos,['Beige'],Slim Fit,Textured,Cotton Blend,1599.0,4.2,Trousers,https://www.snitch.com/men-trousers/stretch-slim-fit-textured-five-pockets-chinos-4ch023-01/8954499793058/buy
00315.webp,https://d2wbq7o4qxi60y.cloudfront.net/8918342467746/1-800.webp,8918342467746,Regular Fit Stretch Trousers,['Black'],Regular Fit,Plain,Cotton Blend,1529.0,4.4,Trousers,https://www.snitch.com/men-trousers/stretch-regular-fit-trousers-4msr5535-03/8918342467746/buy
00316.webp,https://d2wbq7o4qxi60y.cloudfront.net/8518184599714/1-800.webp,8518184599714,Black Slim Fit Trousers,['Black'],Slim Fit,Plain,Cotton Blend,1439.0,4.5,Trousers,https://www.snitch.com/men-trousers/black-slim-fit-trousers-4msr5168-10/8518184599714/buy
00317.webp,https://d2wbq7o4qxi60y.cloudfront.net/9245320315042/1-800.webp,9245320315042,Cotton Linen Relaxed Fit Trousers,['Off White'],Relaxed Fit,Plain,Cotton Blend,2099.0,4.5,Trousers,https://www.snitch.com/men-trousers/washed-linen-blend-relaxed-fit-trousers-4tr024-01/9245320315042/buy
00318.webp,https://d2wbq7o4qxi60y.cloudfront.net/9228862947490/1-800.webp,9228862947490,Grey Loose Fit Sweatpants,['Grey'],Loose Fit,Textured,Cotton Blend,1599.0,4.5,Trousers,https://www.snitch.com/men-trousers/loose-fit-textured-trousers-4j0002-01/9228862947490/buy
00319.webp,https://d2wbq7o4qxi60y.cloudfront.net/8951033528482/1-800.webp,8951033528482,Regular Fit Stretch Trousers,['Olive'],Regular Fit,Plain,Poly Blend,1999.0,4.3,Trousers,https://www.snitch.com/men-trousers/textured-stretch-regular-fit-trousers-4tr006-02/8951033528482/buy
00320.webp,https://d2wbq7o4qxi60y.cloudfront.net/8944667525282/1-800.webp,8944667525282,Cream Baggy Stretch Chinos,['Cream'],Baggy Fit,Plain,Cotton Blend,1799.0,4.6,Trousers,https://www.snitch.com/men-trousers/baggy-textured-stretch-chinos-4ch005-01/8944667525282/buy
00321.webp,https://d2wbq7o4qxi60y.cloudfront.net/9212182626466/1-800.webp,9212182626466,Slim Fit Stretch Chinos,['Black'],Slim Fit,Plain,Cotton Blend,1599.0,4.3,Trousers,https://www.snitch.com/men-trousers/stretch-slim-fit-washed-five-pockets-chinos-4ch023-04/9212182626466/buy
00322.webp,https://d2wbq7o4qxi60y.cloudfront.net/9233083990178/1-800.webp,9233083990178,Slim Fit Stretch Trousers,['Black'],Slim Fit,Plain,Poly Blend,1499.0,4.3,Trousers,https://www.snitch.com/men-trousers/self-design-stretch-slim-fit-trousers-mp-4tr027-06/9233083990178/buy
00323.webp,https://d2wbq7o4qxi60y.cloudfront.net/8726422421666/1-800.webp,8726422421666,Beige Baggy Parachute Pants,['Beige'],Baggy Fit,Plain,Polyester,1912.0,4.8,Trousers,https://www.snitch.com/men-trousers/beige-baggy-trousers-4msr5347-03/8726422421666/buy
00324.webp,https://d2wbq7o4qxi60y.cloudfront.net/8951245275298/1-800.webp,8951245275298,Slim Fit Stretch Pleated Chinos,['Black'],Slim Fit,Plain,Cotton Blend,1799.0,4.1,Trousers,https://www.snitch.com/men-trousers/stretch-slim-fit-five-pockets-washed-chinos-4ch002-05/8951245275298/buy
00325.webp,https://d2wbq7o4qxi60y.cloudfront.net/8951245176994/1-800.webp,8951245176994,Black Baggy Stretch Chinos,['Black'],Baggy Fit,Plain,Cotton Blend,1439.0,4.5,Trousers,https://www.snitch.com/men-trousers/baggy-washed-stretch-chinos-4ch005-06/8951245176994/buy
00326.webp,https://d2wbq7o4qxi60y.cloudfront.net/8951033594018/1-800.webp,8951033594018,Regular Fit Stretch Trousers,['Navy'],Regular Fit,Plain,Poly Blend,1999.0,4.2,Trousers,https://www.snitch.com/men-trousers/textured-stretch-regular-fit-trousers-4tr006-03/8951033594018/buy
00327.webp,https://d2wbq7o4qxi60y.cloudfront.net/9228862980258/1-800.webp,9228862980258,Black Loose Fit Sweatpants,['Black'],Loose Fit,Textured,Cotton Blend,1599.0,4.4,Trousers,https://www.snitch.com/men-trousers/loose-fit-textured-trousers-4j0002-02/9228862980258/buy
00328.webp,https://d2wbq7o4qxi60y.cloudfront.net/8951245078690/1-800.webp,8951245078690,Navy Baggy Stretch Chinos,['Navy'],Baggy Fit,Plain,Cotton Blend,1119.0,4.4,Trousers,https://www.snitch.com/men-trousers/baggy-washed-stretch-chinos-4ch005-03/8951245078690/buy
00329.webp,https://d2wbq7o4qxi60y.cloudfront.net/8909400211618/1-800.webp,8909400211618,Relaxed Fit Stretch Stripes Trousers,['Black'],Relaxed Fit,Stripes,Cotton Blend,1279.0,4.5,Trousers,https://www.snitch.com/men-trousers/relaxed-fit-stripes-stretch-trousers-4msr5536-03/8909400211618/buy
00330.webp,https://d2wbq7o4qxi60y.cloudfront.net/8915801997474/1-800.webp,8915801997474,Relaxed Fit Stretch Stripes Trousers,['Beige'],Relaxed Fit,Stripes,Cotton Blend,1119.0,4.4,Trousers,https://www.snitch.com/men-trousers/relaxed-fit-stripes-stretch-trousers-4msr5536-04/8915801997474/buy
00331.webp,https://d2wbq7o4qxi60y.cloudfront.net/8889035849890/1-800.webp,8889035849890,Relaxed Fit Linen Blend Trousers,['Off White'],Relaxed Fit,Plain,Linen Blend,1799.0,4.4,Trousers,https://www.snitch.com/men-trousers/relaxed-fit-linen-blend-trousers-4msr5522-01/8889035849890/buy
00332.webp,https://d2wbq7o4qxi60y.cloudfront.net/9233083957410/1-800.webp,9233083957410,Slim Fit Stretch Trousers,['Navy'],Slim Fit,Plain,Poly Blend,1499.0,4.1,Trousers,https://www.snitch.com/men-trousers/self-design-stretch-slim-fit-trousers-mp-4tr027-05/9233083957410/buy
00333.webp,https://d2wbq7o4qxi60y.cloudfront.net/8944667328674/1-800.webp,8944667328674,Slim Fit Stretch Pleated Chinos,['Beige'],Slim Fit,Plain,Cotton Blend,1799.0,4.4,Trousers,https://www.snitch.com/men-trousers/slim-fit-stretch-washed-chinos-4ch002-01/8944667328674/buy
00334.webp,https://d2wbq7o4qxi60y.cloudfront.net/9239405920418/1-800.webp,9239405920418,Linen Blend Relaxed Fit Chinos,['Black'],Custom Relaxed Fit,Plain,Cotton Blend,1699.0,4.4,Trousers,https://www.snitch.com/men-trousers/relaxed-fit-linen-blend-washed-chinos-4ch020-01/9239405920418/buy
00335.webp,https://d2wbq7o4qxi60y.cloudfront.net/9235524026530/1-800.webp,9235524026530,Olive Loose Fit Sweatpants,['Olive'],Relaxed Fit,Textured,Cotton Blend,1599.0,4.2,Trousers,https://www.snitch.com/men-trousers/loose-fit-textured-trousers-4j0002-04/9235524026530/buy
00336.webp,https://d2wbq7o4qxi60y.cloudfront.net/8951245308066/1-800.webp,8951245308066,Slim Fit Stretch Pleated Chinos,['Navy'],Slim Fit,Plain,Cotton Blend,1799.0,4.5,Trousers,https://www.snitch.com/men-trousers/stretch-slim-fit-five-pockets-washed-chinos-4ch002-06/8951245308066/buy
00337.webp,https://d2wbq7o4qxi60y.cloudfront.net/9223561576610/1-800.webp,9223561576610,Linen Blend Relaxed Fit Trousers,['Off White'],Relaxed Fit,Textured,Cotton Blend,1899.0,4.6,Trousers,https://www.snitch.com/men-trousers/relaxed-fit-linen-blend-textured-track-pants-4jo006-01/9223561576610/buy
00338.webp,https://d2wbq7o4qxi60y.cloudfront.net/9243484618914/1-800.webp,9243484618914,Baggy Stretch Pleated Trousers,['Navy'],Baggy Fit,Plain,Poly Blend,1999.0,4.1,Trousers,https://www.snitch.com/men-trousers/washed-stretch-baggy-trousers-4tr012-03/9243484618914/buy
00339.webp,https://d2wbq7o4qxi60y.cloudfront.net/9223561740450/1-800.webp,9223561740450,Regular Fit Stretch Trousers,['Grey'],Custom Regular Fit,Plain,Cotton Blend,1899.0,4.3,Trousers,https://www.snitch.com/men-trousers/washed-stretch-regular-fit-trousers-4tr033-06/9223561740450/buy
00340.webp,https://d2wbq7o4qxi60y.cloudfront.net/8726422225058/1-800.webp,8726422225058,Black Baggy Parachute Pants,['Black'],Baggy Fit,Plain,Polyester,1912.0,5.0,Trousers,https://www.snitch.com/men-trousers/black-baggy-trousers-4msr5347-01/8726422225058/buy
00341.webp,https://d2wbq7o4qxi60y.cloudfront.net/9235523829922/1-800.webp,9235523829922,Slim Fit Stretch Pleated Trousers,['Black'],Slim Fit,Plain,Poly Blend,1999.0,4.3,Trousers,https://www.snitch.com/men-trousers/stretch-slim-fit-textured-trousers-4tr013-04/9235523829922/buy
00342.webp,https://d2wbq7o4qxi60y.cloudfront.net/8944667426978/1-800.webp,8944667426978,Slim Fit Stretch Pleated Chinos,['Grey'],Slim Fit,Plain,Cotton Blend,1799.0,4.4,Trousers,https://www.snitch.com/men-trousers/slim-fit-stretch-washed-chinos-4ch002-03/8944667426978/buy
00343.webp,https://d2wbq7o4qxi60y.cloudfront.net/9215838978210/1-800.webp,9215838978210,Slim Fit Stretch Chinos,['Navy'],Slim Fit,Plain,Cotton Blend,1599.0,4.5,Trousers,https://www.snitch.com/men-trousers/stretch-slim-fit-washed-five-pockets-chinos-4ch023-03/9215838978210/buy
00344.webp,https://d2wbq7o4qxi60y.cloudfront.net/9212182593698/1-800.webp,9212182593698,Slim Fit Stretch Chinos,['Olive'],Slim Fit,Plain,Cotton Blend,1599.0,4.4,Trousers,https://www.snitch.com/men-trousers/stretch-slim-fit-washed-five-pockets-chinos-4ch023-02/9212182593698/buy
00345.webp,https://d2wbq7o4qxi60y.cloudfront.net/9237969535138/1-800.webp,9237969535138,Textured Stripes 100% Cotton Trousers,['Green'],Custom Relaxed Fit,Textured,Cotton,1599.0,4.4,Trousers,https://www.snitch.com/men-trousers/textured-100-cotton-custom-relaxed-fit-trousers-4tr030-02/9237969535138/buy
00346.webp,https://d2wbq7o4qxi60y.cloudfront.net/8723835945122/1-800.webp,8723835945122,Slim Fit 100% Cotton Twill Trousers,['Black'],Slim Fit,Self-Design,Cotton,1599.0,4.6,Trousers,https://www.snitch.com/men-trousers/slim-fit-100-cotton-self-design-trousers-4msr5376-05/8723835945122/buy
00347.webp,https://d2wbq7o4qxi60y.cloudfront.net/9237969502370/1-800.webp,9237969502370,Textured Stripes 100% Cotton Trousers,['Brown'],Custom Relaxed Fit,Textured,Cotton,1599.0,4.3,Trousers,https://www.snitch.com/men-trousers/textured-100-cotton-custom-relaxed-fit-trousers-4tr030-01/9237969502370/buy
00348.webp,https://d2wbq7o4qxi60y.cloudfront.net/8726422323362/1-800.webp,8726422323362,Light Grey Baggy Parachute Pants,['Grey'],Baggy Fit,Plain,Polyester,1912.0,4.6,Trousers,https://www.snitch.com/men-trousers/light-grey-baggy-trousers-4msr5347-02/8726422323362/buy
00349.webp,https://d2wbq7o4qxi60y.cloudfront.net/8519412088994/1-800.webp,8519412088994,Navy Slim Fit Chinos,['Navy'],Slim Fit,Plain,Cotton Blend,1349.0,4.5,Trousers,https://www.snitch.com/men-trousers/navy-slim-fit-chinos-4msc4026-05/8519412088994/buy
00350.webp,https://d2wbq7o4qxi60y.cloudfront.net/8954500841634/1-800.webp,8954500841634,Slim Fit Stretch Trousers,['Black'],Slim Fit,Plain,Cotton Blend,1259.0,4.2,Trousers,https://www.snitch.com/men-trousers/slim-fit-washed-stretch-trousers-4tr032-04/8954500841634/buy
00351.webp,https://d2wbq7o4qxi60y.cloudfront.net/8920811929762/1-800.webp,8920811929762,Regular Fit Stretch Trousers,['Green'],Regular Fit,Plain,Cotton Blend,1529.0,4.4,Trousers,https://www.snitch.com/men-trousers/stretch-regular-fit-washed-trousers-4msr5535-02/8920811929762/buy
00352.webp,https://d2wbq7o4qxi60y.cloudfront.net/9212183019682/1-800.webp,9212183019682,Regular Fit Stretch Trousers,['Black'],Custom Regular Fit,Plain,Cotton Blend,1899.0,4.4,Trousers,https://www.snitch.com/men-trousers/washed-stretch-customised-regular-fit-trousers-4tr033-02/9212183019682/buy
00353.webp,https://d2wbq7o4qxi60y.cloudfront.net/9235523698850/1-800.webp,9235523698850,Slim Fit Stretch Pleated Trousers,['Grey'],Slim Fit,Plain,Poly Blend,1999.0,4.2,Trousers,https://www.snitch.com/men-trousers/stretch-slim-fit-textured-trousers-4tr013-01/9235523698850/buy
00354.webp,https://d2wbq7o4qxi60y.cloudfront.net/9235523764386/1-800.webp,9235523764386,Slim Fit Stretch Pleated Trousers,['Brown'],Slim Fit,Plain,Poly Blend,1999.0,4.1,Trousers,https://www.snitch.com/men-trousers/stretch-slim-fit-textured-trousers-4tr013-03/9235523764386/buy
00355.webp,https://d2wbq7o4qxi60y.cloudfront.net/8944667263138/1-800.webp,8944667263138,Regular Fit Stretch Chinos,['Brown'],Regular Fit,Plain,Cotton Blend,1469.0,4.3,Trousers,https://www.snitch.com/men-trousers/stretch-regular-fit-washed-chinos-4ch004-03/8944667263138/buy
00356.webp,https://d2wbq7o4qxi60y.cloudfront.net/8951245144226/1-800.webp,8951245144226,Olive Baggy Stretch Chinos,['Brown'],Baggy Fit,Plain,Cotton Blend,1259.0,4.3,Trousers,https://www.snitch.com/men-trousers/baggy-washed-stretch-chinos-4ch005-05/8951245144226/buy
00357.webp,https://d2wbq7o4qxi60y.cloudfront.net/9233083859106/1-800.webp,9233083859106,Slim Fit Stretch Trousers,['Brown'],Slim Fit,Plain,Poly Blend,1499.0,4.3,Trousers,https://www.snitch.com/men-trousers/self-design-stretch-slim-fit-trousers-mp-4tr027-03/9233083859106/buy
00358.webp,https://d2wbq7o4qxi60y.cloudfront.net/8723835682978/1-800.webp,8723835682978,Slim Fit 100% Cotton Twill Trousers,['Brown'],Slim Fit,Self-Design,Cotton,1599.0,4.4,Trousers,https://www.snitch.com/men-trousers/slim-fit-100-cotton-self-design-trousers-4msr5376-02/8723835682978/buy
00359.webp,https://d2wbq7o4qxi60y.cloudfront.net/9235523731618/1-800.webp,9235523731618,Slim Fit Stretch Pleated Trousers,['Grey'],Slim Fit,Plain,Poly Blend,1999.0,4.4,Trousers,https://www.snitch.com/men-trousers/stretch-slim-fit-textured-trousers-4tr013-02/9235523731618/buy
00360.webp,https://d2wbq7o4qxi60y.cloudfront.net/9233083793570/1-800.webp,9233083793570,Slim Fit Stretch Trousers,['Grey'],Slim Fit,Plain,Poly Blend,1499.0,4.4,Trousers,https://www.snitch.com/men-trousers/self-design-stretch-slim-fit-trousers-mp-4tr027-01/9233083793570/buy
00361.webp,https://d2wbq7o4qxi60y.cloudfront.net/8951245340834/1-800.webp,8951245340834,Slim Fit Stretch Pleated Chinos,['Grey'],Slim Fit,Plain,Cotton Blend,1799.0,4.3,Trousers,https://www.snitch.com/men-trousers/stretch-slim-fit-five-pockets-washed-chinos-4ch002-07/8951245340834/buy
00362.webp,https://d2wbq7o4qxi60y.cloudfront.net/8915801964706/1-800.webp,8915801964706,Relaxed Fit Stretch Stripes Trousers,['Green'],Relaxed Fit,Stripes,Cotton Blend,1119.0,4.1,Trousers,https://www.snitch.com/men-trousers/relaxed-fit-stripes-stretch-trousers-4msr5536-01/8915801964706/buy
00363.webp,https://d2wbq7o4qxi60y.cloudfront.net/8870308413602/1-800.webp,8870308413602,Relaxed Fit Linen Blend Trousers,['Beige'],Relaxed Fit,Plain,Linen Blend,1799.0,4.7,Trousers,https://www.snitch.com/men-trousers/relaxed-fit-linen-blend-trousers-4msr5522-02/8870308413602/buy
00364.webp,https://d2wbq7o4qxi60y.cloudfront.net/8951245209762/1-800.webp,8951245209762,Slim Fit Stretch Pleated Chinos,['Olive'],Slim Fit,Plain,Cotton Blend,1799.0,4.4,Trousers,https://www.snitch.com/men-trousers/stretch-slim-fit-five-pockets-washed-chinos-4ch002-02/8951245209762/buy
00365.webp,https://d2wbq7o4qxi60y.cloudfront.net/8518181683362/1-800.webp,8518181683362,Light Grey Slim Fit Trousers,['Grey'],Slim Fit,Plain,Cotton Blend,1399.0,4.4,Trousers,https://www.snitch.com/men-trousers/cream-slim-fit-trousers-4msr5168-02/8518181683362/buy
00366.webp,https://d2wbq7o4qxi60y.cloudfront.net/9223561674914/1-800.webp,9223561674914,Regular Fit Stretch Trousers,['Olive'],Custom Regular Fit,Plain,Cotton Blend,1899.0,4.2,Trousers,https://www.snitch.com/men-trousers/washed-stretch-regular-fit-trousers-4tr033-04/9223561674914/buy
00367.webp,https://d2wbq7o4qxi60y.cloudfront.net/9165770686626/1-800.webp,9165770686626,Regular Fit Stretch Trousers,['Olive'],Custom Regular Fit,Plain,Cotton Blend,1899.0,4.1,Trousers,https://www.snitch.com/men-trousers/washed-stretch-customised-regular-fit-trousers-4tr033-01/9165770686626/buy
00368.webp,https://d2wbq7o4qxi60y.cloudfront.net/9242085327010/1-800.webp,9242085327010,Linen Blend Relaxed Fit Chinos,['Off White'],Custom Relaxed Fit,Plain,Linen Blend,1699.0,4.1,Trousers,https://www.snitch.com/men-trousers/relaxed-fit-linen-blend-textured-chinos-4ch020-04/9242085327010/buy
00369.webp,https://d2wbq7o4qxi60y.cloudfront.net/8910060486818/1-800.webp,8910060486818,Relaxed Fit Stretch Stripes Trousers,['Cream'],Relaxed Fit,Stripes,Cotton Blend,1279.0,4.5,Trousers,https://www.snitch.com/men-trousers/relaxed-fit-stripes-stretch-trousers-4msr5536-02/8910060486818/buy
00370.webp,https://d2wbq7o4qxi60y.cloudfront.net/8730516816034/1-800.webp,8730516816034,Loose Fit Stretch Trousers,['Beige'],Loose Fit,Plain,Cotton Blend,1599.0,4.6,Trousers,https://www.snitch.com/men-trousers/loose-fit-stretch-trousers-4msr5403-03/8730516816034/buy
00371.webp,https://d2wbq7o4qxi60y.cloudfront.net/8944667295906/1-800.webp,8944667295906,Regular Fit Stretch Chinos,['Black'],Regular Fit,Plain,Cotton Blend,1469.0,4.3,Trousers,https://www.snitch.com/men-trousers/stretch-regular-fit-washed-chinos-4ch004-04/8944667295906/buy
00372.webp,https://d2wbq7o4qxi60y.cloudfront.net/8518184009890/1-800.webp,8518184009890,Navy Slim Fit Trousers,['Navy'],Slim Fit,Plain,Cotton Blend,1444.0,4.5,Trousers,https://www.snitch.com/men-trousers/navy-slim-fit-trousers-4msr5168-09/8518184009890/buy
00373.webp,https://d2wbq7o4qxi60y.cloudfront.net/8915802063010/1-800.webp,8915802063010,Pleated Stretch Baggy Trousers,['Grey'],Baggy Fit,Self-Design,Poly Blend,1599.0,4.5,Trousers,https://www.snitch.com/men-trousers/self-design-stretch-baggy-trousers-4msr5539-03/8915802063010/buy
00374.webp,https://d2wbq7o4qxi60y.cloudfront.net/8518182502562/1-800.webp,8518182502562,Pista Slim Fit Trousers,['Light Green'],Slim Fit,Plain,Cotton Blend,1399.0,4.4,Trousers,https://www.snitch.com/men-trousers/grey-slim-fit-trousers-4msr5168-03/8518182502562/buy
00375.webp,https://d2wbq7o4qxi60y.cloudfront.net/9212183085218/1-800.webp,9212183085218,Regular Fit Stretch Trousers,['Navy'],Custom Regular Fit,Plain,Cotton Blend,1899.0,4.2,Trousers,https://www.snitch.com/men-trousers/washed-stretch-customised-regular-fit-trousers-4tr033-03/9212183085218/buy
00376.webp,https://d2wbq7o4qxi60y.cloudfront.net/8517365465250/1-800.webp,8517365465250,Grey Slim Fit Trousers,['Grey'],Slim Fit,Plain,Poly Blend,1399.0,4.5,Trousers,https://www.snitch.com/men-trousers/grey-slim-fit-trousers-4msr5168-05/8517365465250/buy
00377.webp,https://d2wbq7o4qxi60y.cloudfront.net/8951245045922/1-800.webp,8951245045922,Grey Baggy Stretch Chinos,['Grey'],Baggy Fit,Plain,Cotton Blend,1259.0,4.2,Trousers,https://www.snitch.com/men-trousers/baggy-washed-stretch-chinos-4ch005-02/8951245045922/buy
00378.webp,https://d2wbq7o4qxi60y.cloudfront.net/9236096516258/1-800.webp,9236096516258,Slim Fit Stretch Trousers,['Grey'],Slim Fit,Plain,Poly Blend,1499.0,4.1,Trousers,https://www.snitch.com/men-trousers/textured-stretch-slim-fit-trousers-mp-4tr027-04/9236096516258/buy
00379.webp,https://d2wbq7o4qxi60y.cloudfront.net/9233083826338/1-800.webp,9233083826338,Slim Fit Stretch Trousers,['Olive'],Slim Fit,Plain,Poly Blend,1499.0,4.2,Trousers,https://www.snitch.com/men-trousers/self-design-stretch-slim-fit-trousers-mp-4tr027-02/9233083826338/buy
00380.webp,https://d2wbq7o4qxi60y.cloudfront.net/8951245111458/1-800.webp,8951245111458,Green Baggy Stretch Chinos,['Green'],Baggy Fit,Plain,Cotton Blend,1259.0,4.2,Trousers,https://www.snitch.com/men-trousers/baggy-washed-stretch-chinos-4ch005-04/8951245111458/buy
00381.webp,https://d2wbq7o4qxi60y.cloudfront.net/9214311923874/1-800.webp,9214311923874,Regular Fit Stretch Trousers,['Olive'],Custom Regular Fit,Plain,Cotton Blend,1799.0,4.3,Trousers,https://www.snitch.com/men-trousers/five-pockets-customised-regular-fit-stretch-washed-trousers-4tr031-01/9214311923874/buy
00382.webp,https://d2wbq7o4qxi60y.cloudfront.net/8844912427170/1-800.webp,8844912427170,Relaxed Fit Stretch Trousers,['Grey'],Relaxed Fit,Plain,Nylon Blend,1869.0,4.4,Trousers,https://www.snitch.com/men-trousers/stretch-relaxed-fit-trousers-4msr5495-02/8844912427170/buy
00383.webp,https://d2wbq7o4qxi60y.cloudfront.net/8451295871138/1-800.webp,8451295871138,Martino Hazelnut Plain Relaxed Fit Trousers,['Brown'],Relaxed Fit,Plain,Cotton,1499.0,4.6,Trousers,https://www.snitch.com/men-trousers/martino-hazelnut-plain-relaxed-fit-trousers/8451295871138/buy
00384.webp,https://d2wbq7o4qxi60y.cloudfront.net/8862611996834/1-800.webp,8862611996834,Relaxed Fit Linen Blend Trousers,['Khaki'],Relaxed Fit,Plain,Cotton Blend,1799.0,4.7,Trousers,https://www.snitch.com/men-trousers/relaxed-fit-linen-blend-trousers-4msr5522-04/8862611996834/buy
00385.webp,https://d2wbq7o4qxi60y.cloudfront.net/8167216906402/1-800.webp,8167216906402,Astral Navy Trouser,['Navy'],Slim Fit,Plain,Cotton,1399.0,4.5,Trousers,https://www.snitch.com/men-trousers/astral-navy-trouser/8167216906402/buy
00386.webp,https://d2wbq7o4qxi60y.cloudfront.net/8813418741922/1-800.webp,8813418741922,Baggy Stretch Trousers,['Blue'],Baggy Fit,Self-Design,Poly Blend,1609.0,4.3,Trousers,https://www.snitch.com/men-trousers/stretch-self-design-baggy-trousers-4msr5223-04/8813418741922/buy
00387.webp,https://d2wbq7o4qxi60y.cloudfront.net/9223561707682/1-800.webp,9223561707682,Regular Fit Stretch Trousers,['Olive'],Regular Fit,Plain,Cotton Blend,1899.0,4.3,Trousers,https://www.snitch.com/men-trousers/washed-stretch-regular-fit-trousers-4tr033-05/9223561707682/buy
00388.webp,https://d2wbq7o4qxi60y.cloudfront.net/9214312054946/1-800.webp,9214312054946,Regular Fit Stretch Trousers,['Olive'],Custom Regular Fit,Plain,Cotton Blend,1799.0,4.2,Trousers,https://www.snitch.com/men-trousers/five-pockets-customised-regular-fit-stretch-washed-trousers-4tr031-04/9214312054946/buy
00389.webp,https://d2wbq7o4qxi60y.cloudfront.net/8944667197602/1-800.webp,8944667197602,Regular Fit Stretch Chinos,['Olive'],Regular Fit,Plain,Cotton Blend,1469.0,4.1,Trousers,https://www.snitch.com/men-trousers/stretch-regular-fit-washed-chinos-4ch004-02/8944667197602/buy
00390.webp,https://d2wbq7o4qxi60y.cloudfront.net/8813418610850/1-800.webp,8813418610850,Baggy Stretch Trousers,['Brown'],Baggy Fit,Self-Design,Poly Blend,2099.0,4.4,Trousers,https://www.snitch.com/men-trousers/stretch-self-design-baggy-trousers-4msr5223-01/8813418610850/buy
00391.webp,https://d2wbq7o4qxi60y.cloudfront.net/9243869610146/1-800.webp,9243869610146,Baggy Stretch Pleated Trousers,['Brown'],Baggy Fit,Plain,Poly Blend,1999.0,4.2,Trousers,https://www.snitch.com/men-trousers/washed-stretch-baggy-trousers-4tr012-02/9243869610146/buy
00392.webp,https://d2wbq7o4qxi60y.cloudfront.net/9235521700002/1-800.webp,9235521700002,Relaxed Fit Stretch Chinos,['Off White'],Relaxed Fit,Plain,Cotton Blend,1599.0,4.3,Trousers,https://www.snitch.com/men-trousers/washed-relaxed-fit-five-pockets-stretch-chinos-4ch019-01/9235521700002/buy
00393.webp,https://d2wbq7o4qxi60y.cloudfront.net/8813418709154/1-800.webp,8813418709154,Baggy Stretch Trousers,['Olive'],Baggy Fit,Self-Design,Poly Blend,1609.0,4.5,Trousers,https://www.snitch.com/men-trousers/stretch-self-design-baggy-trousers-4msr5223-03/8813418709154/buy
00394.webp,https://d2wbq7o4qxi60y.cloudfront.net/9214312022178/1-800.webp,9214312022178,Regular Fit Stretch Trousers,['Navy'],Custom Regular Fit,Plain,Cotton Blend,1799.0,4.4,Trousers,https://www.snitch.com/men-trousers/five-pockets-customised-regular-fit-stretch-washed-trousers-4tr031-03/9214312022178/buy
00395.webp,https://d2wbq7o4qxi60y.cloudfront.net/9239405953186/1-800.webp,9239405953186,Linen Blend Relaxed Fit Chinos,['White'],Custom Relaxed Fit,Plain,Cotton Blend,1699.0,4.4,Trousers,https://www.snitch.com/men-trousers/relaxed-fit-linen-blend-washed-chinos-4ch020-02/9239405953186/buy
00396.webp,https://d2wbq7o4qxi60y.cloudfront.net/8314146619554/1-800.webp,8314146619554,Comfortrend Grey Pant,['Grey'],Relaxed Fit,Plain,Cotton Blend,1199.0,4.4,Trousers,https://www.snitch.com/men-trousers/comfortrend-grey-pant/8314146619554/buy
00397.webp,https://d2wbq7o4qxi60y.cloudfront.net/8650166829218/1-800.webp,8650166829218,Olive Mid Rise Slim Fit Trousers,['Olive'],Slim Fit,Plain,Cotton Blend,1614.0,4.7,Trousers,https://www.snitch.com/men-trousers/olive-mid-rise-slim-fit-trouser-4msr5290-02/8650166829218/buy
00398.webp,https://d2wbq7o4qxi60y.cloudfront.net/8650166599842/1-800.webp,8650166599842,Brown Mid Rise Slim Fit Trousers,['Brown'],Slim Fit,Plain,Cotton Blend,1614.0,4.5,Trousers,https://www.snitch.com/men-trousers/brown-mid-rise-slim-fit-trouser-4msr5290-01/8650166599842/buy
00399.webp,https://d2wbq7o4qxi60y.cloudfront.net/9224472330402/1-800.webp,9224472330402,Regular Fit Light Brown Trousers,['Brown'],Custom Regular Fit,Plain,Polyester,1699.0,4.3,Trousers,https://www.snitch.com/men-trousers/regular-fit-textured-trousers-4msr5547-02/9224472330402/buy
00400.webp,https://d2wbq7o4qxi60y.cloudfront.net/8785085005986/1-800.webp,8785085005986,Classic Chelsea Boots,['Black'],,Solid,Synthetic(Vegan Leather),2499.0,4.5,Footwear,https://www.snitch.com/men-shoes/black-solid-boots-sh0173-01/8785085005986/buy
00401.webp,https://d2wbq7o4qxi60y.cloudfront.net/8785085071522/1-800.webp,8785085071522,Classic Chelsea Boots,['Brown'],,Solid,Synthetic(Vegan Leather),2499.0,4.6,Footwear,https://www.snitch.com/men-shoes/brown-solid-boots-sh0173-02/8785085071522/buy
00402.webp,https://d2wbq7o4qxi60y.cloudfront.net/9223563346082/1-800.webp,9223563346082,Slide-Easy Beige Sneaker Mules,['Beige'],,Solid,Suede PU,2299.0,4.4,Footwear,https://www.snitch.com/men-shoes/beige-solid-sneakers-sh0194-02/9223563346082/buy
00403.webp,https://d2wbq7o4qxi60y.cloudfront.net/9223563378850/1-800.webp,9223563378850,Slide-Easy Grey Sneaker Mules,['Grey'],,Solid,Suede PU,2299.0,4.4,Footwear,https://www.snitch.com/men-shoes/grey-solid-sneakers-sh0194-03/9223563378850/buy
00404.webp,https://d2wbq7o4qxi60y.cloudfront.net/9223563215010/1-800.webp,9223563215010,Vegan Black Sandals,['Black'],,Solid,Suede,1599.0,4.3,Footwear,https://www.snitch.com/men-shoes/black-solid-sandals-sh0191-01/9223563215010/buy
00405.webp,https://d2wbq7o4qxi60y.cloudfront.net/9234341626018/1-800.webp,9234341626018,Shyft Low Top Green Sneakers,['Green'],,Solid,"Suede, PU",2499.0,4.4,Footwear,https://www.snitch.com/men-shoes/green-solid-sneakers-sh0182-05/9234341626018/buy
00406.webp,https://d2wbq7o4qxi60y.cloudfront.net/8885197668514/1-800.webp,8885197668514,Black Suede Loafers,['Black'],,Solid,Faux Suede,2199.0,4.7,Footwear,https://www.snitch.com/men-shoes/black-solid-casual-shoes-sh0180-02/8885197668514/buy
00407.webp,https://d2wbq7o4qxi60y.cloudfront.net/8885197734050/1-800.webp,8885197734050,Beige Suede Loafers,['Beige'],,Solid,Faux Suede,2199.0,4.3,Footwear,https://www.snitch.com/men-shoes/beige-solid-casual-shoes-sh0180-04/8885197734050/buy
00408.webp,https://d2wbq7o4qxi60y.cloudfront.net/8931150758050/1-800.webp,8931150758050,9691 Beige Sneaker,['Beige'],,Colorblocked,PU+Textile,2499.0,4.5,Footwear,https://www.snitch.com/men-shoes/beige-colorblocked-sneakers-sh0184-02/8931150758050/buy
00409.webp,https://d2wbq7o4qxi60y.cloudfront.net/8885197602978/1-800.webp,8885197602978,Vegan Leather Classic Chelsea Boots,['Black'],,Solid,Vegan Leather,2049.0,4.9,Footwear,https://www.snitch.com/men-shoes/black-solid-boots-sh0173-03/8885197602978/buy
00410.webp,https://d2wbq7o4qxi60y.cloudfront.net/9223563411618/1-800.webp,9223563411618,Black Vegan Sandals,['Black'],,Solid,PU,1699.0,4.5,Footwear,https://www.snitch.com/men-shoes/black-solid-sandals-sh0192-01/9223563411618/buy
00411.webp,https://d2wbq7o4qxi60y.cloudfront.net/8903490404514/1-800.webp,8903490404514,Black Classic Penny Loafers,['Black'],,Solid,Vegan Leather,2499.0,4.4,Footwear,https://www.snitch.com/men-shoes/black-solid-loafers-sh0172-01/8903490404514/buy
00412.webp,https://d2wbq7o4qxi60y.cloudfront.net/9223563444386/1-800.webp,9223563444386,Brown Vegan Sandals,['Brown'],,Solid,PU,1699.0,4.3,Footwear,https://www.snitch.com/men-shoes/brown-solid-sandals-sh0192-02/9223563444386/buy
00413.webp,https://d2wbq7o4qxi60y.cloudfront.net/8812488818850/1-800.webp,8812488818850,Black Fisherman's Vegan Leather Sandals,['Black'],,Solid,PU Synthetic,1549.0,4.9,Footwear,https://www.snitch.com/men-shoes/brown-fishermans-vegan-leather-sandals-copy/8812488818850/buy
00414.webp,https://d2wbq7o4qxi60y.cloudfront.net/9223563280546/1-800.webp,9223563280546,Vegan Navy Sandals,['Navy Blue'],,Solid,Suede,1599.0,4.2,Footwear,https://www.snitch.com/men-shoes/navy-blue-solid-sandals-sh0191-03/9223563280546/buy
00415.webp,https://d2wbq7o4qxi60y.cloudfront.net/9232337698978/1-800.webp,9232337698978,Beige Tassel Loafers,['Beige'],,"Solid. The upper material displays a consistent and uniform navy blue tone throughout, with no variations in color or texture patterns, representing a solid pattern type.",Vegan Leather,1999.0,4.5,Footwear,https://www.snitch.com/men-shoes/beige-solid-loaferssh0179-02/9232337698978/buy
00416.webp,https://d2wbq7o4qxi60y.cloudfront.net/8814316224674/1-800.webp,8814316224674,Aero Black Sneakers,['Black'],,Solid,PU+Suede,2049.0,4.4,Footwear,https://www.snitch.com/men-shoes/black-solid-sneakers-sh0169-03/8814316224674/buy
00417.webp,https://d2wbq7o4qxi60y.cloudfront.net/9223563313314/1-800.webp,9223563313314,Slide-Easy Green Sneaker Mules,['Dark Green'],,Solid,Suede PU,2299.0,4.6,Footwear,https://www.snitch.com/men-shoes/dark-green-solid-sneakers-sh0194-01/9223563313314/buy
00418.webp,https://d2wbq7o4qxi60y.cloudfront.net/8802184364194/1-800.webp,8802184364194,Loft 05 White Sneakers,['White'],,Solid,PU+Suede Synthetic,1499.0,4.7,Footwear,https://www.snitch.com/men-shoes/white-solid-sneakers-sh0158-01/8802184364194/buy
00419.webp,https://d2wbq7o4qxi60y.cloudfront.net/8806258442402/1-800.webp,8806258442402,Chunky Black Penny Loafers,['Black'],,Solid,Vegan Leather,2099.0,4.4,Footwear,https://www.snitch.com/men-shoes/black-solid-casual-shoes-sh0175-01/8806258442402/buy
00420.webp,https://d2wbq7o4qxi60y.cloudfront.net/8785085169826/1-800.webp,8785085169826,Orbit v1 Blue Colourblock Sneakers,['Navy Blue'],,Colorblock,PU+Suede,1999.0,4.5,Footwear,https://www.snitch.com/men-shoes/white-colorblock-sneakers-sh0167-01/8785085169826/buy
00421.webp,https://d2wbq7o4qxi60y.cloudfront.net/9223563640994/1-800.webp,9223563640994,Black Velcro Strap Sandals,['Black'],,Solid,PU,1699.0,4.2,Footwear,https://www.snitch.com/men-shoes/black-solid-sandals-sh0188-01/9223563640994/buy
00422.webp,https://d2wbq7o4qxi60y.cloudfront.net/8806258507938/1-800.webp,8806258507938,Chunky Brown Penny Loafers,['Brown'],,Solid,Vegan Leather,2099.0,4.3,Footwear,https://www.snitch.com/men-shoes/brown-solid-casual-shoes-sh0175-02/8806258507938/buy
00423.webp,https://d2wbq7o4qxi60y.cloudfront.net/9234341888162/1-800.webp,9234341888162,Dark Grey Suede Loafers,['Grey'],,Plain,Faux Suede,2199.0,4.1,Footwear,https://www.snitch.com/men-shoes/olive-green-suede-loafers-sh0180-06/9234341888162/buy
00424.webp,https://d2wbq7o4qxi60y.cloudfront.net/9234341429410/1-800.webp,9234341429410,Shyft Low Top Dark Brown Sneakers,['Dark Brown'],,Solid,"Suede, PU",2499.0,4.6,Footwear,https://www.snitch.com/men-shoes/dark-brown-solid-sneakers-sh0182-02/9234341429410/buy
00425.webp,https://cdn.shopify.com/s/files/1/0420/7073/7058/files/1_c4541041-1011-40c1-a5f9-bf52391d40a4.jpg?v=1782194570,9255948026018,Terra Casual Sneakers,['Green'],,Solid,SUEDE PU,1999.0,4.3,Footwear,https://www.snitch.com/men-shoes/green-solid-sneakers-sh0195-04/9255948026018/buy
00426.webp,https://d2wbq7o4qxi60y.cloudfront.net/9223563247778/1-800.webp,9223563247778,Vegan Brown Sandals,['Brown'],,Solid,Suede,1599.0,4.1,Footwear,https://www.snitch.com/men-shoes/brown-solid-sandals-sh0191-02/9223563247778/buy
00427.webp,https://d2wbq7o4qxi60y.cloudfront.net/8931150790818/1-800.webp,8931150790818,9691 Navy Sneaker,['Navy'],,Colorblocked,PU+Textile,2499.0,4.5,Footwear,https://www.snitch.com/men-shoes/white-colorblocked-sneakers-sh0184-03/8931150790818/buy
00428.webp,https://d2wbq7o4qxi60y.cloudfront.net/8802184396962/1-800.webp,8802184396962,Loft 05 Black Sneakers,['Black'],,Solid,PU+Suede Synthetic,1499.0,4.4,Footwear,https://www.snitch.com/men-shoes/black-solid-sneakers-sh0158-02/8802184396962/buy
00429.webp,https://d2wbq7o4qxi60y.cloudfront.net/8802184331426/1-800.webp,8802184331426,Nova Black Sneakers,['Black'],,Solid,PU Synthetic,2099.0,4.4,Footwear,https://www.snitch.com/men-shoes/black-solid-sneakers-sh0160-02/8802184331426/buy
00430.webp,https://d2wbq7o4qxi60y.cloudfront.net/8885197537442/1-800.webp,8885197537442,Aero White and Maroon Sneakers,['White'],,Solid With Stripes,PU and Cow Suede Leather,2049.0,4.8,Footwear,https://www.snitch.com/men-shoes/white-solid-with-contrast-panels-sneakers-sh0169-05/8885197537442/buy
00431.webp,https://d2wbq7o4qxi60y.cloudfront.net/9223563673762/1-800.webp,9223563673762,Olive Velcro Strap Sandals,['Olive Green'],,Solid,Suede,1699.0,4.1,Footwear,https://www.snitch.com/men-shoes/olive-green-solid-sandals-sh0189-01/9223563673762/buy
00432.webp,https://d2wbq7o4qxi60y.cloudfront.net/9223563575458/1-800.webp,9223563575458,Vegan Strappy Sandals,['Black'],,Solid,PU,1599.0,4.2,Footwear,https://www.snitch.com/men-shoes/black-solid-sandals-sh0193-01/9223563575458/buy
00433.webp,https://d2wbq7o4qxi60y.cloudfront.net/9223563149474/1-800.webp,9223563149474,Zen Slip On Black Sneakers,['Black'],,Solid,PU,2499.0,4.6,Footwear,https://www.snitch.com/men-shoes/black-solid-sneakers/9223563149474/buy
00434.webp,https://d2wbq7o4qxi60y.cloudfront.net/8903490666658/1-800.webp,8903490666658,Black Vegan Leather Loafers,['Black'],,Solid,Vegan Leather,2299.0,4.4,Footwear,https://www.snitch.com/men-shoes/black-solid-loafers-sh0177-01/8903490666658/buy
00435.webp,https://d2wbq7o4qxi60y.cloudfront.net/9223563608226/1-800.webp,9223563608226,Vegan Strappy Sandals,['Brown'],,Solid,PU,1599.0,4.3,Footwear,https://www.snitch.com/men-shoes/brown-solid-sandals-sh0193-02/9223563608226/buy
00436.webp,https://d2wbq7o4qxi60y.cloudfront.net/8806258376866/1-800.webp,8806258376866,Aero White and Blue Sneakers,['White'],,Solid,PU+Suede,2049.0,4.4,Footwear,https://www.snitch.com/men-shoes/white-solid-sneakers-sh0169-01/8806258376866/buy
00437.webp,https://d2wbq7o4qxi60y.cloudfront.net/9223563477154/1-800.webp,9223563477154,Shyft Low Top Sneakers,['Black'],,Colorblocked,"Suede, Canvas, PU",2499.0,4.4,Footwear,https://www.snitch.com/men-shoes/black-colorblocked-sneakers-sh0182-01/9223563477154/buy
00438.webp,https://d2wbq7o4qxi60y.cloudfront.net/8790042837154/1-800.webp,8790042837154,Carbon Black Sneakers,['Black'],,Solid,PU Synthetic,2199.0,4.6,Footwear,https://www.snitch.com/men-shoes/black-solid-sneakers-sh0156-01/8790042837154/buy
00439.webp,https://d2wbq7o4qxi60y.cloudfront.net/8845865451682/1-800.webp,8845865451682,Aero Cream and Green Sneakers,['Cream'],,Solid with Stripes,PU+Suede,2049.0,4.6,Footwear,https://www.snitch.com/men-shoes/white-solid-with-stripes-sneakers-sh0169-04/8845865451682/buy
00440.webp,https://d2wbq7o4qxi60y.cloudfront.net/8903490797730/1-800.webp,8903490797730,Black Oxford Shoes,['Black'],,Solid,Vegan Leather,2499.0,4.5,Footwear,https://www.snitch.com/men-shoes/black-solid-formal-shoes-sh0174-01/8903490797730/buy
00441.webp,https://d2wbq7o4qxi60y.cloudfront.net/9223563182242/1-800.webp,9223563182242,Shyft Low Top Black Sneakers,['Black'],,Solid,PU,2499.0,4.5,Footwear,https://www.snitch.com/men-shoes/black-solid-sneakers-sh0182-06/9223563182242/buy
00442.webp,https://d2wbq7o4qxi60y.cloudfront.net/9223563509922/1-800.webp,9223563509922,Zen Slip On Off White Sneakers,['Off-White'],,Colorblocked,"Suede, Canvas, PU",2499.0,4.4,Footwear,https://www.snitch.com/men-shoes/off-white-colorblocked-sneakers-sh0183-01/9223563509922/buy
00443.webp,https://d2wbq7o4qxi60y.cloudfront.net/9232337633442/1-800.webp,9232337633442,Navy Tassel Loafers,['Navy'],,"Solid. The upper material displays a consistent and uniform navy blue tone throughout, with no variations in color or texture patterns, representing a solid pattern type.",Vegan Leather,1999.0,4.4,Footwear,https://www.snitch.com/men-shoes/navy-blue-solid-loaferssh0179-01/9232337633442/buy
00444.webp,https://d2wbq7o4qxi60y.cloudfront.net/8904874066082/1-800.webp,8904874066082,Olive Lace up Boat Shoes,['Olive'],,Solid,Vegan Leather,2299.0,4.3,Footwear,https://www.snitch.com/men-shoes/olive-solid-casual-shoes-sh0171-02/8904874066082/buy
00445.webp,https://d2wbq7o4qxi60y.cloudfront.net/8885197635746/1-800.webp,8885197635746,Grey Suede Loafers,['Grey'],,Solid,Faux Suede,2199.0,4.5,Footwear,https://www.snitch.com/men-shoes/grey-solid-casual-shoes-sh0180-01/8885197635746/buy
00446.webp,https://d2wbq7o4qxi60y.cloudfront.net/8931150725282/1-800.webp,8931150725282,9691 Black Sneaker,['Black'],,Colorblocked,PU+Textile,2499.0,4.6,Footwear,https://www.snitch.com/men-shoes/black-colorblocked-sneakers-sh0184-01/8931150725282/buy
00447.webp,https://d2wbq7o4qxi60y.cloudfront.net/8790042706082/1-800.webp,8790042706082,Nomad Colourblock Sneakers,['Black'],,Colourblock,PU Synthetic,2199.0,5.0,Footwear,https://www.snitch.com/men-shoes/black-solid-sneakers-sh0159-02/8790042706082/buy
00448.webp,https://d2wbq7o4qxi60y.cloudfront.net/8803051110562/1-800.webp,8803051110562,Carbon White Sneakers,['White'],,Solid,PU Synthetic,2199.0,4.9,Footwear,https://www.snitch.com/men-shoes/white-solid-sneakers-sh0156-02/8803051110562/buy
00449.webp,https://d2wbq7o4qxi60y.cloudfront.net/8666064126114/1-800.webp,8666064126114,Rouge Suede Mustard Sneakers,['Mustard'],,Solid with contrast stripe,Synthetic Suede,1999.0,4.8,Footwear,https://www.snitch.com/men-shoes/mustard-solid-with-contrast-stripe-casual-shoes-4msh0136-03/8666064126114/buy
00450.webp,https://d2wbq7o4qxi60y.cloudfront.net/8885197766818/1-800.webp,8885197766818,Olive Suede Loafers,['Olive'],,Solid,Faux Suede,2199.0,5.0,Footwear,https://www.snitch.com/men-shoes/green-solid-casual-shoes-sh0180-05/8885197766818/buy
00451.webp,https://d2wbq7o4qxi60y.cloudfront.net/8785085104290/1-800.webp,8785085104290,Classic Chelsea Boots,['Tan'],,Solid,Synthetic(Vegan Leather),2499.0,4.7,Footwear,https://www.snitch.com/men-shoes/tan-solid-boots-sh0181-01/8785085104290/buy
00452.webp,https://d2wbq7o4qxi60y.cloudfront.net/8814316257442/1-800.webp,8814316257442,Comfort Twin Strap Sandals,['Brown'],,Solid,PU Synthetic,1549.0,4.4,Footwear,https://www.snitch.com/men-shoes/brown-solid-sandals-sh0162-02/8814316257442/buy
00453.webp,https://cdn.shopify.com/s/files/1/0420/7073/7058/files/1_e6cc9d32-a3a3-4ffb-ac12-84f49924c5dc.jpg?v=1781692964,9253075419298,Terra Casual Sneakers,['Black'],,Solid,SUEDE PU,1999.0,4.2,Footwear,https://www.snitch.com/men-shoes/black-solid-sneakers-sh0195-01/9253075419298/buy
00454.webp,https://cdn.shopify.com/s/files/1/0420/7073/7058/files/1_2ff28c45-f92a-4471-b035-ea0d8fac8c79.jpg?v=1781692966,9253075484834,Terra Casual Sneakers,['Taupe'],,Solid,SUEDE PU,1999.0,4.3,Footwear,https://www.snitch.com/men-shoes/taupe-solid-sneakers-sh0195-03/9253075484834/buy
00455.webp,https://d2wbq7o4qxi60y.cloudfront.net/9223563542690/1-800.webp,9223563542690,Shyft Low Top White Sneakers,['Off White'],,Colorblocked,"Suede, Canvas, PU",2499.0,4.3,Footwear,https://www.snitch.com/men-shoes/off-white-colorblocked-sneakers-sh0182-07/9223563542690/buy
00456.webp,https://d2wbq7o4qxi60y.cloudfront.net/8903490568354/1-800.webp,8903490568354,Black Perforated Loafers,['Black'],,Perforated,Vegan Leather,2299.0,4.3,Footwear,https://www.snitch.com/men-shoes/black-perforated-loafers-sh0176-01/8903490568354/buy
00457.webp,https://d2wbq7o4qxi60y.cloudfront.net/8573595746466/1-800.webp,8573595746466,Black Textured Loafers,['Black'],,Textured,Faux Leather,1999.0,4.4,Footwear,https://www.snitch.com/men-shoes/black-textured-loafers-sh0108-01/8573595746466/buy
00458.webp,https://d2wbq7o4qxi60y.cloudfront.net/8569141854370/1-800.webp,8569141854370,Black Textured Loafers,['Black'],,Textured,Faux Leather,1999.0,4.4,Footwear,https://www.snitch.com/men-shoes/black-textured-loafers-sh0109-01/8569141854370/buy
00459.webp,https://d2wbq7o4qxi60y.cloudfront.net/8666066485410/1-800.webp,8666066485410,Black Solid Sneakers,['Black'],,Solid,PU,2099.0,4.8,Footwear,https://www.snitch.com/men-shoes/black-solid-sneakers-4msh0126-01/8666066485410/buy
00460.webp,https://d2wbq7o4qxi60y.cloudfront.net/8569142476962/1-800.webp,8569142476962,Black Textured Sneakers,['Black'],,Textured,Synthetic,2699.0,4.4,Footwear,https://www.snitch.com/men-shoes/black-textured-sneakers-sh0140-01/8569142476962/buy
00461.webp,https://d2wbq7o4qxi60y.cloudfront.net/8931150856354/1-800.webp,8931150856354,9691 Silver Sneaker Limited Edition,['Silver'],,Colorblocked,PU+Textile,2499.0,4.4,Footwear,https://www.snitch.com/men-shoes/grey-colorblocked-sneakers-sh0184-05/8931150856354/buy
00462.webp,https://d2wbq7o4qxi60y.cloudfront.net/8790042673314/1-800.webp,8790042673314,Nomad Colourblock Sneakers,['Beige'],,Colourblock,PU Synthetic,2199.0,4.6,Footwear,https://www.snitch.com/men-shoes/beige-solid-sneakers-sh0159-01/8790042673314/buy
00463.webp,https://d2wbq7o4qxi60y.cloudfront.net/8802184298658/1-800.webp,8802184298658,Nova Brown Sneakers,['Brown'],,Solid,PU Synthetic,2099.0,4.8,Footwear,https://www.snitch.com/men-shoes/brown-solid-sneakers-sh0160-01/8802184298658/buy
00464.webp,https://d2wbq7o4qxi60y.cloudfront.net/8667170701474/1-800.webp,8667170701474,Rouge Suede Green Sneakers,['Green'],,Solid,Synthetic Suede,1999.0,4.9,Footwear,https://www.snitch.com/men-shoes/green-solid-with-contrast-stripe-sneakers-4msh0136-01/8667170701474/buy
00465.webp,https://d2wbq7o4qxi60y.cloudfront.net/8666953220258/1-800.webp,8666953220258,White Textured Sneakers,['White'],,Textured,Mesh,3399.0,4.7,Footwear,https://www.snitch.com/men-shoes/white-textured-sneakers-4msh0137-01/8666953220258/buy
00466.webp,https://d2wbq7o4qxi60y.cloudfront.net/8885197701282/1-800.webp,8885197701282,Blue Suede Loafers,['Blue'],,Solid,Faux Suede,2199.0,4.6,Footwear,https://www.snitch.com/men-shoes/blue-solid-casual-shoes-sh0180-03/8885197701282/buy
00467.webp,https://d2wbq7o4qxi60y.cloudfront.net/8785085137058/1-800.webp,8785085137058,Orbit v1 Maroon Colourblock Sneakers,['Maroon'],,Colorblock,PU+Suede,1499.0,4.6,Footwear,https://www.snitch.com/men-shoes/beige-colorblock-sneakers-sh0167-02/8785085137058/buy
00468.webp,https://d2wbq7o4qxi60y.cloudfront.net/8802184560802/1-800.webp,8802184560802,Comfort Twin Strap Sandals,['Black'],,Solid,PU Synthetic,1549.0,4.8,Footwear,https://www.snitch.com/men-shoes/black-solid-sandals-sh0162-01/8802184560802/buy
00469.webp,https://cdn.shopify.com/s/files/1/0420/7073/7058/files/1_854aeb37-b388-457f-81cb-86af53879fae.jpg?v=1782194568,9255947993250,Terra Casual Sneakers,['Beige'],,Solid,SUEDE PU,1999.0,4.1,Footwear,https://www.snitch.com/men-shoes/beige-solid-sneakers-sh0195-02/9255947993250/buy
00470.webp,https://d2wbq7o4qxi60y.cloudfront.net/8903490732194/1-800.webp,8903490732194,Brown Vegan Leather Loafers,['Brown'],,Solid,Vegan Leather,2299.0,4.4,Footwear,https://www.snitch.com/men-shoes/brown-solid-loafers-sh0177-02/8903490732194/buy
00471.webp,https://d2wbq7o4qxi60y.cloudfront.net/8903490601122/1-800.webp,8903490601122,Brown Perforated Loafers,['Brown'],,Perforated,Vegan Leather,2299.0,4.3,Footwear,https://www.snitch.com/men-shoes/brown-perforated-loafers-sh0176-02/8903490601122/buy
00472.webp,https://d2wbq7o4qxi60y.cloudfront.net/8931150823586/1-800.webp,8931150823586,9691 Dark Green Sneaker,['Green'],,Colorblocked,PU+Textile,2499.0,4.4,Footwear,https://www.snitch.com/men-shoes/white-colorblocked-sneakers-sh0184-04/8931150823586/buy
00473.webp,https://d2wbq7o4qxi60y.cloudfront.net/8916119126178/1-800.webp,8916119126178,White Solid Sneakers,['White'],,Solid,Synthetic leather,2799.0,4.3,Footwear,https://www.snitch.com/men-shoes/white-solid-casual-shoes-sh0118-02/8916119126178/buy
00474.webp,https://d2wbq7o4qxi60y.cloudfront.net/8676753604770/1-800.webp,8676753604770,Yellow Solid Sneakers,['Yellow'],,Solid,Suede Leather & Mesh,2299.0,5.0,Footwear,https://www.snitch.com/men-shoes/yellow-solid-sneakers-sh0121-01/8676753604770/buy
00475.webp,https://d2wbq7o4qxi60y.cloudfront.net/8666070941858/1-800.webp,8666070941858,Black Solid Sneakers,['Black'],,Solid,Synthetic leather,2799.0,4.3,Footwear,https://www.snitch.com/men-shoes/black-solid-casual-shoes-4msh0118-01/8666070941858/buy
00476.webp,https://d2wbq7o4qxi60y.cloudfront.net/8666066878626/1-800.webp,8666066878626,White Solid Sneakers,['White'],,Solid,PU,2099.0,4.7,Footwear,https://www.snitch.com/men-shoes/white-solid-sneakers-4msh0126-02/8666066878626/buy
00477.webp,https://d2wbq7o4qxi60y.cloudfront.net/8666062487714/1-800.webp,8666062487714,Green Solid Perforations Sneakers,['Green'],,Solid with perforations,Synthetic leather,2299.0,5.0,Footwear,https://www.snitch.com/men-shoes/green-solid-with-perforations-sneakers-4msh0127-01/8666062487714/buy
00478.webp,https://d2wbq7o4qxi60y.cloudfront.net/8673931886754/1-800.webp,8673931886754,Beige Solid Sneakers,['Beige'],,Solid,Suede Leather & Mesh,2299.0,4.8,Footwear,https://www.snitch.com/men-shoes/beige-solid-sneakers-sh0121-03/8673931886754/buy
00479.webp,https://d2wbq7o4qxi60y.cloudfront.net/8683136057506/1-800.webp,8683136057506,Brown Textured Loafers,['Brown'],,Textured,Synthetic Leather,2299.0,5.0,Footwear,https://www.snitch.com/men-shoes/brown-textured-loafers-sh0039-02/8683136057506/buy
00480.webp,https://d2wbq7o4qxi60y.cloudfront.net/8569141887138/1-800.webp,8569141887138,Brown Textured Loafers,['Brown'],,Textured,Faux Leather,1999.0,4.4,Footwear,https://www.snitch.com/men-shoes/brown-textured-loafers-sh0109-02/8569141887138/buy
00481.webp,https://d2wbq7o4qxi60y.cloudfront.net/8666953384098/1-800.webp,8666953384098,Black Solid Sneakers,['black'],,solid,mesh textile,3499.0,4.4,Footwear,https://www.snitch.com/men-shoes/black-solid-sneakers-4msh0114-01/8666953384098/buy
00482.webp,https://d2wbq7o4qxi60y.cloudfront.net/8666953023650/1-800.webp,8666953023650,Black Solid Loafers,['Black'],,solid,faux leather,2299.0,5.0,Footwear,https://www.snitch.com/men-shoes/black-solid-loafers-sh0039-01/8666953023650/buy
00483.webp,https://d2wbq7o4qxi60y.cloudfront.net/8666062913698/1-800.webp,8666062913698,Beige Solid Perforations Sneakers,['Beige'],,Solid with perforations,Synthetic leather,2299.0,4.4,Footwear,https://www.snitch.com/men-shoes/beige-solid-with-perforations-sneakers-4msh0127-02/8666062913698/buy
00484.webp,https://d2wbq7o4qxi60y.cloudfront.net/8676753735842/1-800.webp,8676753735842,Navy Blue Solid Sneakers,['Navy Blue'],,Solid,Suede Leather & Mesh,2299.0,4.1,Footwear,https://www.snitch.com/men-shoes/navy-blue-solid-sneakers-sh0121-02/8676753735842/buy
00485.webp,https://d2wbq7o4qxi60y.cloudfront.net/8569225314466/1-800.webp,8569225314466,Brown Textured Loafers,['Brown'],,Textured,Faux Leather,1999.0,4.4,Footwear,https://www.snitch.com/men-shoes/brown-textured-loafers-sh0108-02/8569225314466/buy
00486.webp,https://d2wbq7o4qxi60y.cloudfront.net/8569142018210/1-800.webp,8569142018210,Navy Blue Textured Loafers,['Navy Blue'],,Textured,Faux Leather,2099.0,4.5,Footwear,https://www.snitch.com/men-shoes/navy-blue-textured-loafers-sh0113-03/8569142018210/buy
00487.webp,https://d2wbq7o4qxi60y.cloudfront.net/8666070057122/1-800.webp,8666070057122,White Color Block Sneakers,['White'],,Color Block,PU,2199.0,4.5,Footwear,https://www.snitch.com/men-shoes/white-color-block-sneakers-4msh0133-02/8666070057122/buy
00488.webp,https://d2wbq7o4qxi60y.cloudfront.net/8666063732898/1-800.webp,8666063732898,Rouge Suede Red Sneakers,['Red'],,Solid with contrast stripe,Synthetic Suede,1999.0,4.6,Footwear,https://www.snitch.com/men-shoes/red-solid-with-contrast-stripe-casual-shoes-4msh0136-02/8666063732898/buy
00489.webp,https://d2wbq7o4qxi60y.cloudfront.net/8673931985058/1-800.webp,8673931985058,Black Solid Sneakers,['Black'],,Solid,Faux Leather,2199.0,4.6,Footwear,https://www.snitch.com/men-shoes/black-solid-sneakers-sh0132-01/8673931985058/buy
00490.webp,https://d2wbq7o4qxi60y.cloudfront.net/8904874000546/1-800.webp,8904874000546,Navy Blue Lace up Boat Shoes,['Navy Blue'],,Solid,Vegan Leather,2299.0,4.4,Footwear,https://www.snitch.com/men-shoes/navy-blue-solid-casual-shoes-sh0171-01/8904874000546/buy
00491.webp,https://d2wbq7o4qxi60y.cloudfront.net/8666953187490/1-800.webp,8666953187490,White Solid High Ankle Sneakers,['White'],,Solid,Synthetic leather,2299.0,5.0,Footwear,https://www.snitch.com/men-shoes/white-solid-high-ankle-sneakers-4msh0131-02/8666953187490/buy
00492.webp,https://d2wbq7o4qxi60y.cloudfront.net/8666064912546/1-800.webp,8666064912546,Green Textured Sneakers,['Green'],,Textured and Ribbed,Mesh,2199.0,4.4,Footwear,https://www.snitch.com/men-shoes/green-textured-sneakers-4msh0122-01/8666064912546/buy
00493.webp,https://d2wbq7o4qxi60y.cloudfront.net/8569225609378/1-800.webp,8569225609378,Olive Textured Canvas Shoes,['Olive'],,Textured,Synthetic,1999.0,4.4,Footwear,https://www.snitch.com/men-shoes/olive-textured-canvas-shoes-sh0110-02/8569225609378/buy
00494.webp,https://d2wbq7o4qxi60y.cloudfront.net/8569141985442/1-800.webp,8569141985442,Brown Textured Loafers,['Brown'],,Textured,Faux Leather,2099.0,4.5,Footwear,https://www.snitch.com/men-shoes/brown-textured-loafers-sh0113-02/8569141985442/buy
00495.webp,https://d2wbq7o4qxi60y.cloudfront.net/8903490928802/1-800.webp,8903490928802,Black Oxford Shoes,['Black'],,Perforated,Vegan Leather,2299.0,4.5,Footwear,https://www.snitch.com/men-shoes/black-perforated-formal-shoes-sh0178-01/8903490928802/buy
00496.webp,https://d2wbq7o4qxi60y.cloudfront.net/8904874131618/1-800.webp,8904874131618,Brown Lace up Boat Shoes,['Brown'],,Solid,Vegan Leather,2299.0,4.5,Footwear,https://www.snitch.com/men-shoes/brown-solid-casual-shoes-sh0171-03/8904874131618/buy
00497.webp,https://d2wbq7o4qxi60y.cloudfront.net/8916119191714/1-800.webp,8916119191714,Brown Solid Loafers,['Brown'],,Plain,Synthetic leather,3299.0,4.3,Footwear,https://www.snitch.com/men-shoes/brown-plain-formal-shoes-sh0038-02/8916119191714/buy
00498.webp,https://d2wbq7o4qxi60y.cloudfront.net/8845865517218/1-800.webp,8845865517218,Aero Cream and Mustard Sneakers,['Cream'],,Solid with Stripes,PU+Suede,2049.0,5.0,Footwear,https://www.snitch.com/men-shoes/white-solid-with-stripes-sneakers-sh0169-02/8845865517218/buy
00499.webp,https://d2wbq7o4qxi60y.cloudfront.net/8666072350882/1-800.webp,8666072350882,Blue Solid Loafers,['Blue'],,Solid,Faux suede,2299.0,4.7,Footwear,https://www.snitch.com/men-shoes/blue-solid-loafers-4msh0149-01/8666072350882/buy
00500.webp,https://d2wbq7o4qxi60y.cloudfront.net/8295159234722/1-800.webp,8295159234722,Vertix Navy Cargo Pant,['Navy'],Slim Fit,Plain,Cotton,959.0,4.5,Cargo pants,https://www.snitch.com/men-cargos/vertix-navy-cargo-pant/8295159234722/buy
00501.webp,https://d2wbq7o4qxi60y.cloudfront.net/8052065435810/1-800.webp,8052065435810,Everett Black Cargo Pant,['Charcoal Grey'],Relaxed Fit,Plain,Cotton Blend,845.0,4.4,Cargo pants,https://www.snitch.com/men-cargos/everett-black-cargo-pant/8052065435810/buy
00502.webp,https://d2wbq7o4qxi60y.cloudfront.net/8879282225314/1-800.webp,8879282225314,6 Pocket Baggy Cargo Jeans,['Olive'],Baggy Fit,Plain,Cotton,1199.0,4.5,Cargo pants,https://www.snitch.com/men-cargos/100-cotton-baggy-six-pockets-cargo-pants-4mso4722-02/8879282225314/buy
00503.webp,https://d2wbq7o4qxi60y.cloudfront.net/8564767031458/1-800.webp,8564767031458,Black Relaxed Fit Cargo,['Black'],Relaxed Fit,Plain,Nylon Blend,899.0,4.4,Cargo pants,https://www.snitch.com/men-cargos/black-relaxed-fit-cargo-4mso4613-02/8564767031458/buy
00504.webp,https://d2wbq7o4qxi60y.cloudfront.net/8112043688098/1-800.webp,8112043688098,Starkie Olive Cargo Pant,['Olive'],Relaxed Fit,Plain,Cotton Blend,845.0,4.4,Cargo pants,https://www.snitch.com/men-cargos/starkie-olive-cargo-pant/8112043688098/buy
00505.webp,https://d2wbq7o4qxi60y.cloudfront.net/8052024344738/1-800.webp,8052024344738,Everett Light Grey Pant,['Off White'],Regular Fit,Plain,Cotton Blend,845.0,4.4,Cargo pants,https://www.snitch.com/men-cargos/everett-light-grey-pant/8052024344738/buy
00506.webp,https://d2wbq7o4qxi60y.cloudfront.net/8295162609826/1-800.webp,8295162609826,Vertix Olive Cargo Pant,['Olive'],Slim Fit,Plain,Cotton,959.0,4.6,Cargo pants,https://www.snitch.com/men-cargos/vertix-olive-cargo-pant/8295162609826/buy
00507.webp,https://d2wbq7o4qxi60y.cloudfront.net/8601822101666/1-800.webp,8601822101666,Black Mid Rise Relaxed Fit Cargo Pants,['Black'],Relaxed Fit,Solid,Polyester,1295.0,4.4,Cargo pants,https://www.snitch.com/men-cargos/black-mid-rise-relaxed-fit-cargo-pants-4mso4650-04/8601822101666/buy
00508.webp,https://d2wbq7o4qxi60y.cloudfront.net/8147016384674/1-800.webp,8147016384674,Cullin Black Corduroy Cargo Pant,['Navy'],Relaxed Fit,Textured,Polyester,839.0,4.5,Cargo pants,https://www.snitch.com/men-cargos/cullin-black-corduroy-cargo-pant/8147016384674/buy
00509.webp,https://d2wbq7o4qxi60y.cloudfront.net/7903235866786/1-800.webp,7903235866786,Hip Hop Dark Blue Baggy Cargo Jeans,['Navy'],Baggy Fit,Plain,Cotton,1019.0,4.5,Cargo pants,https://www.snitch.com/men-cargos/hip-hop-dark-blue-baggy-cargo-jeans/7903235866786/buy
00510.webp,https://d2wbq7o4qxi60y.cloudfront.net/8052023918754/1-800.webp,8052023918754,Everett Grey Cargo Pant,['Grey'],Relaxed Fit,Plain,Cotton Blend,845.0,4.5,Cargo pants,https://www.snitch.com/men-cargos/everett-grey-cargo-pant/8052023918754/buy
00511.webp,https://d2wbq7o4qxi60y.cloudfront.net/8873253798050/1-800.webp,8873253798050,6 Pocket Washed Baggy Cargo Jeans,['Blue'],Baggy Fit,Plain,Cotton,1079.0,4.4,Cargo pants,https://www.snitch.com/men-cargos/denim-100-cotton-six-pockets-baggy-cargo-pants-4mso4707-02/8873253798050/buy
00512.webp,https://d2wbq7o4qxi60y.cloudfront.net/8536878055586/1-800.webp,8536878055586,Black Corduroy Baggy Fit Cargo,['Black'],Baggy Fit,"Textured, Self-Design",Polyester,1499.0,4.5,Cargo pants,https://www.snitch.com/men-cargos/black-corduroy-baggy-fit-cargo-4mso4630-05/8536878055586/buy
00513.webp,https://d2wbq7o4qxi60y.cloudfront.net/8899669164194/1-800.webp,8899669164194,6 Pocket Baggy Cargo Jeans,['Grey'],Baggy Fit,Plain,Cotton,1199.0,4.5,Cargo pants,https://www.snitch.com/men-cargos/100-cotton-baggy-six-pockets-cargo-pants-4mso4722-03/8899669164194/buy
00514.webp,https://d2wbq7o4qxi60y.cloudfront.net/8112043131042/1-800.webp,8112043131042,Starkie Ash Grey Cargo Pant,['Grey'],Slim Fit,Plain,Cotton Blend,1409.0,4.5,Cargo pants,https://www.snitch.com/men-cargos/starkie-ash-grey-cargo-pant/8112043131042/buy
00515.webp,https://d2wbq7o4qxi60y.cloudfront.net/8868135862434/1-800.webp,8868135862434,6 Pocket Baggy Cargo Jeans,['Beige'],Baggy Fit,Plain,Cotton,1199.0,4.4,Cargo pants,https://www.snitch.com/men-cargos/100-cotton-baggy-six-pockets-cargo-pants-4mso4722-01/8868135862434/buy
00516.webp,https://d2wbq7o4qxi60y.cloudfront.net/9214318837922/1-800.webp,9214318837922,SNITCH X SIRAJ Wide Leg Cargo Pants,['Black'],Baggy Fit,Plain,Cotton,2199.0,4.4,Cargo pants,https://www.snitch.com/men-cargos/100-cotton-six-pockets-baggy-textured-cargo-pants-4ca004-01/9214318837922/buy
00517.webp,https://d2wbq7o4qxi60y.cloudfront.net/8935862894754/1-800.webp,8935862894754,100% Nylon 6 Pocket Baggy Cargo Pants,['Black'],Baggy Fit,Self-Design,Nylon,1499.0,4.2,Cargo pants,https://www.snitch.com/men-cargos/100-nylon-six-pockets-baggy-self-design-cargo-pants-4mso4708-05/8935862894754/buy
00518.webp,https://d2wbq7o4qxi60y.cloudfront.net/9214321950882/1-800.webp,9214321950882,6 Pocket Baggy Cargo Pants,['Brown'],Baggy Fit,Plain,Polyester,2299.0,4.2,Cargo pants,https://www.snitch.com/men-cargos/baggy-six-pockets-washed-cargo-pants-4mso4714-02/9214321950882/buy
00519.webp,https://d2wbq7o4qxi60y.cloudfront.net/8873253765282/1-800.webp,8873253765282,6 Pocket Washed Baggy Cargo Jeans,['Blue'],Baggy Fit,Plain,Cotton,1079.0,5.0,Cargo pants,https://www.snitch.com/men-cargos/denim-100-cotton-six-pockets-baggy-cargo-pants-4mso4707-01/8873253765282/buy
00520.webp,https://d2wbq7o4qxi60y.cloudfront.net/8769689911458/1-800.webp,8769689911458,Stretch 6 Pocket Baggy Cargo Pants,['Navy'],Baggy Fit,Plain,Poly Blend,899.0,4.7,Cargo pants,https://www.snitch.com/men-cargos/stretch-six-pockets-baggy-cargo-pants-4mso4710-01/8769689911458/buy
00521.webp,https://d2wbq7o4qxi60y.cloudfront.net/8706854224034/1-800.webp,8706854224034,Stretch Regular Fit Cargo Pants,['Black'],Regular Fit,Plain,Nylon Blend,1127.0,4.8,Cargo pants,https://www.snitch.com/men-cargos/stretch-regular-fit-cargo-pants-4mso4717-05/8706854224034/buy
00522.webp,https://d2wbq7o4qxi60y.cloudfront.net/8892230303906/1-800.webp,8892230303906,6 Pocket Baggy Cargo Jeans,['Black'],Baggy Fit,Plain,Cotton,1199.0,4.4,Cargo pants,https://www.snitch.com/men-cargos/100-cotton-baggy-six-pockets-cargo-pants-4mso4722-04/8892230303906/buy
00523.webp,https://d2wbq7o4qxi60y.cloudfront.net/8879282094242/1-800.webp,8879282094242,6 Pocket Washed Baggy Cargo Jeans,['Blue'],Baggy Fit,Plain,Cotton,1079.0,4.9,Cargo pants,https://www.snitch.com/men-cargos/denim-100-cotton-six-pockets-baggy-cargo-pants-4mso4707-03/8879282094242/buy
00524.webp,https://d2wbq7o4qxi60y.cloudfront.net/8937667100834/1-800.webp,8937667100834,100% Nylon 6 Pocket Baggy Cargo Pants,['Off White'],Baggy Fit,Self-Design,Nylon,1499.0,4.5,Cargo pants,https://www.snitch.com/men-cargos/100-nylon-six-pockets-baggy-self-design-cargo-pants-4mso4708-01/8937667100834/buy
00525.webp,https://d2wbq7o4qxi60y.cloudfront.net/8627393822882/1-800.webp,8627393822882,Black Regular Fit Cargo Carpenter Pants,['Black'],Regular Fit,Solid,Cotton Blend,1295.0,4.5,Cargo pants,https://www.snitch.com/men-cargos/black-regular-fit-cargo-carpenter-pants-4c-so0019-01/8627393822882/buy
00526.webp,https://d2wbq7o4qxi60y.cloudfront.net/9214321852578/1-800.webp,9214321852578,6 Pocket Baggy Cargo Pants,['Grey'],Baggy Fit,Plain,Polyester,2299.0,4.2,Cargo pants,https://www.snitch.com/men-cargos/baggy-six-pockets-washed-cargo-pants-4mso4714-01/9214321852578/buy
00527.webp,https://d2wbq7o4qxi60y.cloudfront.net/8783934488738/1-800.webp,8783934488738,9 Pocket Baggy Cargo Jeans,['Navy'],Baggy Fit,Plain,Cotton Blend,1319.0,4.3,Cargo pants,https://www.snitch.com/men-cargos/six-pockets-baggy-cargo-pants-4mso4700-02/8783934488738/buy
00528.webp,https://d2wbq7o4qxi60y.cloudfront.net/8896657129634/1-800.webp,8896657129634,6 Pocket Blue Cargo Jeans,['Blue'],Baggy Fit,Plain,Cotton,1139.0,4.6,Cargo pants,https://www.snitch.com/men-cargos/baggy-100-cotton-six-pockets-cargo-pants-4mso4680-01/8896657129634/buy
00529.webp,https://d2wbq7o4qxi60y.cloudfront.net/8700942909602/1-800.webp,8700942909602,Loose Fit Cargo Pants,['Black'],Loose Fit,Plain,Cotton Blend,1127.0,4.7,Cargo pants,https://www.snitch.com/men-cargos/loose-fit-black-cargo-pants-4mso4667-04/8700942909602/buy
00530.webp,https://d2wbq7o4qxi60y.cloudfront.net/8723833815202/1-800.webp,8723833815202,Baggy Fit Cargo Pants,['Black'],Baggy Fit,Plain,Polyester,1409.0,4.6,Cargo pants,https://www.snitch.com/men-cargos/baggy-six-pockets-cargo-pants-4mso4587-01/8723833815202/buy
00531.webp,https://d2wbq7o4qxi60y.cloudfront.net/8731083866274/1-800.webp,8731083866274,Straight Fit Twill Cargo Pants,['Navy'],Straight Fit,Plain,Cotton,1127.0,4.8,Cargo pants,https://www.snitch.com/men-cargos/six-pockets-100-cotton-straight-fit-cargo-pants-4mso4668-04/8731083866274/buy
00532.webp,https://d2wbq7o4qxi60y.cloudfront.net/8112042868898/1-800.webp,8112042868898,Starkie Beige Cargo Pant,['Beige'],Slim Fit,Plain,Cotton Blend,845.0,4.5,Cargo pants,https://www.snitch.com/men-cargos/starkie-beige-cargo-pant/8112042868898/buy
00533.webp,https://d2wbq7o4qxi60y.cloudfront.net/8686798635170/1-800.webp,8686798635170,Baggy Fit Clean Look Cargo Jeans,['Blue'],Baggy Fit,Plain,Cotton Blend,1073.0,4.2,Cargo pants,https://www.snitch.com/men-cargos/baggy-fit-clean-look-cargo-jeans-4mso4682-01/8686798635170/buy
00534.webp,https://d2wbq7o4qxi60y.cloudfront.net/8316833956002/1-800.webp,8316833956002,Pockethrive Olive Corduroy Cargo Pant,['Olive'],Relaxed Fit,Plain,Polyester,845.0,4.3,Cargo pants,https://www.snitch.com/men-cargos/pockethrive-olive-corduroy-cargo-pant/8316833956002/buy
00535.webp,https://d2wbq7o4qxi60y.cloudfront.net/8915800096930/1-800.webp,8915800096930,6 Pocket Stretch Cargo Pants,['Grey'],Regular Fit,Plain,Cotton Blend,1019.0,4.3,Cargo pants,https://www.snitch.com/men-cargos/regular-fit-six-pockets-stretch-cargo-pants-4mso4730-02/8915800096930/buy
00536.webp,https://d2wbq7o4qxi60y.cloudfront.net/8700942778530/1-800.webp,8700942778530,Loose Fit Cargo Pants,['Navy'],Loose Fit,Plain,Cotton Blend,1127.0,4.3,Cargo pants,https://www.snitch.com/men-cargos/dark-blue-loose-fit-cargo-pants-4mso4667-03/8700942778530/buy
00537.webp,https://d2wbq7o4qxi60y.cloudfront.net/8052024443042/1-800.webp,8052024443042,Everett Olive Cargo Pant,['Olive'],Relaxed Fit,Plain,Cotton Blend,845.0,4.5,Cargo pants,https://www.snitch.com/men-cargos/everett-olive-cargo-pant/8052024443042/buy
00538.webp,https://d2wbq7o4qxi60y.cloudfront.net/8650169024674/1-800.webp,8650169024674,Black Mid Rise Loose Fit Cargo Pants,['Black'],Loose Fit,Plain,Cotton,959.0,4.5,Cargo pants,https://www.snitch.com/men-cargos/black-mid-rise-loose-fit-cargo-pants-4mso4622-01/8650169024674/buy
00539.webp,https://d2wbq7o4qxi60y.cloudfront.net/8731083767970/1-800.webp,8731083767970,Straight Fit Twill Cargo Pants,['Olive'],Straight Fit,Plain,Cotton,1127.0,4.0,Cargo pants,https://www.snitch.com/men-cargos/six-pockets-100-cotton-straight-fit-cargo-pants-4mso4668-02/8731083767970/buy
00540.webp,https://d2wbq7o4qxi60y.cloudfront.net/8723833913506/1-800.webp,8723833913506,Baggy Fit Cargo Pants,['Olive'],Baggy Fit,Plain,Polyester,1409.0,4.8,Cargo pants,https://www.snitch.com/men-cargos/six-pockets-baggy-cargo-pants-4mso4587-02/8723833913506/buy
00541.webp,https://d2wbq7o4qxi60y.cloudfront.net/8659910590626/1-800.webp,8659910590626,9 Pocket Baggy Cargo Pants,['Blue'],Baggy Fit,Plain,Polyester,1073.0,4.9,Cargo pants,https://www.snitch.com/men-cargos/baggy-fit-mid-rise-blue-cargo-pants-4mso4641-02/8659910590626/buy
00542.webp,https://d2wbq7o4qxi60y.cloudfront.net/8736893632674/1-800.webp,8736893632674,6 pocket Loose Fit Cargo Pants,['Grey'],Loose Fit,Plain,Cotton Blend,1789.0,4.3,Cargo pants,https://www.snitch.com/men-cargos/six-pockets-loose-fit-stretch-cargo-pants-4mso4679-01/8736893632674/buy
00543.webp,https://d2wbq7o4qxi60y.cloudfront.net/8629658943650/1-800.webp,8629658943650,Black Slim Fit Cargo Carpenter Pant,['Black'],Slim Fit,Solid,Cotton Blend,1241.0,4.5,Cargo pants,https://www.snitch.com/men-cargos/black-slim-fit-cargo-carpenter-pants-4c-so0021-01/8629658943650/buy
00544.webp,https://d2wbq7o4qxi60y.cloudfront.net/8879282028706/1-800.webp,8879282028706,6 Pocket Straight Fit Cargo Pants,['Olive'],Straight Fit,Plain,Polyester,1499.0,4.7,Cargo pants,https://www.snitch.com/men-cargos/straight-fit-six-pockets-cargo-pants-4mso4716-03/8879282028706/buy
00545.webp,https://d2wbq7o4qxi60y.cloudfront.net/8706854420642/1-800.webp,8706854420642,9 Pocket Baggy Cargo Jeans,['Black'],Baggy Fit,Plain,Cotton Blend,1241.0,4.9,Cargo pants,https://www.snitch.com/men-cargos/baggy-fit-textured-cargo-pants-4mso4700-01/8706854420642/buy
00546.webp,https://d2wbq7o4qxi60y.cloudfront.net/8381899833506/1-800.webp,8381899833506,Nils Loose Fit Black Cargo Pants,['Black'],Loose Fit,Plain,Cotton,1019.0,4.4,Cargo pants,https://www.snitch.com/men-cargos/nils-loose-fit-black-cargo-pants/8381899833506/buy
00547.webp,https://d2wbq7o4qxi60y.cloudfront.net/8873869934754/1-800.webp,8873869934754,6 Pocket Straight Fit Cargo Pants,['Off White'],Straight Fit,Plain,Polyester,1499.0,5.0,Cargo pants,https://www.snitch.com/men-cargos/straight-fit-six-pockets-cargo-pants-4mso4716-01/8873869934754/buy
00548.webp,https://d2wbq7o4qxi60y.cloudfront.net/8879282159778/1-800.webp,8879282159778,Regular Fit 6 Pocket Cargo Jeans,['Blue'],Regular Fit,Plain,Cotton,1319.0,5.0,Cargo pants,https://www.snitch.com/men-cargos/regular-fit-100-cotton-six-pockets-cargo-pants-4mso4687-01/8879282159778/buy
00549.webp,https://d2wbq7o4qxi60y.cloudfront.net/8889032736930/1-800.webp,8889032736930,6 Pocket Dark Blue Cargo Jeans,['Blue'],Baggy Fit,Plain,Cotton,1139.0,4.4,Cargo pants,https://www.snitch.com/men-cargos/baggy-100-cotton-six-pockets-cargo-pants-4mso4680-02/8889032736930/buy
00550.webp,https://d2wbq7o4qxi60y.cloudfront.net/8934113083554/1-800.webp,8934113083554,100% Nylon 6 Pocket Baggy Cargo Pants,['Olive'],Baggy Fit,Self-Design,Nylon,1499.0,4.5,Cargo pants,https://www.snitch.com/men-cargos/100-nylon-six-pockets-baggy-textured-cargo-pants-4mso4708-04/8934113083554/buy
00551.webp,https://d2wbq7o4qxi60y.cloudfront.net/8704204079266/1-800.webp,8704204079266,Loose Fit Cargo Pants,['Green'],Loose Fit,Plain,Cotton Blend,1127.0,5.0,Cargo pants,https://www.snitch.com/men-cargos/loose-fit-dark-green-cargo-pants-4mso4667-02/8704204079266/buy
00552.webp,https://d2wbq7o4qxi60y.cloudfront.net/8937667166370/1-800.webp,8937667166370,100% Nylon 6 Pocket Baggy Cargo Pants,['Grey'],Baggy Fit,Self-Design,Nylon,1499.0,4.3,Cargo pants,https://www.snitch.com/men-cargos/100-nylon-six-pockets-baggy-self-design-cargo-pants-4mso4708-02/8937667166370/buy
00553.webp,https://d2wbq7o4qxi60y.cloudfront.net/8627841171618/1-800.webp,8627841171618,Mauve Loose Fit Cargo Pants,['Mauve'],Loose Fit,Plain,Cotton Blend,1879.0,4.8,Cargo pants,https://www.snitch.com/men-cargos/mauve-loose-fit-cargo-pants-4mso4658-04/8627841171618/buy
00554.webp,https://d2wbq7o4qxi60y.cloudfront.net/8601822036130/1-800.webp,8601822036130,Brown Mid Rise Relaxed Fit Cargo Pants,['Brown'],Relaxed Fit,Solid,Polyester,1295.0,4.5,Cargo pants,https://www.snitch.com/men-cargos/brown-mid-rise-relaxed-fit-cargo-pants-4mso4650-02/8601822036130/buy
00555.webp,https://d2wbq7o4qxi60y.cloudfront.net/8915800129698/1-800.webp,8915800129698,6 Pocket Stretch Cargo Pants,['Olive'],Regular Fit,Plain,Cotton Blend,1019.0,4.2,Cargo pants,https://www.snitch.com/men-cargos/regular-fit-six-pockets-stretch-cargo-pants-4mso4730-03/8915800129698/buy
00556.webp,https://d2wbq7o4qxi60y.cloudfront.net/8937667199138/1-800.webp,8937667199138,100% Nylon 6 Pocket Baggy Cargo Pants,['Khaki'],Baggy Fit,Self-Design,Nylon,1499.0,4.3,Cargo pants,https://www.snitch.com/men-cargos/100-nylon-six-pockets-baggy-self-design-cargo-pants-4mso4708-03/8937667199138/buy
00557.webp,https://d2wbq7o4qxi60y.cloudfront.net/8814312423586/1-800.webp,8814312423586,Loose Fit Stretch Cargo Pants,['Navy'],Loose Fit,Plain,Poly Blend,1199.0,4.4,Cargo pants,https://www.snitch.com/men-cargos/five-pockets-loose-fit-cargo-pants-4mso4686-04/8814312423586/buy
00558.webp,https://d2wbq7o4qxi60y.cloudfront.net/7917260144802/1-800.webp,7917260144802,Hip Hop Ice Blue Baggy Cargo Jeans,['Light Blue'],Baggy Fit,Plain,Cotton,1019.0,4.6,Cargo pants,https://www.snitch.com/men-cargos/hip-hop-ice-blue-baggy-cargo-jeans/7917260144802/buy
00559.webp,https://d2wbq7o4qxi60y.cloudfront.net/8882044829858/1-800.webp,8882044829858,6 Pocket Baggy Corduroy Cargo Pants,['Brown'],Baggy Fit,Plain,Cotton,1259.0,4.9,Cargo pants,https://www.snitch.com/men-cargos/corduroy-100-cotton-baggy-six-pockets-cargo-pants-4mso4721-01/8882044829858/buy
00560.webp,https://d2wbq7o4qxi60y.cloudfront.net/8879282258082/1-800.webp,8879282258082,Baggy Corduroy Cargo Pants,['Olive'],Baggy Fit,Plain,Cotton,1439.0,5.0,Cargo pants,https://www.snitch.com/men-cargos/baggy-six-pockets-100-cotton-corduroy-cargo-pants-4mso4606-01/8879282258082/buy
00561.webp,https://d2wbq7o4qxi60y.cloudfront.net/8882044862626/1-800.webp,8882044862626,6 Pocket Baggy Corduroy Cargo Pants,['Beige'],Baggy Fit,Plain,Cotton,1259.0,4.6,Cargo pants,https://www.snitch.com/men-cargos/corduroy-100-cotton-baggy-six-pockets-cargo-pants-4mso4721-02/8882044862626/buy
00562.webp,https://d2wbq7o4qxi60y.cloudfront.net/8706854027426/1-800.webp,8706854027426,Regular Fit Stretch Cargo Pants,['Grey'],Regular Fit,Plain,Nylon Blend,1127.0,5.0,Cargo pants,https://www.snitch.com/men-cargos/regular-fit-stretch-cargo-pants-4mso4717-02/8706854027426/buy
00563.webp,https://d2wbq7o4qxi60y.cloudfront.net/8608762200226/1-800.webp,8608762200226,Relaxed Fit Corduroy Cargo Pants,['Navy'],Relaxed Fit,Solid,Polyester,1019.0,4.5,Cargo pants,https://www.snitch.com/men-cargos/navy-relaxed-fit-corduroy-cargo-pants-4msr5167-05/8608762200226/buy
00564.webp,https://d2wbq7o4qxi60y.cloudfront.net/8910059045026/1-800.webp,8910059045026,6 Pocket Stretch Cargo Pants,['Grey'],Regular Fit,Plain,Cotton Blend,1019.0,4.5,Cargo pants,https://www.snitch.com/men-cargos/regular-fit-six-pockets-stretch-cargo-pants-4mso4730-01/8910059045026/buy
00565.webp,https://d2wbq7o4qxi60y.cloudfront.net/8769689845922/1-800.webp,8769689845922,8 Pocket Baggy Cargo Jeans,['Blue'],Baggy Fit,Plain,Cotton Blend,1139.0,5.0,Cargo pants,https://www.snitch.com/men-cargos/baggy-denim-eight-pockets-cargo-pants-4mso4697-01/8769689845922/buy
00566.webp,https://d2wbq7o4qxi60y.cloudfront.net/8731083833506/1-800.webp,8731083833506,Straight Fit Twill Cargo Pants,['Brown'],Straight Fit,Plain,Cotton,1127.0,4.7,Cargo pants,https://www.snitch.com/men-cargos/six-pockets-100-cotton-straight-fit-cargo-pants-4mso4668-03/8731083833506/buy
00567.webp,https://d2wbq7o4qxi60y.cloudfront.net/8700942581922/1-800.webp,8700942581922,Loose Fit Cargo Pants,['Grey'],Loose Fit,Plain,Cotton Blend,1127.0,4.7,Cargo pants,https://www.snitch.com/men-cargos/light-grey-loose-fit-cargo-pants-4mso4667-01/8700942581922/buy
00568.webp,https://d2wbq7o4qxi60y.cloudfront.net/8841387442338/1-800.webp,8841387442338,Loose Fit Stretch Cargo Pants,['Black'],Loose Fit,Plain,Poly Blend,1199.0,4.5,Cargo pants,https://www.snitch.com/men-cargos/six-pockets-loose-fit-cargo-pants-4mso4686-05/8841387442338/buy
00569.webp,https://d2wbq7o4qxi60y.cloudfront.net/8620089475234/1-800.webp,8620089475234,Light Grey Loose Fit Cargo Pants,['Light Grey'],Loose Fit,Plain,Cotton Blend,1879.0,4.9,Cargo pants,https://www.snitch.com/men-cargos/light-grey-loose-fit-cargo-pants-4mso4658-02/8620089475234/buy
00570.webp,https://d2wbq7o4qxi60y.cloudfront.net/8316833431714/1-800.webp,8316833431714,Pockethrive Black Corduroy Cargo Pant,['Black'],Relaxed Fit,Plain,Polyester,899.0,4.4,Cargo pants,https://www.snitch.com/men-cargos/pockethrive-black-corduroy-cargo-pant/8316833431714/buy
00571.webp,https://d2wbq7o4qxi60y.cloudfront.net/8601822003362/1-800.webp,8601822003362,White Mid Rise Relaxed Fit Cargo Pants,['White'],Relaxed Fit,Solid,Polyester,1295.0,4.4,Cargo pants,https://www.snitch.com/men-cargos/white-mid-rise-relaxed-fit-cargo-pants-4mso4650-01/8601822003362/buy
00572.webp,https://d2wbq7o4qxi60y.cloudfront.net/8769689878690/1-800.webp,8769689878690,8 Pocket Baggy Cargo Jeans,['Blue'],Baggy Fit,Plain,Cotton Blend,1073.0,4.8,Cargo pants,https://www.snitch.com/men-cargos/baggy-denim-eight-pockets-cargo-pants-4mso4697-03/8769689878690/buy
00573.webp,https://d2wbq7o4qxi60y.cloudfront.net/8723834011810/1-800.webp,8723834011810,Baggy Fit Cargo Pants,['Olive'],Baggy Fit,Plain,Polyester,1409.0,5.0,Cargo pants,https://www.snitch.com/men-cargos/baggy-six-pockets-cargo-pants-4mso4587-03/8723834011810/buy
00574.webp,https://d2wbq7o4qxi60y.cloudfront.net/8745560146082/1-800.webp,8745560146082,6 Pocket Relaxed Fit Technical Cargo Pants,['Beige'],Relaxed Fit,Plain,Nylon Blend,959.0,4.8,Cargo pants,https://www.snitch.com/men-cargos/eight-pockets-relaxed-fit-stretch-cargo-pants-4mso4675-01/8745560146082/buy
00575.webp,https://d2wbq7o4qxi60y.cloudfront.net/8709582979234/1-800.webp,8709582979234,Stretch Slim Fit Cargo Joggers,['Black'],Slim Fit,Textured,Cotton Blend,959.0,4.8,Cargo pants,https://www.snitch.com/men-cargos/regular-fit-patch-work-stretch-cargo-pants-4mso4635-02/8709582979234/buy
00576.webp,https://d2wbq7o4qxi60y.cloudfront.net/7938319679650/1-800.webp,7938319679650,Buzzer Blue Cargo Baggy Jeans,['Navy'],Baggy Fit,Plain,Cotton,959.0,4.4,Cargo pants,https://www.snitch.com/men-cargos/buzzer-blue-cargo-baggy-jeans/7938319679650/buy
00577.webp,https://d2wbq7o4qxi60y.cloudfront.net/8892584853666/1-800.webp,8892584853666,Regular Fit 6 Pocket Cargo Jeans,['Blue'],Regular Fit,Plain,Cotton,1319.0,4.7,Cargo pants,https://www.snitch.com/men-cargos/regular-fit-100-cotton-six-pockets-cargo-pants-4mso4687-03/8892584853666/buy
00578.webp,https://d2wbq7o4qxi60y.cloudfront.net/8647166361762/1-800.webp,8647166361762,Brown Mid Rise Relaxed Fit Cargo Pants,['Brown'],Relaxed Fit,Plain,Cotton Blend,1127.0,4.3,Cargo pants,https://www.snitch.com/men-cargos/brown-mid-rise-relaxed-fit-cargo-pants-4mso4590-02/8647166361762/buy
00579.webp,https://d2wbq7o4qxi60y.cloudfront.net/8884315095202/1-800.webp,8884315095202,Straight Fit Stretch Cargo Pants,['Grey'],Straight Fit,Plain,Cotton Blend,1139.0,4.7,Cargo pants,https://www.snitch.com/men-cargos/five-pockets-stretch-baggy-cargo-pants-4mso4720-02/8884315095202/buy
00580.webp,https://d2wbq7o4qxi60y.cloudfront.net/8889032769698/1-800.webp,8889032769698,6 Pocket Grey Cargo Jeans,['Grey'],Baggy Fit,Plain,Cotton,1139.0,4.2,Cargo pants,https://www.snitch.com/men-cargos/baggy-100-cotton-six-pockets-cargo-pants-4mso4680-03/8889032769698/buy
00581.webp,https://d2wbq7o4qxi60y.cloudfront.net/8879281963170/1-800.webp,8879281963170,6 Pocket Straight Fit Cargo Pants,['Brown'],Straight Fit,Plain,Polyester,1499.0,4.6,Cargo pants,https://www.snitch.com/men-cargos/straight-fit-six-pockets-cargo-pants-4mso4716-02/8879281963170/buy
00582.webp,https://d2wbq7o4qxi60y.cloudfront.net/8547278979234/1-800.webp,8547278979234,Relaxed Fit Black Parachute Pant,['Black'],Relaxed Fit,Plain,Poly Blend,677.0,4.5,Cargo pants,https://www.snitch.com/men-cargos/relaxed-fit-black-parachute-pant-4mso4614-01/8547278979234/buy
00583.webp,https://d2wbq7o4qxi60y.cloudfront.net/8915800228002/1-800.webp,8915800228002,6 Pocket Stretch Cargo Pants,['Black'],Regular Fit,Plain,Cotton Blend,1019.0,4.5,Cargo pants,https://www.snitch.com/men-cargos/regular-fit-six-pockets-stretch-cargo-pants-4mso4730-05/8915800228002/buy
00584.webp,https://d2wbq7o4qxi60y.cloudfront.net/8709582684322/1-800.webp,8709582684322,Stretch Regular Fit Cargo Pants,['Olive'],Regular Fit,Plain,Nylon Blend,1127.0,4.4,Cargo pants,https://www.snitch.com/men-cargos/stretch-regular-fit-cargo-pants-4mso4717-03/8709582684322/buy
00585.webp,https://d2wbq7o4qxi60y.cloudfront.net/8916117553314/1-800.webp,8916117553314,8 Pocket Baggy Denim Cargo Pants,['Black'],Baggy Fit,Plain,Cotton,2199.0,4.5,Cargo pants,https://www.snitch.com/men-cargos/acid-wash-baggy-100-cotton-six-pockets-cargo-pants-4mso4724-02/8916117553314/buy
00586.webp,https://d2wbq7o4qxi60y.cloudfront.net/8627841106082/1-800.webp,8627841106082,Olive Loose Fit Cargo Pants,['Olive'],Loose Fit,Plain,Cotton Blend,1879.0,5.0,Cargo pants,https://www.snitch.com/men-cargos/olive-loose-fit-cargo-pants-4mso4658-03/8627841106082/buy
00587.webp,https://d2wbq7o4qxi60y.cloudfront.net/9212182429858/1-800.webp,9212182429858,6 Pocket Baggy Cargo Pants,['Olive'],Baggy Fit,Plain,Polyester,2299.0,4.2,Cargo pants,https://www.snitch.com/men-cargos/baggy-seven-pockets-washed-cargo-pants-4mso4714-03/9212182429858/buy
00588.webp,https://d2wbq7o4qxi60y.cloudfront.net/7916038750370/1-800.webp,7916038750370,Hip Hop Blue Baggy Cargo Jeans,['Navy'],Baggy Fit,Plain,Cotton,1019.0,4.5,Cargo pants,https://www.snitch.com/men-cargos/hip-hop-blue-baggy-cargo-jeans/7916038750370/buy
00589.webp,https://d2wbq7o4qxi60y.cloudfront.net/8892584820898/1-800.webp,8892584820898,5 Pocket Stretch Cargo Joggers,['Navy'],Slim Fit,Plain,Nylon Blend,1199.0,4.5,Cargo pants,https://www.snitch.com/men-cargos/stretch-slim-fit-six-pockets-cargo-pants-4mso4586-04/8892584820898/buy
00590.webp,https://d2wbq7o4qxi60y.cloudfront.net/8651973984418/1-800.webp,8651973984418,7 Pocket Loose Fit Cargo Jeans,['Blue'],Loose Fit,Textured,Cotton,1013.0,4.8,Cargo pants,https://www.snitch.com/men-cargos/blue-relaxed-fit-cargo-jeans-4mso4670-03/8651973984418/buy
00591.webp,https://d2wbq7o4qxi60y.cloudfront.net/8070965428386/1-800.webp,8070965428386,Kyubic Grey Cargo Pant,['Brown'],Relaxed Fit,Plain,Cotton Blend,1079.0,4.5,Cargo pants,https://www.snitch.com/men-cargos/kyubic-grey-cargo-pant/8070965428386/buy
00592.webp,https://d2wbq7o4qxi60y.cloudfront.net/8614327222434/1-800.webp,8614327222434,Black Relaxed Fit Corduroy Cargo Pants,['Black'],Relaxed Fit,Plain,Polyester,1019.0,4.5,Cargo pants,https://www.snitch.com/men-cargos/black-relaxed-fit-corduroy-cargo-pants-4msr5167-06/8614327222434/buy
00593.webp,https://d2wbq7o4qxi60y.cloudfront.net/8825876054178/1-800.webp,8825876054178,Baggy Parachute Pants,['Black'],Baggy Fit,Plain,Polyester,1199.0,4.9,Cargo pants,https://www.snitch.com/men-cargos/baggy-six-pockets-cargo-pants-4mso4704-02/8825876054178/buy
00594.webp,https://d2wbq7o4qxi60y.cloudfront.net/8269952549026/1-800.webp,8269952549026,Adventure-Ready Cream Cargo Jeans,['Cream'],Relaxed Fit,Plain,Cotton,1019.0,4.5,Cargo pants,https://www.snitch.com/men-cargos/adventure-ready-cream-cargo-jeans/8269952549026/buy
00595.webp,https://d2wbq7o4qxi60y.cloudfront.net/8884315029666/1-800.webp,8884315029666,Straight Fit Stretch Cargo Pants,['Black'],Straight Fit,Plain,Cotton Blend,1139.0,4.9,Cargo pants,https://www.snitch.com/men-cargos/five-pockets-stretch-baggy-cargo-pants-4mso4720-01/8884315029666/buy
00596.webp,https://d2wbq7o4qxi60y.cloudfront.net/8730513408162/1-800.webp,8730513408162,Baggy Parachute Pants,['Khaki'],Baggy Fit,Plain,Polyester,1127.0,4.7,Cargo pants,https://www.snitch.com/men-cargos/baggy-seven-pockets-cargo-pants-4mso4704-01/8730513408162/buy
00597.webp,https://d2wbq7o4qxi60y.cloudfront.net/8659910492322/1-800.webp,8659910492322,9 Pocket Baggy Cargo Pants,['Blue'],Baggy Fit,Plain,Polyester,1073.0,4.3,Cargo pants,https://www.snitch.com/men-cargos/baggy-fit-mid-rise-light-blue-cargo-pants-4mso4641-01/8659910492322/buy
00598.webp,https://d2wbq7o4qxi60y.cloudfront.net/8892584755362/1-800.webp,8892584755362,5 Pocket Stretch Cargo Joggers,['Grey'],Slim Fit,Plain,Nylon Blend,1199.0,4.6,Cargo pants,https://www.snitch.com/men-cargos/stretch-slim-fit-six-pockets-cargo-pants-4mso4586-02/8892584755362/buy
00599.webp,https://d2wbq7o4qxi60y.cloudfront.net/7994674249890/1-800.webp,7994674249890,Entrant Olive Jogger,['Olive'],Slim Fit,Colourblocked,Cotton,959.0,4.5,Cargo pants,https://www.snitch.com/men-cargos/entrant-olive-jogger/7994674249890/buy
00600.webp,https://d2wbq7o4qxi60y.cloudfront.net/8041245573282/1-800.webp,8041245573282,Rager Blue Jogger,['Blue'],Slim Fit,Plain,Cotton Blend,1599.0,4.4,Joggers,https://www.snitch.com/men-joggers/rager-blue-jogger/8041245573282/buy
00601.webp,https://d2wbq7o4qxi60y.cloudfront.net/7994674249890/1-800.webp,7994674249890,Entrant Olive Jogger,['Olive'],Slim Fit,Colourblocked,Cotton,959.0,4.5,Joggers,https://www.snitch.com/men-joggers/entrant-olive-jogger/7994674249890/buy
00602.webp,https://d2wbq7o4qxi60y.cloudfront.net/8006284148898/1-800.webp,8006284148898,Stippy Blue Jogger,['Blue'],Slim Fit,Colourblocked,Cotton,959.0,4.4,Joggers,https://www.snitch.com/men-joggers/stippy-blue-jogger/8006284148898/buy
00603.webp,https://d2wbq7o4qxi60y.cloudfront.net/8686798667938/1-800.webp,8686798667938,Relaxed Fit Joggers,['Beige'],Relaxed Fit,Plain,Polyester,1182.0,4.9,Joggers,https://www.snitch.com/men-joggers/relaxed-fit-beige-joggers-4mtp0044-06/8686798667938/buy
00604.webp,https://d2wbq7o4qxi60y.cloudfront.net/8592239165602/1-800.webp,8592239165602,Black Relaxed Fit Joggers,['Black'],Relaxed Fit,Solid,Polyester,1689.0,4.6,Joggers,https://www.snitch.com/men-joggers/relaxed-fit-black-trackpants-4mtp0044-01/8592239165602/buy
00605.webp,https://d2wbq7o4qxi60y.cloudfront.net/8862611046562/1-800.webp,8862611046562,Relaxed Fit Stretch Joggers,['Khaki'],Relaxed Fit,Plain,Poly Blend,1999.0,4.2,Joggers,https://www.snitch.com/men-joggers/trackpants-stretch-relaxed-fit-track-pants-4mtp0063-02/8862611046562/buy
00606.webp,https://d2wbq7o4qxi60y.cloudfront.net/8592239657122/1-800.webp,8592239657122,Relaxed Fit Grey Joggers,['Grey'],Relaxed Fit,Solid,Polyester,1351.0,4.6,Joggers,https://www.snitch.com/men-joggers/relaxed-fit-grey-joggers-4mtp0044-05/8592239657122/buy
00607.webp,https://d2wbq7o4qxi60y.cloudfront.net/8884317454498/1-800.webp,8884317454498,Relaxed Fit Stretch Joggers,['Beige'],Relaxed Fit,Plain,Poly Blend,1999.0,4.4,Joggers,https://www.snitch.com/men-joggers/trackpants-stretch-relaxed-fit-track-pants-4mtp0063-01/8884317454498/buy
00608.webp,https://d2wbq7o4qxi60y.cloudfront.net/8856060002466/1-800.webp,8856060002466,Relaxed Fit Stretch Joggers,['Black'],Relaxed Fit,Plain,Poly Blend,1999.0,4.5,Joggers,https://www.snitch.com/men-joggers/trackpants-stretch-relaxed-fit-track-pants-4mtp0063-03/8856060002466/buy
00609.webp,https://d2wbq7o4qxi60y.cloudfront.net/8524116230306/1-800.webp,8524116230306,Navy Regular Fit Jogger,['Black'],Regular Fit,Plain,Cotton Blend,1127.0,4.5,Joggers,https://www.snitch.com/men-joggers/navy-regular-fit-jogger-4mtp0019-06/8524116230306/buy
00610.webp,https://d2wbq7o4qxi60y.cloudfront.net/9214320214178/1-800.webp,9214320214178,SNITCH X SIRAJ Baggy Joggers,['White'],Baggy Fit,Printed,Cotton Blend,2199.0,4.6,Joggers,https://www.snitch.com/men-joggers/printed-baggy-track-pants-4jo007-01/9214320214178/buy
00611.webp,https://d2wbq7o4qxi60y.cloudfront.net/8896661455010/1-800.webp,8896661455010,GRIND Acid Washed Baggy Joggers,['Black'],Baggy Fit,Textured,Cotton,2199.0,4.4,Joggers,https://www.snitch.com/men-joggers/100-cotton-terry-textured-baggy-trousers-4msr5492-01/8896661455010/buy
00612.webp,https://d2wbq7o4qxi60y.cloudfront.net/8701535748258/1-800.webp,8701535748258,Brown Relaxed Fit Joggers,['Brown'],Relaxed Fit,Plain,Polyester,1689.0,4.7,Joggers,https://www.snitch.com/men-joggers/trackpants-relaxed-fit-track-pants-4mtp0044-02/8701535748258/buy
00613.webp,https://d2wbq7o4qxi60y.cloudfront.net/8856060068002/1-800.webp,8856060068002,Relaxed Fit Stretch Joggers,['White'],Relaxed Fit,Plain,Poly Blend,1999.0,4.4,Joggers,https://www.snitch.com/men-joggers/trackpants-stretch-relaxed-fit-track-pants-4mtp0063-04/8856060068002/buy
00614.webp,https://d2wbq7o4qxi60y.cloudfront.net/7988898889890/1-800.webp,7988898889890,Utility Olive Cargo Jogger,['Olive'],Slim Fit,Colourblocked,Cotton,959.0,4.4,Joggers,https://www.snitch.com/men-joggers/utility-olive-cargo-jogger/7988898889890/buy
00615.webp,https://d2wbq7o4qxi60y.cloudfront.net/8524115968162/1-800.webp,8524115968162,Olive Regular Fit Jogger,['Black'],Regular Fit,Plain,Cotton Blend,1198.0,4.6,Joggers,https://www.snitch.com/men-joggers/olive-regular-fit-jogger-4mtp0019-05/8524115968162/buy
00616.webp,https://d2wbq7o4qxi60y.cloudfront.net/7988898791586/1-800.webp,7988898791586,Utility Black Cargo Jogger,['Black'],Slim Fit,Colourblocked,Cotton,959.0,4.5,Joggers,https://www.snitch.com/men-joggers/utility-black-cargo-jogger/7988898791586/buy
00617.webp,https://d2wbq7o4qxi60y.cloudfront.net/8620089278626/1-800.webp,8620089278626,Black Relaxed Fit Joggers,['Black'],Relaxed Fit,Plain,Cotton Blend,1315.0,4.6,Joggers,https://www.snitch.com/men-joggers/black-relaxed-fit-joggers-4mso4657-04/8620089278626/buy
00618.webp,https://d2wbq7o4qxi60y.cloudfront.net/8499445170338/1-800.webp,8499445170338,Olive Relaxed Fit Jogger,['Olive'],Relaxed Fit,Plain,Nylon,1199.0,4.6,Joggers,https://www.snitch.com/men-joggers/oliv-relaxed-fit-jogger-4mtp0037-05/8499445170338/buy
00619.webp,https://d2wbq7o4qxi60y.cloudfront.net/8023403987106/1-800.webp,8023403987106,Cut & Sew Grey Jogger,['Light Grey'],Slim Fit,Colourblocked,Cotton,959.0,4.4,Joggers,https://www.snitch.com/men-joggers/cut-sew-grey-jogger/8023403987106/buy
00620.webp,https://d2wbq7o4qxi60y.cloudfront.net/8592238936226/1-800.webp,8592238936226,Relaxed Fit Cream Joggers,['Cream'],Relaxed Fit,Solid,Polyester,1351.0,4.8,Joggers,https://www.snitch.com/men-joggers/relaxed-fit-off-white-trackpants-4mtp0044-04/8592238936226/buy
00621.webp,https://d2wbq7o4qxi60y.cloudfront.net/8628349763746/1-800.webp,8628349763746,Khaki Relaxed Fit Joggers,['Khaki'],Relaxed Fit,Plain,Cotton Blend,1315.0,4.5,Joggers,https://www.snitch.com/men-joggers/khaki-relaxed-fit-joggers-4mso4657-02/8628349763746/buy
00622.webp,https://d2wbq7o4qxi60y.cloudfront.net/8709582979234/1-800.webp,8709582979234,Stretch Slim Fit Cargo Joggers,['Black'],Slim Fit,Textured,Cotton Blend,959.0,4.8,Joggers,https://www.snitch.com/men-joggers/regular-fit-patch-work-stretch-cargo-pants-4mso4635-02/8709582979234/buy
00623.webp,https://d2wbq7o4qxi60y.cloudfront.net/8686798438562/1-800.webp,8686798438562,Seven Pocket Cargo Joggers,['Black'],Regular Fit,Plain,Cotton Blend,959.0,4.6,Joggers,https://www.snitch.com/men-joggers/stretch-regular-fit-cargo-joggers-4mso4633-02/8686798438562/buy
00624.webp,https://d2wbq7o4qxi60y.cloudfront.net/8536890933410/1-800.webp,8536890933410,Grey Relaxed Fit Jogger,['Grey'],Relaxed Fit,Plain,Poly Blend,1055.0,4.3,Joggers,https://www.snitch.com/men-joggers/grey-relaxed-fit-jogger-4mtp0039-02/8536890933410/buy
00625.webp,https://d2wbq7o4qxi60y.cloudfront.net/8686798471330/1-800.webp,8686798471330,Seven Pocket Cargo Joggers,['Grey'],Regular Fit,Plain,Cotton Blend,959.0,4.7,Joggers,https://www.snitch.com/men-joggers/regular-fit-stretch-cargo-joggers-4mso4633-04/8686798471330/buy
00626.webp,https://d2wbq7o4qxi60y.cloudfront.net/8686798405794/1-800.webp,8686798405794,Seven Pocket Cargo Joggers,['Beige'],Regular Fit,Plain,Cotton Blend,959.0,4.5,Joggers,https://www.snitch.com/men-joggers/stretch-regular-fit-cargo-joggers-4mso4633-01/8686798405794/buy
00627.webp,https://d2wbq7o4qxi60y.cloudfront.net/8690887229602/1-800.webp,8690887229602,Seven Pocket Cargo Joggers,['Olive'],Regular Fit,Plain,Cotton Blend,959.0,4.7,Joggers,https://www.snitch.com/men-joggers/regular-fit-stretch-cargo-joggers-4mso4633-03/8690887229602/buy
00628.webp,https://d2wbq7o4qxi60y.cloudfront.net/8536891064482/1-800.webp,8536891064482,Black Relaxed Fit Jogger,['Black'],Relaxed Fit,Plain,Poly Blend,1055.0,4.4,Joggers,https://www.snitch.com/men-joggers/black-relaxed-fit-jogger-4mtp0039-03/8536891064482/buy
00629.webp,https://d2wbq7o4qxi60y.cloudfront.net/8495379546274/1-800.webp,8495379546274,White Relaxed Fit Jogger,['White'],Relaxed Fit,Plain,Satin Blend,1199.0,4.5,Joggers,https://www.snitch.com/men-joggers/white-relaxed-fit-jogger-4mtp0038-01/8495379546274/buy
00630.webp,https://d2wbq7o4qxi60y.cloudfront.net/8494685159586/1-800.webp,8494685159586,Navy Relaxed Fit Jogger,['Navy'],Relaxed Fit,Plain,Satin Blend,1049.0,4.5,Joggers,https://www.snitch.com/men-joggers/navy-relaxed-fit-jogger-4mtp0038-05/8494685159586/buy
00631.webp,https://d2wbq7o4qxi60y.cloudfront.net/8494684569762/1-800.webp,8494684569762,Black Relaxed Fit Jogger,['Black'],Relaxed Fit,Plain,Nylon,1199.0,4.5,Joggers,https://www.snitch.com/men-joggers/black-relaxed-fit-jogger-4mtp0036-06/8494684569762/buy
00632.webp,https://d2wbq7o4qxi60y.cloudfront.net/8490825089186/1-800.webp,8490825089186,Cream Relaxed Fit Joggers,['Cream'],Relaxed Fit,Plain,Cotton,923.0,4.5,Joggers,https://www.snitch.com/men-joggers/cream-relaxed-fit-joggers-4mtp0031-02/8490825089186/buy
00633.webp,https://d2wbq7o4qxi60y.cloudfront.net/8499445924002/1-800.webp,8499445924002,Black Relaxed Fit Jogger,['Black'],Relaxed Fit,Plain,Nylon,1049.0,4.4,Joggers,https://www.snitch.com/men-joggers/black-relaxed-fit-jogger-4mtp0037-07/8499445924002/buy
00634.webp,https://d2wbq7o4qxi60y.cloudfront.net/8499445563554/1-800.webp,8499445563554,Navy Relaxed Fit Jogger,['Navy'],Relaxed Fit,Plain,Nylon,1199.0,4.4,Joggers,https://www.snitch.com/men-joggers/navy-relaxed-fit-jogger-4mtp0037-06/8499445563554/buy
00635.webp,https://d2wbq7o4qxi60y.cloudfront.net/8499444613282/1-800.webp,8499444613282,Grey Relaxed Fit Jogger,['Grey'],Relaxed Fit,Plain,Nylon,1199.0,4.5,Joggers,https://www.snitch.com/men-joggers/grey-relaxed-fit-jogger-4mtp0037-03/8499444613282/buy
00636.webp,https://d2wbq7o4qxi60y.cloudfront.net/8552526905506/1-800.webp,8552526905506,Navy Relaxed Fit Jogger,['Navy'],Relaxed Fit,Plain,Cotton,1127.0,4.4,Joggers,https://www.snitch.com/men-joggers/navy-relaxed-fit-jogger-4mtp0043-02/8552526905506/buy
00637.webp,https://d2wbq7o4qxi60y.cloudfront.net/8892584820898/1-800.webp,8892584820898,5 Pocket Stretch Cargo Joggers,['Navy'],Slim Fit,Plain,Nylon Blend,1199.0,4.5,Joggers,https://www.snitch.com/men-joggers/stretch-slim-fit-six-pockets-cargo-pants-4mso4586-04/8892584820898/buy
00638.webp,https://d2wbq7o4qxi60y.cloudfront.net/8892584755362/1-800.webp,8892584755362,5 Pocket Stretch Cargo Joggers,['Grey'],Slim Fit,Plain,Nylon Blend,1199.0,4.6,Joggers,https://www.snitch.com/men-joggers/stretch-slim-fit-six-pockets-cargo-pants-4mso4586-02/8892584755362/buy
00639.webp,https://d2wbq7o4qxi60y.cloudfront.net/7997213802658/1-800.webp,7997213802658,Hover Orange Contrast Pocket Jogger,['Orange'],Slim Fit,Colourblocked,Cotton,1599.0,4.4,Joggers,https://www.snitch.com/men-joggers/hover-orange-contrast-pocket-jogger/7997213802658/buy
00640.webp,https://d2wbq7o4qxi60y.cloudfront.net/8892584788130/1-800.webp,8892584788130,5 Pocket Stretch Cargo Joggers,['Olive'],Slim Fit,Plain,Nylon Blend,1199.0,4.8,Joggers,https://www.snitch.com/men-joggers/stretch-slim-fit-six-pockets-cargo-pants-4mso4586-03/8892584788130/buy
00641.webp,https://d2wbq7o4qxi60y.cloudfront.net/8736893370530/1-800.webp,8736893370530,Adjustable Cuff Regular Fit Joggers,['Olive'],Regular Fit,Plain,Cotton Blend,1789.0,4.2,Joggers,https://www.snitch.com/men-joggers/five-pockets-stretch-regular-fit-trackpants-track-pants-4mtp0060-03/8736893370530/buy
00642.webp,https://d2wbq7o4qxi60y.cloudfront.net/8736461783202/1-800.webp,8736461783202,Adjustable Cuff Regular Fit Joggers,['Black'],Regular Fit,Plain,Cotton Blend,1789.0,4.7,Joggers,https://www.snitch.com/men-joggers/five-pockets-stretch-regular-fit-trackpants-track-pants-4mtp0060-04/8736461783202/buy
00643.webp,https://d2wbq7o4qxi60y.cloudfront.net/7997213704354/1-800.webp,7997213704354,Hover Green Contrast Pocket Jogger,,Slim Fit,Colourblocked,Cotton,1599.0,4.4,Joggers,https://www.snitch.com/men-joggers/hover-green-contrast-pocket-jogger/7997213704354/buy
00644.webp,https://d2wbq7o4qxi60y.cloudfront.net/8690888212642/1-800.webp,8690888212642,Stretch Slim Fit Cargo Joggers,['Brown'],Slim Fit,Plain,Cotton Blend,959.0,4.8,Joggers,https://www.snitch.com/men-joggers/stretch-slim-fit-cargo-pants-4mso4635-01/8690888212642/buy
00645.webp,https://d2wbq7o4qxi60y.cloudfront.net/8592239460514/1-800.webp,8592239460514,Dark Grey Relaxed Fit Joggers,['Dark Grey'],Relaxed Fit,Solid,Polyester,1182.0,4.8,Joggers,https://www.snitch.com/men-joggers/relaxed-fit-dark-grey-trackpants-4mtp0044-03/8592239460514/buy
00646.webp,https://d2wbq7o4qxi60y.cloudfront.net/8892230369442/1-800.webp,8892230369442,5 Pocket Stretch Cargo Joggers,['Black'],Slim Fit,Plain,Nylon Blend,1199.0,4.2,Joggers,https://www.snitch.com/men-joggers/stretch-slim-fit-six-pockets-cargo-pants-4mso4586-05/8892230369442/buy
00647.webp,https://d2wbq7o4qxi60y.cloudfront.net/8892584722594/1-800.webp,8892584722594,5 Pocket Stretch Cargo Joggers,['Grey'],Slim Fit,Plain,Nylon Blend,1199.0,5.0,Joggers,https://www.snitch.com/men-joggers/stretch-slim-fit-six-pockets-cargo-pants-4mso4586-01/8892584722594/buy
00648.webp,https://d2wbq7o4qxi60y.cloudfront.net/8552526774434/1-800.webp,8552526774434,Dark Green Relaxed Fit Jogger,['Dark Green'],Relaxed Fit,Plain,Cotton,1409.0,4.4,Joggers,https://www.snitch.com/men-joggers/dark-green-relaxed-fit-jogger-4mtp0042-03/8552526774434/buy
00649.webp,https://d2wbq7o4qxi60y.cloudfront.net/8524128092322/1-800.webp,8524128092322,Black Slim Fit Cargo Joggers,['Black'],Slim Fit,Plain,Cotton Blend,1499.0,4.4,Joggers,https://www.snitch.com/men-joggers/black-slim-fit-cargo-joggers-4mtp0029-01/8524128092322/buy
00650.webp,https://d2wbq7o4qxi60y.cloudfront.net/8615676182690/1-800.webp,8615676182690,Black Mid Rise Slim Fit Joggers,['Black'],Slim Fit,Solid,Cotton Blend,1359.0,4.5,Joggers,https://www.snitch.com/men-joggers/black-mid-rise-slim-fit-joggers-4mtp0045-04/8615676182690/buy
00651.webp,https://d2wbq7o4qxi60y.cloudfront.net/8736893337762/1-800.webp,8736893337762,Adjustable Cuff Regular Fit Joggers,['Olive'],Regular Fit,Plain,Cotton Blend,1789.0,4.5,Joggers,https://www.snitch.com/men-joggers/five-pockets-stretch-regular-fit-trackpants-track-pants-4mtp0060-02/8736893337762/buy
00652.webp,https://d2wbq7o4qxi60y.cloudfront.net/8736461619362/1-800.webp,8736461619362,Adjustable Cuff Regular Fit Joggers,['Beige'],Regular Fit,Plain,Cotton Blend,1789.0,4.2,Joggers,https://www.snitch.com/men-joggers/five-pockets-stretch-regular-fit-trackpants-track-pants-4mtp0060-01/8736461619362/buy
00653.webp,https://d2wbq7o4qxi60y.cloudfront.net/8633956204706/1-800.webp,8633956204706,Black Regular Fit Cargo Joggers,['Black'],Regular Fit,Plain,,1241.0,4.3,Joggers,https://www.snitch.com/men-joggers/black-regular-fit-cargo-joggers-4mso4628-04/8633956204706/buy
00654.webp,https://d2wbq7o4qxi60y.cloudfront.net/8709583241378/1-800.webp,8709583241378,Stretch Slim Fit Cargo Joggers,['Beige'],Slim Fit,Textured,Cotton Blend,959.0,4.5,Joggers,https://www.snitch.com/men-joggers/regular-fit-stretch-patch-work-cargo-pants-4mso4635-04/8709583241378/buy
00655.webp,https://d2wbq7o4qxi60y.cloudfront.net/8627843072162/1-800.webp,8627843072162,Dark Brown Slim Fit Joggers,['Dark Brown'],Slim Fit,Plain,Cotton Blend,1279.0,4.5,Joggers,https://www.snitch.com/men-joggers/dark-brown-slim-fit-joggers-4mtp0045-02/8627843072162/buy
00656.webp,https://d2wbq7o4qxi60y.cloudfront.net/8614327124130/1-800.webp,8614327124130,Dark Green Relaxed Fit Joggers,['Dark Green'],Relaxed Fit,Plain,Cotton Blend,1503.0,4.5,Joggers,https://www.snitch.com/men-joggers/dark-green-relaxed-fit-joggers-4mso4657-03/8614327124130/buy
00657.webp,https://d2wbq7o4qxi60y.cloudfront.net/8633955844258/1-800.webp,8633955844258,Beige Regular Fit Cargo Joggers,['Beige'],Regular Fit,Plain,,1241.0,4.5,Joggers,https://www.snitch.com/men-joggers/beige-regular-fit-cargo-joggers-4mso4628-01/8633955844258/buy
00658.webp,https://d2wbq7o4qxi60y.cloudfront.net/8494685257890/1-800.webp,8494685257890,Jet Black Relaxed Fit Jogger,['Black'],Relaxed Fit,Plain,Satin Blend,1199.0,4.5,Joggers,https://www.snitch.com/men-joggers/jet-black-relaxed-fit-jogger-4mtp0038-06/8494685257890/buy
00659.webp,https://d2wbq7o4qxi60y.cloudfront.net/8494684995746/1-800.webp,8494684995746,Dark Green Relaxed Fit Jogger,['Olive'],Relaxed Fit,Plain,Satin Blend,1199.0,4.5,Joggers,https://www.snitch.com/men-joggers/dark-green-relaxed-fit-jogger-4mtp0038-04/8494684995746/buy
00660.webp,https://d2wbq7o4qxi60y.cloudfront.net/8494684864674/1-800.webp,8494684864674,Dark Grey Relaxed Fit Jogger,['Grey'],Relaxed Fit,Plain,Satin Blend,1199.0,4.4,Joggers,https://www.snitch.com/men-joggers/dark-grey-relaxed-fit-jogger-4mtp0038-03/8494684864674/buy
00661.webp,https://d2wbq7o4qxi60y.cloudfront.net/8494684438690/1-800.webp,8494684438690,Dark Blue Relaxed Fit Jogger,['Dark Blue'],Relaxed Fit,Plain,Nylon,1275.0,4.5,Joggers,https://www.snitch.com/men-joggers/dark-blue-relaxed-fit-jogger-4mtp0036-05/8494684438690/buy
00662.webp,https://d2wbq7o4qxi60y.cloudfront.net/8405078180002/1-800.webp,8405078180002,Ole Beige Hyper Flex Joggers,['Beige'],Slim Fit,Plain,Cotton Blend,1279.0,4.4,Joggers,https://www.snitch.com/men-joggers/ole-beige-plain-slim-fit-joggers/8405078180002/buy
00663.webp,https://d2wbq7o4qxi60y.cloudfront.net/8686798536866/1-800.webp,8686798536866,Regular Fit 7 Pocket Cargo Joggers,['Black'],Regular Fit,Plain,Cotton Blend,959.0,4.7,Joggers,https://www.snitch.com/men-joggers/regular-fit-stretch-cargo-joggers-4mso4634-01/8686798536866/buy
00664.webp,https://d2wbq7o4qxi60y.cloudfront.net/8722883608738/1-800.webp,8722883608738,Stars Within Relaxed Fit Velour Joggers,['Blue'],Relaxed Fit,Plain,Poly Blend,1499.0,4.7,Joggers,https://www.snitch.com/men-joggers/relaxed-fit-stretch-trousers-4msr5295-01/8722883608738/buy
00665.webp,https://d2wbq7o4qxi60y.cloudfront.net/8673470611618/1-800.webp,8673470611618,Relaxed Fit Stretch Black Cargo Joggers,['Black'],Relaxed Fit,Plain,Nylon Blend,899.0,4.5,Joggers,https://www.snitch.com/men-joggers/relaxed-fit-stretch-black-cargo-joggers-4mso4654-01/8673470611618/buy
00666.webp,https://d2wbq7o4qxi60y.cloudfront.net/8690888016034/1-800.webp,8690888016034,Regular Fit 7 Pocket Cargo Joggers,['Olive'],Regular Fit,Plain,Cotton Blend,959.0,4.3,Joggers,https://www.snitch.com/men-joggers/regular-fit-stretch-cargo-joggers-4mso4634-02/8690888016034/buy
00667.webp,https://d2wbq7o4qxi60y.cloudfront.net/8615675953314/1-800.webp,8615675953314,Grey Mid Rise Slim Fit Joggers,['Grey'],Slim Fit,Solid,Cotton Blend,1119.0,4.4,Joggers,https://www.snitch.com/men-joggers/grey-mid-rise-slim-fit-joggers-4mtp0045-03/8615675953314/buy
00668.webp,https://d2wbq7o4qxi60y.cloudfront.net/8615674282146/1-800.webp,8615674282146,Beige Mid Rise Relaxed Fit Joggers,['Beige'],Relaxed Fit,Solid,Cotton Blend,1503.0,4.5,Joggers,https://www.snitch.com/men-joggers/beige-mid-rise-relaxed-fit-joggers-4mso4657-01/8615674282146/buy
00669.webp,https://d2wbq7o4qxi60y.cloudfront.net/8633955975330/1-800.webp,8633955975330,Light Grey Regular Fit Cargo Joggers,['Light Grey'],Regular Fit,Plain,,1241.0,4.6,Joggers,https://www.snitch.com/men-joggers/light-grey-regular-fit-cargo-joggers-4mso4628-02/8633955975330/buy
00670.webp,https://d2wbq7o4qxi60y.cloudfront.net/8553940615330/1-800.webp,8553940615330,Core Lab Olive Relaxed Fit Jogger,['Olive'],Relaxed Fit,Plain,Cotton,1275.0,4.4,Joggers,https://www.snitch.com/men-joggers/core-lab-olive-relaxed-fit-jogger-4mtp0043-03/8553940615330/buy
00671.webp,https://d2wbq7o4qxi60y.cloudfront.net/8650168959138/1-800.webp,8650168959138,Regular Fit Stretch Grey Cargo Joggers,['Grey'],Regular Fit,Plain,Nylon Blend,845.0,4.6,Joggers,https://www.snitch.com/men-joggers/regular-fit-stretch-grey-cargo-joggers-4mso4655-01/8650168959138/buy
00672.webp,https://d2wbq7o4qxi60y.cloudfront.net/8627393364130/1-800.webp,8627393364130,Grey Mid Rise Relaxed Fit Joggers,['Grey'],Relaxed Fit,Solid,Cotton Blend,1511.0,4.7,Joggers,https://www.snitch.com/men-joggers/grey-mid-rise-relaxed-fit-joggers-4c-sj0003-01/8627393364130/buy
00673.webp,https://d2wbq7o4qxi60y.cloudfront.net/8518214877346/1-800.webp,8518214877346,Navy 5 Pockets Slim Fit Joggers,['Navy'],Slim Fit,Plain,Poly Blend,899.0,4.6,Joggers,https://www.snitch.com/men-joggers/navy-5-pockets-slim-fit-joggers-4mtp0035-05/8518214877346/buy
00674.webp,https://d2wbq7o4qxi60y.cloudfront.net/8553940189346/1-800.webp,8553940189346,Core Lab Black Relaxed Fit Jogger,['Black'],Relaxed Fit,Plain,Cotton,1198.0,4.5,Joggers,https://www.snitch.com/men-joggers/core-lab-black-relaxed-fit-jogger-4mtp0043-01/8553940189346/buy
00675.webp,https://d2wbq7o4qxi60y.cloudfront.net/8673470808226/1-800.webp,8673470808226,Relaxed Fit Stretch Dark Grey Cargo Joggers,['Grey'],Relaxed Fit,Plain,Nylon Blend,899.0,4.8,Joggers,https://www.snitch.com/men-joggers/relaxed-fit-stretch-dark-grey-cargo-joggers-4mso4654-03/8673470808226/buy
00676.webp,https://d2wbq7o4qxi60y.cloudfront.net/8615675756706/1-800.webp,8615675756706,Light Beige Mid Rise Slim Fit Joggers,['Beige'],Slim Fit,Solid,Cotton Blend,1279.0,4.6,Joggers,https://www.snitch.com/men-joggers/beige-mid-rise-slim-fit-joggers-4mtp0045-01/8615675756706/buy
00677.webp,https://d2wbq7o4qxi60y.cloudfront.net/8457227305122/1-800.webp,8457227305122,Powder Blue Zipper Polo T-Shirt,['Blue'],Slim Fit,Plain,Cotton,1129.0,4.5,Joggers,https://www.snitch.com/men-joggers/powder-blue-zipper-polo-t-shirt-4mst2418-02/8457227305122/buy
00678.webp,https://d2wbq7o4qxi60y.cloudfront.net/8104914354338/1-800.webp,8104914354338,Paladin Blue Polo T-Shirt,['Blue'],Slim Fit,"Textured, Self-Design",Cotton,1129.0,4.5,Joggers,https://www.snitch.com/men-joggers/paladin-blue-polo-t-shirt/8104914354338/buy
00679.webp,https://d2wbq7o4qxi60y.cloudfront.net/7235474555042/1-800.webp,7235474555042,Raw Edge Olive T-Shirt,['Olive'],Slim Fit,Plain,Cotton Blend,509.0,4.6,Joggers,https://www.snitch.com/men-joggers/raw-edge-olive-t-shirt/7235474555042/buy
00680.webp,https://d2wbq7o4qxi60y.cloudfront.net/8209523146914/1-800.webp,8209523146914,Pinnacle Navy Polo T-Shirt,['Navy'],Slim Fit,"Textured, Self-Design",Polyester,999.0,4.4,Joggers,https://www.snitch.com/men-joggers/pinnacle-navy-polo-t-shirt/8209523146914/buy
00681.webp,https://d2wbq7o4qxi60y.cloudfront.net/8633960300706/1-800.webp,8633960300706,Cupid Touch Brown Oversized Fit T-Shirt,['Brown'],Oversized Fit,Graphic Print,,799.0,4.4,Joggers,https://www.snitch.com/men-joggers/cupid-touch-brown-oversized-fit-t-shirt-4mst2534-01/8633960300706/buy
00682.webp,https://d2wbq7o4qxi60y.cloudfront.net/9214324605090/1-800.webp,9214324605090,100% Cotton Oversized T-Shirt,['Blue'],Oversized Fit,Plain,Cotton,1099.0,4.2,Joggers,https://www.snitch.com/men-joggers/oversized-100-cotton-t-shirt-4rn002-11/9214324605090/buy
00683.webp,https://d2wbq7o4qxi60y.cloudfront.net/9232341926050/1-800.webp,9232341926050,Slim Fit Stretch Printed T-Shirt,['White'],Slim Fit,Graphic Print,Cotton Blend,999.0,4.2,Joggers,https://www.snitch.com/men-joggers/slim-fit-graphic-stretch-t-shirt-mp-4rn225-01/9232341926050/buy
00684.webp,https://d2wbq7o4qxi60y.cloudfront.net/8752168796322/1-800.webp,8752168796322,Waffle Regular Fit Track Pants,['Brown'],Regular Fit,Textured,Poly Blend,1789.0,4.8,Joggers,https://www.snitch.com/men-joggers/textured-regular-fit-trackpants-stretch-track-pants-4mtp0052-03/8752168796322/buy
00685.webp,https://d2wbq7o4qxi60y.cloudfront.net/8065540292770/1-800.webp,8065540292770,Nordic Blue Polo T-Shirt,['Blue'],Slim Fit,"Textured, Self-Design",Cotton,1104.0,4.5,Joggers,https://www.snitch.com/men-joggers/nordic-blue-polo-t-shirt/8065540292770/buy
00686.webp,https://d2wbq7o4qxi60y.cloudfront.net/8316843262114/1-800.webp,8316843262114,ZipPolo Printed Cream Polo T-Shirt,['Cream'],Slim Fit,"Textured, Self-Design",Polyester,1019.0,4.5,Joggers,https://www.snitch.com/men-joggers/zippolo-printed-cream-polo-t-shirt/8316843262114/buy
00687.webp,https://d2wbq7o4qxi60y.cloudfront.net/8553916760226/1-800.webp,8553916760226,Core Lab Blue Solid Regular Fit T-Shirt,['Blue'],Regular Fit,Plain,Cotton,539.0,4.4,Joggers,https://www.snitch.com/men-joggers/blue-solid-regular-fit-t-shirt-4mst2500-06/8553916760226/buy
00688.webp,https://d2wbq7o4qxi60y.cloudfront.net/8667306524834/1-800.webp,8667306524834,Relaxed Fit Stretch Navy Blue Trousers,['Navy'],Relaxed Fit,Self-Design,Poly Blend,1589.0,4.4,Joggers,https://www.snitch.com/men-joggers/relaxed-fit-stretch-navy-blue-trousers-4msr5187-01/8667306524834/buy
00689.webp,https://d2wbq7o4qxi60y.cloudfront.net/8521466282146/1-800.webp,8521466282146,Shine Rejoice Vibe Light Blue Oversized T-Shirt,['Light Blue'],Oversized Fit,"Printed, Graphic Print",Cotton,1029.0,4.4,Joggers,https://www.snitch.com/men-joggers/shine-rejoice-vibe-light-blue-oversized-t-shirt-4mst2473-01/8521466282146/buy
00690.webp,https://d2wbq7o4qxi60y.cloudfront.net/7235452043426/1-800.webp,7235452043426,Raw Edge Sky Blue T-Shirt,['Blue'],Slim Fit,Plain,Cotton Blend,509.0,4.4,Joggers,https://www.snitch.com/men-joggers/raw-edge-sky-blue-t-shirt/7235452043426/buy
00691.webp,https://d2wbq7o4qxi60y.cloudfront.net/8513748533410/1-800.webp,8513748533410,Black Zipper Polo T-Shirt,['Black'],Slim Fit,Plain,Poly Blend,923.0,4.7,Joggers,https://www.snitch.com/men-joggers/black-zipper-polo-t-shirt-4mst2388-01/8513748533410/buy
00692.webp,https://d2wbq7o4qxi60y.cloudfront.net/8565635416226/1-800.webp,8565635416226,Fearless Beige Printed Oversized T-Shirt,['Beige'],Oversized Fit,Graphic Print,Cotton,883.0,4.5,Joggers,https://www.snitch.com/men-joggers/fearless-beige-printed-oversized-t-shirt-4mst2477-01/8565635416226/buy
00693.webp,https://d2wbq7o4qxi60y.cloudfront.net/8686921842850/1-800.webp,8686921842850,Relaxed Fit Stretch Track Pants,['Grey'],Relaxed Fit,Plain,Nylon Blend,1431.0,4.4,Joggers,https://www.snitch.com/men-joggers/grey-mid-rise-relaxed-fit-track-pants-4mtp0056-02/8686921842850/buy
00694.webp,https://d2wbq7o4qxi60y.cloudfront.net/8526514847906/1-800.webp,8526514847906,Soul Purple Oversized Fit T-Shirt,['Purple'],Oversized Fit,Printed,Cotton,727.0,4.4,Joggers,https://www.snitch.com/men-joggers/soul-purple-oversized-fit-t-shirt-4mst2469-01/8526514847906/buy
00695.webp,https://d2wbq7o4qxi60y.cloudfront.net/8451130163362/1-800.webp,8451130163362,Achille White Graphic Print Oversized Fit T-Shirt,['White'],Oversized Fit,"Printed, Graphic Print",Cotton,790.0,4.5,Joggers,https://www.snitch.com/men-joggers/achille-white-graphic-print-oversized-fit-t-shirt/8451130163362/buy
00696.webp,https://d2wbq7o4qxi60y.cloudfront.net/8280929042594/1-800.webp,8280929042594,Edward Grey Polo T-Shirt,['Grey'],Slim Fit,Plain,Rayon Blend,853.0,4.5,Joggers,https://www.snitch.com/men-joggers/edward-grey-polo-t-shirt/8280929042594/buy
00697.webp,https://d2wbq7o4qxi60y.cloudfront.net/8451310649506/1-800.webp,8451310649506,Niels Blue Knitted Polo T-Shirt,['Blue'],Slim Fit,Colourblocked,Cotton,1319.0,4.6,Joggers,https://www.snitch.com/men-joggers/niels-blue-knitted-polo-t-shirt/8451310649506/buy
00698.webp,https://d2wbq7o4qxi60y.cloudfront.net/8694442885282/1-800.webp,8694442885282,Relaxed Fit Stretch Track Pants,['Beige'],Relaxed Fit,Plain,Nylon Blend,1521.0,5.0,Joggers,https://www.snitch.com/men-joggers/relaxed-fit-stretch-active-pants-4mtp0056-01/8694442885282/buy
00699.webp,https://d2wbq7o4qxi60y.cloudfront.net/7911997112482/1-800.webp,7911997112482,Metamorphosis Lavender Oversized T-Shirt,['Purple'],Oversized Fit,"Printed, Graphic Print",Cotton,699.0,4.4,Joggers,https://www.snitch.com/men-joggers/metamorphosis-lavender-oversized-t-shirt/7911997112482/buy
00700.webp,https://d2wbq7o4qxi60y.cloudfront.net/9228862816418/1-800.webp,9228862816418,Relaxed Fit Stretch Shorts,['Blue'],Custom Relaxed Fit,Plain,Cotton Blend,1299.0,4.3,SHORTS,https://www.snitch.com/men-shorts/textured-relaxed-fit-stretch-shorts-4msh7086-05/9228862816418/buy
00701.webp,https://d2wbq7o4qxi60y.cloudfront.net/9232403824802/1-800.webp,9232403824802,Relaxed Fit Stretch Shorts,['Green'],Custom Relaxed Fit,Plain,Cotton Blend,1299.0,4.1,SHORTS,https://www.snitch.com/men-shorts/washed-relaxed-fit-stretch-shorts-4msh7086-04/9232403824802/buy
00702.webp,https://d2wbq7o4qxi60y.cloudfront.net/9232403759266/1-800.webp,9232403759266,Relaxed Fit Stretch Shorts,['Mauve'],Custom Relaxed Fit,Plain,Cotton Blend,1299.0,4.2,SHORTS,https://www.snitch.com/men-shorts/washed-relaxed-fit-stretch-shorts-4msh7086-02/9232403759266/buy
00703.webp,https://d2wbq7o4qxi60y.cloudfront.net/9224475082914/1-800.webp,9224475082914,Relaxed Fit Stretch Shorts,['Mustard'],Custom Relaxed Fit,Plain,Cotton Blend,1299.0,4.1,SHORTS,https://www.snitch.com/men-shorts/textured-relaxed-fit-stretch-shorts-4msh7086-01/9224475082914/buy
00704.webp,https://d2wbq7o4qxi60y.cloudfront.net/8915801440418/1-800.webp,8915801440418,Regular Fit Stretch Shorts,['Navy'],Regular Fit,Textured,Poly Blend,1099.0,4.1,SHORTS,https://www.snitch.com/men-shorts/stretch-regular-fit-textured-shorts-4msh7075-02/8915801440418/buy
00705.webp,https://d2wbq7o4qxi60y.cloudfront.net/9232403792034/1-800.webp,9232403792034,Relaxed Fit Stretch Shorts,['Pink'],Custom Relaxed Fit,Plain,Cotton Blend,1299.0,4.2,SHORTS,https://www.snitch.com/men-shorts/washed-relaxed-fit-stretch-shorts-4msh7086-03/9232403792034/buy
00706.webp,https://d2wbq7o4qxi60y.cloudfront.net/9224474951842/1-800.webp,9224474951842,Relaxed Fit 100% Cotton Shorts,['Olive'],Relaxed Fit,Textured,Cotton,1599.0,4.3,SHORTS,https://www.snitch.com/men-shorts/textured-relaxed-fit-100-cotton-shorts-4sh011-04/9224474951842/buy
00707.webp,https://d2wbq7o4qxi60y.cloudfront.net/8844912263330/1-800.webp,8844912263330,Crushed 100% Nylon Cargo Shorts,['Black'],Regular Fit,Plain,Nylon,1599.0,4.2,SHORTS,https://www.snitch.com/men-shorts/six-pockets-textured-regular-fit-100-nylon-shorts-4msh7030-09/8844912263330/buy
00708.webp,https://d2wbq7o4qxi60y.cloudfront.net/9224474984610/1-800.webp,9224474984610,Relaxed Fit 100% Cotton Shorts,['Black'],Relaxed Fit,Textured,Cotton,1599.0,4.3,SHORTS,https://www.snitch.com/men-shorts/textured-relaxed-fit-100-cotton-shorts-4sh011-05/9224474984610/buy
00709.webp,https://d2wbq7o4qxi60y.cloudfront.net/8715964743842/1-800.webp,8715964743842,100% Nylon Loose Fit Shorts,['Black'],Loose Fit,Plain,Nylon,1599.0,4.6,SHORTS,https://www.snitch.com/men-shorts/loose-fit-100-nylon-shorts-4msh7066-09/8715964743842/buy
00710.webp,https://d2wbq7o4qxi60y.cloudfront.net/8752611524770/1-800.webp,8752611524770,Regular Fit Stretch Drawstring Shorts,['Black'],Regular Fit,Textured,Nylon Blend,1689.0,4.8,SHORTS,https://www.snitch.com/men-shorts/textured-stretch-regular-fit-six-pockets-shorts-4msh7068-05/8752611524770/buy
00711.webp,https://d2wbq7o4qxi60y.cloudfront.net/9224475017378/1-800.webp,9224475017378,100% Cotton Crochet Shorts,['Off White'],Regular Fit,Textured,Cotton,1499.0,4.3,SHORTS,https://www.snitch.com/men-shorts/100-cotton-crochet-textured-regular-fit-shorts-4sh014-01/9224475017378/buy
00712.webp,https://d2wbq7o4qxi60y.cloudfront.net/9224474853538/1-800.webp,9224474853538,Relaxed Fit 100% Cotton Shorts,['Cream'],Relaxed Fit,Textured,Cotton,1599.0,4.4,SHORTS,https://www.snitch.com/men-shorts/textured-relaxed-fit-100-cotton-shorts-4sh011-01/9224474853538/buy
00713.webp,https://d2wbq7o4qxi60y.cloudfront.net/8915801473186/1-800.webp,8915801473186,Regular Fit Stretch Shorts,['Brown'],Regular Fit,Textured,Poly Blend,1099.0,4.4,SHORTS,https://www.snitch.com/men-shorts/stretch-regular-fit-textured-shorts-4msh7075-03/8915801473186/buy
00714.webp,https://d2wbq7o4qxi60y.cloudfront.net/8475831042210/1-800.webp,8475831042210,Light Grey Cotton Shorts,['Grey'],Regular Fit,Plain,Cotton,1299.0,4.5,SHORTS,https://www.snitch.com/men-shorts/light-grey-cotton-shorts-4msh7026-01/8475831042210/buy
00715.webp,https://d2wbq7o4qxi60y.cloudfront.net/8836718297250/1-800.webp,8836718297250,Crushed 100% Nylon Cargo Shorts,['Grey'],Regular Fit,Plain,Nylon,1599.0,4.5,SHORTS,https://www.snitch.com/men-shorts/regular-fit-100-nylon-shorts-4msh7030-05/8836718297250/buy
00716.webp,https://d2wbq7o4qxi60y.cloudfront.net/9224474919074/1-800.webp,9224474919074,Relaxed Fit 100% Cotton Shorts,['Brown'],Relaxed Fit,Textured,Cotton,1599.0,4.3,SHORTS,https://www.snitch.com/men-shorts/textured-relaxed-fit-100-cotton-shorts-4sh011-03/9224474919074/buy
00717.webp,https://d2wbq7o4qxi60y.cloudfront.net/8801105936546/1-800.webp,8801105936546,Regular Fit Stretch Drawstring Shorts,['Grey'],Regular Fit,Textured,Nylon Blend,1799.0,4.1,SHORTS,https://www.snitch.com/men-shorts/textured-regular-fit-stretch-shorts-4msh7068-01/8801105936546/buy
00718.webp,https://d2wbq7o4qxi60y.cloudfront.net/8844912197794/1-800.webp,8844912197794,Crushed 100% Nylon Cargo Shorts,['Navy'],Regular Fit,Plain,Nylon,1599.0,4.4,SHORTS,https://www.snitch.com/men-shorts/six-pockets-textured-regular-fit-100-nylon-shorts-4msh7030-08/8844912197794/buy
00719.webp,https://d2wbq7o4qxi60y.cloudfront.net/8801106002082/1-800.webp,8801106002082,Regular Fit Stretch Drawstring Shorts,['Beige'],Regular Fit,Textured,Nylon Blend,1799.0,4.2,SHORTS,https://www.snitch.com/men-shorts/textured-regular-fit-stretch-shorts-4msh7068-02/8801106002082/buy
00720.webp,https://d2wbq7o4qxi60y.cloudfront.net/8915801407650/1-800.webp,8915801407650,Regular Fit Stretch Shorts,['Pink'],Regular Fit,Textured,Poly Blend,1099.0,4.2,SHORTS,https://www.snitch.com/men-shorts/stretch-regular-fit-textured-shorts-4msh7075-01/8915801407650/buy
00721.webp,https://d2wbq7o4qxi60y.cloudfront.net/9224475050146/1-800.webp,9224475050146,100% Cotton Crochet Shorts,['Navy'],Regular Fit,Textured,Cotton,1499.0,4.2,SHORTS,https://www.snitch.com/men-shorts/100-cotton-crochet-textured-regular-fit-shorts-4sh014-02/9224475050146/buy
00722.webp,https://d2wbq7o4qxi60y.cloudfront.net/8836718231714/1-800.webp,8836718231714,Crushed 100% Nylon Cargo Shorts,['Cream'],Regular Fit,Plain,Nylon,1599.0,4.0,SHORTS,https://www.snitch.com/men-shorts/regular-fit-100-nylon-shorts-4msh7030-02/8836718231714/buy
00723.webp,https://d2wbq7o4qxi60y.cloudfront.net/8915801538722/1-800.webp,8915801538722,Regular Fit Stretch Shorts,['Cream'],Regular Fit,Textured,Poly Blend,1099.0,4.1,SHORTS,https://www.snitch.com/men-shorts/stretch-regular-fit-textured-shorts-4msh7075-05/8915801538722/buy
00724.webp,https://d2wbq7o4qxi60y.cloudfront.net/8836718133410/1-800.webp,8836718133410,Crushed 100% Nylon Cargo Shorts,['Off White'],Regular Fit,Plain,Nylon,1599.0,4.7,SHORTS,https://www.snitch.com/men-shorts/regular-fit-100-nylon-shorts-4msh7030-01/8836718133410/buy
00725.webp,https://d2wbq7o4qxi60y.cloudfront.net/8915801571490/1-800.webp,8915801571490,Regular Fit Stretch Shorts,['Black'],Regular Fit,Textured,Poly Blend,1099.0,4.4,SHORTS,https://www.snitch.com/men-shorts/stretch-regular-fit-textured-shorts-4msh7075-06/8915801571490/buy
00726.webp,https://d2wbq7o4qxi60y.cloudfront.net/9224474886306/1-800.webp,9224474886306,Relaxed Fit 100% Cotton Shorts,['Grey'],Relaxed Fit,Textured,Cotton,1599.0,4.1,SHORTS,https://www.snitch.com/men-shorts/textured-relaxed-fit-100-cotton-shorts-4sh011-02/9224474886306/buy
00727.webp,https://d2wbq7o4qxi60y.cloudfront.net/8953084248226/1-800.webp,8953084248226,Relaxed Fit 100% Cotton Shorts,['Cream'],Relaxed Fit,Plain,Cotton,1299.0,4.1,SHORTS,https://www.snitch.com/men-shorts/washed-relaxed-fit-100-cotton-shorts-4sh020-01/8953084248226/buy
00728.webp,https://d2wbq7o4qxi60y.cloudfront.net/8953084379298/1-800.webp,8953084379298,Relaxed Fit 100% Cotton Shorts,['Navy'],Relaxed Fit,Plain,Cotton,1299.0,4.2,SHORTS,https://www.snitch.com/men-shorts/washed-relaxed-fit-100-cotton-shorts-4sh020-04/8953084379298/buy
00729.webp,https://d2wbq7o4qxi60y.cloudfront.net/8752611459234/1-800.webp,8752611459234,Regular Fit Stretch Drawstring Shorts,['Green'],Regular Fit,Textured,Nylon Blend,1689.0,4.8,SHORTS,https://www.snitch.com/men-shorts/textured-stretch-regular-fit-six-pockets-shorts-4msh7068-03/8752611459234/buy
00730.webp,https://d2wbq7o4qxi60y.cloudfront.net/8953084412066/1-800.webp,8953084412066,Relaxed Fit 100% Cotton Shorts,['Black'],Relaxed Fit,Plain,Cotton,1299.0,4.1,SHORTS,https://www.snitch.com/men-shorts/washed-relaxed-fit-100-cotton-shorts-4sh020-05/8953084412066/buy
00731.webp,https://d2wbq7o4qxi60y.cloudfront.net/8844912132258/1-800.webp,8844912132258,Crushed 100% Nylon Cargo Shorts,['Khaki'],Regular Fit,Plain,Nylon,1599.0,4.3,SHORTS,https://www.snitch.com/men-shorts/six-pockets-textured-regular-fit-100-nylon-shorts-4msh7030-04/8844912132258/buy
00732.webp,https://d2wbq7o4qxi60y.cloudfront.net/8953084346530/1-800.webp,8953084346530,Relaxed Fit 100% Cotton Shorts,['Olive'],Relaxed Fit,Plain,Cotton,1299.0,4.5,SHORTS,https://www.snitch.com/men-shorts/washed-relaxed-fit-100-cotton-shorts-4sh020-03/8953084346530/buy
00733.webp,https://d2wbq7o4qxi60y.cloudfront.net/8953084313762/1-800.webp,8953084313762,Relaxed Fit 100% Cotton Shorts,['Brown'],Relaxed Fit,Plain,Cotton,1299.0,4.2,SHORTS,https://www.snitch.com/men-shorts/washed-relaxed-fit-100-cotton-shorts-4sh020-02/8953084313762/buy
00734.webp,https://d2wbq7o4qxi60y.cloudfront.net/8851575636130/1-800.webp,8851575636130,Crushed 100% Nylon Cargo Shorts,['Olive'],Regular Fit,Textured,Nylon,1599.0,4.4,SHORTS,https://www.snitch.com/men-shorts/six-pockets-textured-regular-fit-100-nylon-shorts-4msh7030-07/8851575636130/buy
00735.webp,https://d2wbq7o4qxi60y.cloudfront.net/8915801505954/1-800.webp,8915801505954,Regular Fit Stretch Shorts,['Green'],Regular Fit,Textured,Poly Blend,1099.0,4.4,SHORTS,https://www.snitch.com/men-shorts/stretch-regular-fit-textured-shorts-4msh7075-04/8915801505954/buy
00736.webp,https://d2wbq7o4qxi60y.cloudfront.net/8475831140514/1-800.webp,8475831140514,Cream Cotton Shorts,['Cream'],Regular Fit,Plain,Cotton,1219.0,4.6,SHORTS,https://www.snitch.com/men-shorts/cream-cotton-shorts-4msh7026-03/8475831140514/buy
00737.webp,https://d2wbq7o4qxi60y.cloudfront.net/8860919955618/1-800.webp,8860919955618,Regular Fit 100% Nylon Shorts,['Beige'],Regular Fit,Plain,Nylon,1599.0,4.5,SHORTS,https://www.snitch.com/men-shorts/regular-fit-100-nylon-shorts-4msh7030-03/8860919955618/buy
00738.webp,https://d2wbq7o4qxi60y.cloudfront.net/8723836731554/1-800.webp,8723836731554,100% Nylon Loose Fit Shorts,['Beige'],Loose Fit,Plain,Nylon,1599.0,4.6,SHORTS,https://www.snitch.com/men-shorts/loose-fit-100-nylon-shorts-4msh7066-03/8723836731554/buy
00739.webp,https://d2wbq7o4qxi60y.cloudfront.net/8920811798690/1-800.webp,8920811798690,Relaxed Fit Knitted Shorts,['Grey'],Relaxed Fit,Textured,Cotton Blend,1399.0,4.1,SHORTS,https://www.snitch.com/men-shorts/relaxed-fit-textured-shorts-4msh7076-02/8920811798690/buy
00740.webp,https://d2wbq7o4qxi60y.cloudfront.net/8736893173922/1-800.webp,8736893173922,6 Pocket Cargo Shorts,['Green'],Regular Fit,Plain,Nylon Blend,1219.0,4.5,SHORTS,https://www.snitch.com/men-shorts/stretch-five-pockets-regular-fit-shorts-4msh7056-01/8736893173922/buy
00741.webp,https://d2wbq7o4qxi60y.cloudfront.net/8801106067618/1-800.webp,8801106067618,Regular Fit Stretch Drawstring Shorts,['Brown'],Regular Fit,Textured,Nylon Blend,1799.0,4.2,SHORTS,https://www.snitch.com/men-shorts/textured-regular-fit-stretch-shorts-4msh7068-04/8801106067618/buy
00742.webp,https://d2wbq7o4qxi60y.cloudfront.net/8690894045346/1-800.webp,8690894045346,Regular Fit Stretch Technical Shorts,['Grey'],Regular Fit,Plain,Nylon Blend,1219.0,4.5,SHORTS,https://www.snitch.com/men-shorts/regular-fit-stretch-technical-shorts-4msh7038-02/8690894045346/buy
00743.webp,https://d2wbq7o4qxi60y.cloudfront.net/8718266859682/1-800.webp,8718266859682,100% Nylon Loose Fit Shorts,['Navy'],Loose Fit,Plain,Nylon,1599.0,4.5,SHORTS,https://www.snitch.com/men-shorts/100-nylon-loose-fit-shorts-4msh7066-08/8718266859682/buy
00744.webp,https://d2wbq7o4qxi60y.cloudfront.net/8688078061730/1-800.webp,8688078061730,Regular Fit Stretch Shorts,['Green'],Regular Fit,Plain,Cotton Blend,1219.0,5.0,SHORTS,https://www.snitch.com/men-shorts/regular-fit-stretch-shorts-4msh7059-02/8688078061730/buy
00745.webp,https://d2wbq7o4qxi60y.cloudfront.net/8843333730466/1-800.webp,8843333730466,Regular Fit Textured Shorts,['Lavender'],Regular Fit,Textured,Polyester,1099.0,4.0,SHORTS,https://www.snitch.com/men-shorts/regular-fit-textured-shorts-4msh7074-07/8843333730466/buy
00746.webp,https://d2wbq7o4qxi60y.cloudfront.net/8937667985570/1-800.webp,8937667985570,Relaxed Fit Knitted Shorts,['Beige'],Relaxed Fit,Textured,Cotton Blend,1399.0,4.4,SHORTS,https://www.snitch.com/men-shorts/relaxed-fit-textured-shorts-4msh7076-01/8937667985570/buy
00747.webp,https://d2wbq7o4qxi60y.cloudfront.net/8726424256674/1-800.webp,8726424256674,100% Nylon Loose Fit Shorts,['Khaki'],Loose Fit,Plain,Nylon,1599.0,5.0,SHORTS,https://www.snitch.com/men-shorts/100-nylon-loose-fit-shorts-4msh7066-04/8726424256674/buy
00748.webp,https://d2wbq7o4qxi60y.cloudfront.net/8713436987554/1-800.webp,8713436987554,Regular Fit Stretch Cargo Shorts,['Black'],Regular Fit,Plain,Nylon Blend,1319.0,4.7,SHORTS,https://www.snitch.com/men-shorts/textured-regular-fit-shorts-4msh7040-01/8713436987554/buy
00749.webp,https://d2wbq7o4qxi60y.cloudfront.net/8751122940066/1-800.webp,8751122940066,6 Pocket Denim Cargo Shorts,['Black'],Regular Fit,Distressed,Cotton,1799.0,4.4,SHORTS,https://www.snitch.com/men-shorts/regular-fit-six-pockets-washed-100-cotton-shorts-4msh7071-01/8751122940066/buy
00750.webp,https://d2wbq7o4qxi60y.cloudfront.net/8675669967010/1-800.webp,8675669967010,Black Mid Rise Regular Fit Shorts,['Black'],Regular Fit,Self-Design,Poly Blend,1409.0,5.0,SHORTS,https://www.snitch.com/men-shorts/black-mid-rise-regular-fit-shorts-4msh7044-02/8675669967010/buy
00751.webp,https://d2wbq7o4qxi60y.cloudfront.net/8781889208482/1-800.webp,8781889208482,6 Pocket Regular Fit Cargo Shorts,['Purple'],Regular Fit,Textured,Cotton Blend,1699.0,4.3,SHORTS,https://www.snitch.com/men-shorts/regular-fit-six-pockets-textured-shorts-4msh7067-03/8781889208482/buy
00752.webp,https://d2wbq7o4qxi60y.cloudfront.net/8915801604258/1-800.webp,8915801604258,Cream Baggy Shorts,['Cream'],Baggy Fit,Plain,Viscose Blend,1199.0,4.4,SHORTS,https://www.snitch.com/men-shorts/baggy-cream-shorts-4msh7082-01/8915801604258/buy
00753.webp,https://d2wbq7o4qxi60y.cloudfront.net/8506468860066/1-800.webp,8506468860066,Cream Plain Linen Regular Fit Shorts,['Cream'],Regular Fit,Plain,Linen Blend,1409.0,4.4,SHORTS,https://www.snitch.com/men-shorts/cream-plain-linen-regular-fit-shorts-4msh7027-01/8506468860066/buy
00754.webp,https://d2wbq7o4qxi60y.cloudfront.net/8715964612770/1-800.webp,8715964612770,100% Nylon Loose Fit Shorts,['Green'],Loose Fit,Plain,Nylon,1599.0,4.4,SHORTS,https://www.snitch.com/men-shorts/loose-fit-100-nylon-shorts-4msh7066-06/8715964612770/buy
00755.webp,https://d2wbq7o4qxi60y.cloudfront.net/9214320181410/1-800.webp,9214320181410,SNITCH X SIRAJ Distressed Denim Shorts,['Khaki'],Baggy Fit,Distressed,Cotton,1899.0,4.4,SHORTS,https://www.snitch.com/men-shorts/heavy-distressed-100-cotton-baggy-five-pockets-shorts-4sh018-01/9214320181410/buy
00756.webp,https://d2wbq7o4qxi60y.cloudfront.net/8758240772258/1-800.webp,8758240772258,6 Pocket Regular Fit Cargo Shorts,['White'],Regular Fit,Plain,Cotton Blend,1599.0,4.1,SHORTS,https://www.snitch.com/men-shorts/six-pockets-regular-fit-shorts-4msh7067-01/8758240772258/buy
00757.webp,https://d2wbq7o4qxi60y.cloudfront.net/8715964219554/1-800.webp,8715964219554,100% Nylon Loose Fit Shorts,['Beige'],Loose Fit,Plain,Nylon,1599.0,5.0,SHORTS,https://www.snitch.com/men-shorts/loose-fit-100-nylon-shorts-4msh7066-02/8715964219554/buy
00758.webp,https://d2wbq7o4qxi60y.cloudfront.net/8752611557538/1-800.webp,8752611557538,Rugged Baggy Denim Shorts,['Blue'],Baggy Fit,Distressed,Cotton,1599.0,4.9,SHORTS,https://www.snitch.com/men-shorts/five-pockets-100-cotton-baggy-heavy-distressed-shorts-4msh7070-01/8752611557538/buy
00759.webp,https://d2wbq7o4qxi60y.cloudfront.net/8723836862626/1-800.webp,8723836862626,100% Nylon Loose Fit Shorts,['Khaki'],Loose Fit,Plain,Nylon,1599.0,4.7,SHORTS,https://www.snitch.com/men-shorts/loose-fit-100-nylon-shorts-4msh7066-05/8723836862626/buy
00760.webp,https://d2wbq7o4qxi60y.cloudfront.net/8475831173282/1-800.webp,8475831173282,Beige Cotton Shorts,['Beige'],Regular Fit,Plain,Cotton,1219.0,4.5,SHORTS,https://www.snitch.com/men-shorts/beige-cotton-shorts-4msh7026-04/8475831173282/buy
00761.webp,https://d2wbq7o4qxi60y.cloudfront.net/8706856517794/1-800.webp,8706856517794,Linen Blend Regular Fit Stripes Shorts,['Off White'],Regular Fit,Stripes,Poly Blend,1121.0,5.0,SHORTS,https://www.snitch.com/men-shorts/linen-blend-regular-fit-stripes-shorts-4msh7053-01/8706856517794/buy
00762.webp,https://d2wbq7o4qxi60y.cloudfront.net/8715963728034/1-800.webp,8715963728034,100% Nylon Loose Fit Shorts,['Off White'],Loose Fit,Plain,Nylon,1599.0,4.1,SHORTS,https://www.snitch.com/men-shorts/100-nylon-loose-fit-shorts-4msh7066-01/8715963728034/buy
00763.webp,https://d2wbq7o4qxi60y.cloudfront.net/8745559883938/1-800.webp,8745559883938,6 Pocket Regular Fit Cargo Shorts,['Olive'],Regular Fit,Textured,Cotton Blend,1699.0,4.5,SHORTS,https://www.snitch.com/men-shorts/regular-fit-six-pockets-textured-shorts-4msh7067-04/8745559883938/buy
00764.webp,https://d2wbq7o4qxi60y.cloudfront.net/8723836960930/1-800.webp,8723836960930,100% Nylon Loose Fit Shorts,['Olive'],Loose Fit,Plain,Nylon,1599.0,4.9,SHORTS,https://www.snitch.com/men-shorts/loose-fit-100-nylon-shorts-4msh7066-07/8723836960930/buy
00765.webp,https://d2wbq7o4qxi60y.cloudfront.net/9237969469602/1-800.webp,9237969469602,Washed Deconstructed Denim Shorts,['Blue'],Regular Fit,Geometric,Cotton,1499.0,4.4,SHORTS,https://www.snitch.com/men-shorts/geometric-five-pockets-regular-fit-100-cotton-shorts-4sh007-01/9237969469602/buy
00766.webp,https://d2wbq7o4qxi60y.cloudfront.net/8745559851170/1-800.webp,8745559851170,6 Pocket Regular Fit Cargo Shorts,['Green'],Regular Fit,Textured,Cotton Blend,1699.0,4.1,SHORTS,https://www.snitch.com/men-shorts/regular-fit-six-pockets-textured-shorts-4msh7067-02/8745559851170/buy
00767.webp,https://d2wbq7o4qxi60y.cloudfront.net/8671154503842/1-800.webp,8671154503842,Regular Fit Striped Light Grey Shorts,['Grey'],Regular Fit,Stripes,Cotton Blend,1219.0,4.5,SHORTS,https://www.snitch.com/men-shorts/regular-fit-striped-light-grey-shorts-4msh7043-02/8671154503842/buy
00768.webp,https://d2wbq7o4qxi60y.cloudfront.net/8694442557602/1-800.webp,8694442557602,Regular Fit Light Grey Shorts,['Grey'],Regular Fit,Plain,Polyester,1129.0,4.2,SHORTS,https://www.snitch.com/men-shorts/regular-fit-light-grey-shorts-4msh7052-01/8694442557602/buy
00769.webp,https://d2wbq7o4qxi60y.cloudfront.net/8843333763234/1-800.webp,8843333763234,Regular Fit Textured Shorts,['Olive'],Regular Fit,Textured,Polyester,1099.0,4.4,SHORTS,https://www.snitch.com/men-shorts/regular-fit-textured-shorts-4msh7074-08/8843333763234/buy
00770.webp,https://d2wbq7o4qxi60y.cloudfront.net/8772148887714/1-800.webp,8772148887714,100% Cotton Regular Fit Shorts,['Green'],Regular Fit,Plain,Cotton,1199.0,4.4,SHORTS,https://www.snitch.com/men-shorts/100-cotton-regular-fit-shorts-4msh7049-01/8772148887714/buy
00771.webp,https://d2wbq7o4qxi60y.cloudfront.net/8754548015266/1-800.webp,8754548015266,6 Pocket Cargo Shorts,['Black'],Regular Fit,Plain,Nylon Blend,1219.0,4.9,SHORTS,https://www.snitch.com/men-shorts/stretch-six-pockets-regular-fit-shorts-4msh7056-02/8754548015266/buy
00772.webp,https://d2wbq7o4qxi60y.cloudfront.net/8851575603362/1-800.webp,8851575603362,Crushed 100% Nylon Cargo Shorts,['Grey'],Regular Fit,Textured,Nylon,1599.0,4.8,SHORTS,https://www.snitch.com/men-shorts/six-pockets-textured-regular-fit-100-nylon-shorts-4msh7030-06/8851575603362/buy
00773.webp,https://d2wbq7o4qxi60y.cloudfront.net/9224475115682/1-800.webp,9224475115682,Washed Deconstructed Denim Shorts,['Green'],Regular Fit,Distressed,Cotton,1499.0,4.4,SHORTS,https://www.snitch.com/men-shorts/washed-five-pockets-regular-fit-100-cotton-shorts-4sh007-02/9224475115682/buy
00774.webp,https://d2wbq7o4qxi60y.cloudfront.net/8713437053090/1-800.webp,8713437053090,Regular Fit Stretch Cargo Shorts,['Olive'],Regular Fit,Plain,Nylon Blend,1319.0,4.7,SHORTS,https://www.snitch.com/men-shorts/regular-fit-textured-shorts-4msh7040-02/8713437053090/buy
00775.webp,https://d2wbq7o4qxi60y.cloudfront.net/8910060159138/1-800.webp,8910060159138,Khaki Baggy Shorts,['Khaki'],Baggy Fit,Plain,Viscose Blend,1199.0,4.6,SHORTS,https://www.snitch.com/men-shorts/baggy-khaki-shorts-4msh7082-02/8910060159138/buy
00776.webp,https://d2wbq7o4qxi60y.cloudfront.net/8678233440418/1-800.webp,8678233440418,Regular Fit Stretch Cargo Shorts,['Grey'],Regular Fit,Textured,Poly Blend,1409.0,4.4,SHORTS,https://www.snitch.com/men-shorts/regular-fit-stretch-cargo-shorts-4msh7044-01/8678233440418/buy
00777.webp,https://d2wbq7o4qxi60y.cloudfront.net/8791571759266/1-800.webp,8791571759266,100% Cotton Relaxed Fit Shorts,['Black'],Relaxed Fit,Plain,Cotton,1199.0,4.3,SHORTS,https://www.snitch.com/men-shorts/100-cotton-relaxed-fit-shorts-4msh7061-02/8791571759266/buy
00778.webp,https://d2wbq7o4qxi60y.cloudfront.net/8693014200482/1-800.webp,8693014200482,Regular Fit Black Shorts,['Black'],Regular Fit,Plain,Polyester,1129.0,4.5,SHORTS,https://www.snitch.com/men-shorts/regular-fit-black-shorts-4msh7052-08/8693014200482/buy
00779.webp,https://d2wbq7o4qxi60y.cloudfront.net/8758240837794/1-800.webp,8758240837794,6 Pocket Regular Fit Cargo Shorts,['Black'],Regular Fit,Plain,Cotton Blend,1599.0,4.4,SHORTS,https://www.snitch.com/men-shorts/six-pockets-regular-fit-shorts-4msh7067-05/8758240837794/buy
00780.webp,https://d2wbq7o4qxi60y.cloudfront.net/8671155355810/1-800.webp,8671155355810,Regular Fit Striped Grey Shorts,['Grey'],Regular Fit,Stripes,Cotton Blend,1219.0,5.0,SHORTS,https://www.snitch.com/men-shorts/regular-fit-striped-grey-shorts-4msh7043-04/8671155355810/buy
00781.webp,https://d2wbq7o4qxi60y.cloudfront.net/8791571726498/1-800.webp,8791571726498,100% Cotton Relaxed Fit Shorts,['Olive'],Relaxed Fit,Plain,Cotton,1199.0,5.0,SHORTS,https://www.snitch.com/men-shorts/100-cotton-relaxed-fit-shorts-4msh7061-01/8791571726498/buy
00782.webp,https://d2wbq7o4qxi60y.cloudfront.net/8475831304354/1-800.webp,8475831304354,Black Cotton Shorts,['Black'],Regular Fit,Plain,Cotton,1299.0,4.5,SHORTS,https://www.snitch.com/men-shorts/black-cotton-shorts-4msh7026-06/8475831304354/buy
00783.webp,https://d2wbq7o4qxi60y.cloudfront.net/8694442754210/1-800.webp,8694442754210,Regular Fit Grey Shorts,['Grey'],Regular Fit,Plain,Polyester,1129.0,4.0,SHORTS,https://www.snitch.com/men-shorts/regular-fit-grey-shorts-4msh7052-04/8694442754210/buy
00784.webp,https://d2wbq7o4qxi60y.cloudfront.net/8844425953442/1-800.webp,8844425953442,Late Checkout Bermuda Denim Shorts,['Blue'],Baggy Fit,Plain,Cotton,1189.0,5.0,SHORTS,https://www.snitch.com/men-shorts/100-cotton-denim-baggy-shorts-4msh7069-02/8844425953442/buy
00785.webp,https://d2wbq7o4qxi60y.cloudfront.net/8856060199074/1-800.webp,8856060199074,Regular Fit Textured Shorts,['Navy'],Regular Fit,Textured,Polyester,879.0,4.3,SHORTS,https://www.snitch.com/men-shorts/regular-fit-textured-shorts-4msh7074-09/8856060199074/buy
00786.webp,https://d2wbq7o4qxi60y.cloudfront.net/8843333533858/1-800.webp,8843333533858,Regular Fit Textured Shorts,['Green'],Regular Fit,Textured,Polyester,1099.0,4.2,SHORTS,https://www.snitch.com/men-shorts/regular-fit-textured-shorts-4msh7074-04/8843333533858/buy
00787.webp,https://d2wbq7o4qxi60y.cloudfront.net/8851575668898/1-800.webp,8851575668898,Regular Fit Textured Shorts,['Brown'],Regular Fit,Textured,Polyester,879.0,5.0,SHORTS,https://www.snitch.com/men-shorts/regular-fit-textured-shorts-4msh7074-05/8851575668898/buy
00788.webp,https://d2wbq7o4qxi60y.cloudfront.net/8694442623138/1-800.webp,8694442623138,Regular Fit Grey Shorts,['Grey'],Regular Fit,Textured,Polyester,1129.0,4.2,SHORTS,https://www.snitch.com/men-shorts/regular-fit-grey-shorts-4msh7052-03/8694442623138/buy
00789.webp,https://d2wbq7o4qxi60y.cloudfront.net/8704216137890/1-800.webp,8704216137890,Regular Fit Navy Shorts,['Navy'],Regular Fit,Plain,Polyester,1129.0,4.5,SHORTS,https://www.snitch.com/men-shorts/regular-fit-textured-shorts-4msh7052-05/8704216137890/buy
00790.webp,https://d2wbq7o4qxi60y.cloudfront.net/8475831074978/1-800.webp,8475831074978,Sage Cotton Shorts,['Green'],Regular Fit,Plain,Cotton,921.0,4.5,SHORTS,https://www.snitch.com/men-shorts/sage-cotton-shorts-4msh7026-02/8475831074978/buy
00791.webp,https://d2wbq7o4qxi60y.cloudfront.net/8678233669794/1-800.webp,8678233669794,Regular Fit Stretch Technical Shorts,['Grey'],Regular Fit,Plain,Nylon Blend,1219.0,4.7,SHORTS,https://www.snitch.com/men-shorts/regular-fit-technical-shorts-4msh7038-01/8678233669794/buy
00792.webp,https://d2wbq7o4qxi60y.cloudfront.net/8910060224674/1-800.webp,8910060224674,Black Baggy Shorts,['Black'],Baggy Fit,Plain,Viscose Blend,1199.0,4.5,SHORTS,https://www.snitch.com/men-shorts/baggy-black-shorts-4msh7082-04/8910060224674/buy
00793.webp,https://d2wbq7o4qxi60y.cloudfront.net/8662449389730/1-800.webp,8662449389730,Regular Fit Cotton Beige Shorts,['Beige'],Regular Fit,Plain,Cotton,1219.0,4.3,SHORTS,https://www.snitch.com/men-shorts/regular-fit-cotton-beige-shorts-4msh7046-04/8662449389730/buy
00794.webp,https://d2wbq7o4qxi60y.cloudfront.net/8513743192226/1-800.webp,8513743192226,Green Plain Linen Regular Fit Shorts,['Green'],Regular Fit,Plain,Linen Blend,1198.0,4.4,SHORTS,https://www.snitch.com/men-shorts/green-plain-linen-regular-fit-shorts-4msh7027-06/8513743192226/buy
00795.webp,https://d2wbq7o4qxi60y.cloudfront.net/8910060191906/1-800.webp,8910060191906,Olive Baggy Shorts,['Olive'],Baggy Fit,Plain,Viscose Blend,1199.0,4.4,SHORTS,https://www.snitch.com/men-shorts/baggy-olive-shorts-4msh7082-03/8910060191906/buy
00796.webp,https://d2wbq7o4qxi60y.cloudfront.net/8694442819746/1-800.webp,8694442819746,Regular Fit Olive Shorts,['Olive'],Regular Fit,Plain,Polyester,1129.0,5.0,SHORTS,https://www.snitch.com/men-shorts/regular-fit-olive-shorts-4msh7052-06/8694442819746/buy
00797.webp,https://d2wbq7o4qxi60y.cloudfront.net/8614326730914/1-800.webp,8614326730914,Technical Beach Shorts,['Black'],Regular Fit,,Nylon Blend,923.0,4.4,SHORTS,https://www.snitch.com/men-shorts/technical-beach-shorts-4msh7041-05/8614326730914/buy
00798.webp,https://d2wbq7o4qxi60y.cloudfront.net/8735567610018/1-800.webp,8735567610018,Utopia Relaxed Fit Knitted Shorts,['Beige'],Relaxed Fit,Self-Design,Cotton,1689.0,4.4,SHORTS,https://www.snitch.com/men-shorts/self-design-100-cotton-relaxed-fit-shorts-4msh7064-01/8735567610018/buy
00799.webp,https://d2wbq7o4qxi60y.cloudfront.net/8703221530786/1-800.webp,8703221530786,100% Cotton Regular Fit Shorts,['Navy'],Regular Fit,Plain,Cotton,1129.0,4.8,SHORTS,https://www.snitch.com/men-shorts/regular-fit-100-cotton-shorts-4msh7050-02/8703221530786/buy
00800.webp,https://d2wbq7o4qxi60y.cloudfront.net/8143781626018/1-800.webp,8143781626018,Clyster Off-White Overshirt,['White'],Relaxed Fit,Plain,Cotton,999.0,4.5,Overshirts,https://www.snitch.com/men-overshirts/clyster-off-white-overshirt/8143781626018/buy
00801.webp,https://d2wbq7o4qxi60y.cloudfront.net/9224473968802/1-800.webp,9224473968802,Double Pocket Plain Overshirt,['Brown'],Oversized Fit,Plain,Cotton,1799.0,4.3,Overshirts,https://www.snitch.com/men-overshirts/oversized-textured-100-cotton-overshirt-4os005-01/9224473968802/buy
00802.webp,https://d2wbq7o4qxi60y.cloudfront.net/8143781789858/1-800.webp,8143781789858,Clyster Maroon Overshirt,['Maroon'],Relaxed Fit,Plain,Cotton,999.0,4.5,Overshirts,https://www.snitch.com/men-overshirts/clyster-maroon-overshirt/8143781789858/buy
00803.webp,https://d2wbq7o4qxi60y.cloudfront.net/8143781855394/1-800.webp,8143781855394,Clyster Olive Overshirt,['Olive'],Regular Fit,Plain,Cotton,999.0,4.6,Overshirts,https://www.snitch.com/men-overshirts/clyster-olive-overshirt/8143781855394/buy
00804.webp,https://d2wbq7o4qxi60y.cloudfront.net/8141906149538/1-800.webp,8141906149538,Overflap Elephant Grey Overshirt,['Grey'],Regular Fit,Plain,Cotton,999.0,4.5,Overshirts,https://www.snitch.com/men-overshirts/overflap-elephant-grey-overshirt/8141906149538/buy
00805.webp,https://d2wbq7o4qxi60y.cloudfront.net/8141905658018/1-800.webp,8141905658018,Overflap Ash Grey Overshirt,['Grey'],Relaxed Fit,Plain,Cotton,999.0,4.5,Overshirts,https://www.snitch.com/men-overshirts/overflap-ash-grey-overshirt/8141905658018/buy
00806.webp,https://d2wbq7o4qxi60y.cloudfront.net/9232402612386/1-800.webp,9232402612386,Double Pocket Plain Overshirt,['Blue'],Oversized Fit,Plain,Cotton,1799.0,4.4,Overshirts,https://www.snitch.com/men-overshirts/oversised-fit-washed-100-cotton-overshirt-4os005-02/9232402612386/buy
00807.webp,https://d2wbq7o4qxi60y.cloudfront.net/8892585410722/1-800.webp,8892585410722,Double Pocket Denim Overshirt,['Blue'],Relaxed Fit,Plain,Cotton,1899.0,4.5,Overshirts,https://www.snitch.com/men-overshirts/100-cotton-relaxed-fit-overshirt-4mos1033-01/8892585410722/buy
00808.webp,https://d2wbq7o4qxi60y.cloudfront.net/9232402645154/1-800.webp,9232402645154,Double Pocket Plain Overshirt,['Black'],Oversized Fit,Plain,Cotton,1799.0,4.3,Overshirts,https://www.snitch.com/men-overshirts/oversised-fit-washed-100-cotton-overshirt-4os005-03/9232402645154/buy
00809.webp,https://d2wbq7o4qxi60y.cloudfront.net/8895054872738/1-800.webp,8895054872738,Double Pocket Denim Overshirt,['Blue'],Relaxed Fit,Plain,Cotton,1899.0,4.3,Overshirts,https://www.snitch.com/men-overshirts/100-cotton-relaxed-fit-denim-overshirt-4mos1032-01/8895054872738/buy
00810.webp,https://d2wbq7o4qxi60y.cloudfront.net/8521461727394/1-800.webp,8521461727394,Blue Flannel Checks Double Pocket Overshirt,['Blue'],Relaxed Fit,Checks,Cotton,999.0,4.5,Overshirts,https://www.snitch.com/men-overshirts/blue-flannel-checks-double-pocket-overshirt-4mss3575-06/8521461727394/buy
00811.webp,https://d2wbq7o4qxi60y.cloudfront.net/9212182790306/1-800.webp,9212182790306,Regular Fit Denim Zipper Overshirt,['Grey'],Regular Fit,Plain,Cotton,1899.0,4.4,Overshirts,https://www.snitch.com/men-overshirts/100-cotton-zipper-denim-regular-fit-overshirt-4os003-01/9212182790306/buy
00812.webp,https://d2wbq7o4qxi60y.cloudfront.net/9212182823074/1-800.webp,9212182823074,Regular Fit Denim Zipper Overshirt,['Blue'],Regular Fit,Plain,Cotton,1899.0,4.3,Overshirts,https://www.snitch.com/men-overshirts/100-cotton-zipper-denim-regular-fit-overshirt-4os003-02/9212182823074/buy
00813.webp,https://d2wbq7o4qxi60y.cloudfront.net/8909399130274/1-800.webp,8909399130274,Stripes Denim Overshirt,['Blue'],Relaxed Fit,Stripes,Cotton,1699.0,4.6,Overshirts,https://www.snitch.com/men-overshirts/loose-fit-100-cotton-stripes-overshirt-4mos1039-01/8909399130274/buy
00814.webp,https://d2wbq7o4qxi60y.cloudfront.net/9214319034530/1-800.webp,9214319034530,SNITCH X SIRAJ Graphic Overshirt,['Black'],Box Fit,Graphic Print,Cotton,2999.0,4.5,Overshirts,https://www.snitch.com/men-overshirts/printed-the-customised-box-fit-provides-a-modern-relaxed-silhouette-that-offers-ample-room-for-movement-and-layering-making-it-suitable-for-various-body-types-100-cotton-overshirt-4os020-01/9214319034530/buy
00815.webp,https://d2wbq7o4qxi60y.cloudfront.net/8743958577314/1-800.webp,8743958577314,Box Fit Jacquard Overshirt,['Beige'],Box Fit,Textured,Cotton,1599.0,5.0,Overshirts,https://www.snitch.com/men-overshirts/textured-100-cotton-box-fit-overshirt-4mos1018-01/8743958577314/buy
00816.webp,https://d2wbq7o4qxi60y.cloudfront.net/9214318968994/1-800.webp,9214318968994,SNITCH X SIRAJ Box Fit Denim Overshirt,['Khaki'],Box Fit,Plain,Cotton,2099.0,4.4,Overshirts,https://www.snitch.com/men-overshirts/acid-wash-100-twill-box-fit-overshirt-4os019-02/9214318968994/buy
00817.webp,https://d2wbq7o4qxi60y.cloudfront.net/9214318936226/1-800.webp,9214318936226,SNITCH X SIRAJ Box Fit Denim Overshirt,['Grey'],Box Fit,Plain,Cotton,1999.0,4.2,Overshirts,https://www.snitch.com/men-overshirts/acid-wash-100-twill-box-fit-overshirt-4os019-01/9214318936226/buy
00818.webp,https://d2wbq7o4qxi60y.cloudfront.net/8868136386722/1-800.webp,8868136386722,Double Pocket Flannel Plaid Overshirt,['Navy'],Relaxed Fit,Checks,Cotton Blend,1399.0,4.5,Overshirts,https://www.snitch.com/men-overshirts/relaxed-fit-plaid-overshirt-4mos1052-01/8868136386722/buy
00819.webp,https://d2wbq7o4qxi60y.cloudfront.net/8767617597602/1-800.webp,8767617597602,Jacquard 100% Cotton Box Fit Overshirt,['Beige'],Box Fit,Jacquard,Cotton,1499.0,4.3,Overshirts,https://www.snitch.com/men-overshirts/textured-100-cotton-box-fit-overshirt-4mos1031-01/8767617597602/buy
00820.webp,https://d2wbq7o4qxi60y.cloudfront.net/8909399163042/1-800.webp,8909399163042,Stripes Denim Overshirt,['Blue'],Relaxed Fit,Stripes,Cotton,1699.0,4.6,Overshirts,https://www.snitch.com/men-overshirts/loose-fit-100-cotton-stripes-overshirt-4mos1039-02/8909399163042/buy
00821.webp,https://d2wbq7o4qxi60y.cloudfront.net/8740695703714/1-800.webp,8740695703714,Jacquard Relaxed Fit Overshirt,['Beige'],Relaxed Fit,Textured,Cotton,1599.0,4.2,Overshirts,https://www.snitch.com/men-overshirts/textured-relaxed-fit-100-cotton-overshirt-4mos1017-01/8740695703714/buy
00822.webp,https://d2wbq7o4qxi60y.cloudfront.net/8521461858466/1-800.webp,8521461858466,Orange Flannel Checks Double Pocket Overshirt,['Orange'],Relaxed Fit,Checks,Cotton,999.0,4.5,Overshirts,https://www.snitch.com/men-overshirts/orange-flannel-checks-double-pocket-overshirt-4mss3575-07/8521461858466/buy
00823.webp,https://d2wbq7o4qxi60y.cloudfront.net/8868136452258/1-800.webp,8868136452258,Double Pocket Flannel Plaid Overshirt,['Black'],Relaxed Fit,Checks,Cotton Blend,1399.0,5.0,Overshirts,https://www.snitch.com/men-overshirts/relaxed-fit-plaid-overshirt-4mos1052-02/8868136452258/buy
00824.webp,https://d2wbq7o4qxi60y.cloudfront.net/8896658931874/1-800.webp,8896658931874,Geometric Relaxed Fit Overshirt,['Grey'],Relaxed Fit,Geometric,Poly Blend,1799.0,4.1,Overshirts,https://www.snitch.com/men-overshirts/relaxed-fit-geometric-overshirt-4mos1006-04/8896658931874/buy
00825.webp,https://d2wbq7o4qxi60y.cloudfront.net/8550646874274/1-800.webp,8550646874274,Khaki Knitted Relaxed Fit Overshirt,['Khaki'],Relaxed Fit,"Self-Design, Textured",Polyester,1399.0,4.6,Overshirts,https://www.snitch.com/men-overshirts/khaki-knitted-relaxed-fit-overshirt-4mss3737-03/8550646874274/buy
00826.webp,https://d2wbq7o4qxi60y.cloudfront.net/8851574948002/1-800.webp,8851574948002,Double Pocket Checks Box Fit Overshirt,['Grey'],Box Fit,Checks,Cotton Blend,1359.0,4.9,Overshirts,https://www.snitch.com/men-overshirts/box-fit-checks-overshirt-4mos1047-01/8851574948002/buy
00827.webp,https://d2wbq7o4qxi60y.cloudfront.net/8595177078946/1-800.webp,8595177078946,Checks Relaxed Fit Overshirt,['Black'],Relaxed Fit,Checks,Acrylic,2539.0,4.6,Overshirts,https://www.snitch.com/men-overshirts/black-checks-relaxed-fit-overshirt-4msk8674-02/8595177078946/buy
00828.webp,https://d2wbq7o4qxi60y.cloudfront.net/8595177013410/1-800.webp,8595177013410,Checks Relaxed Fit Overshirt,['White'],Relaxed Fit,Checks,Acrylic,2539.0,4.5,Overshirts,https://www.snitch.com/men-overshirts/white-checks-relaxed-fit-overshirt-4msk8674-01/8595177013410/buy
00829.webp,https://d2wbq7o4qxi60y.cloudfront.net/8777774399650/1-800.webp,8777774399650,Double Pocket Relaxed Fit Plaid Overshirt,['Grey'],Relaxed Fit,Checks,Poly Blend,1499.0,4.2,Overshirts,https://www.snitch.com/men-overshirts/relaxed-fit-plaid-overshirt-4mos1024-01/8777774399650/buy
00830.webp,https://d2wbq7o4qxi60y.cloudfront.net/8578450489506/1-800.webp,8578450489506,Printed Relaxed Fit Overshirt,['Navy'],Relaxed Fit,Printed,Cotton Blend,2399.0,4.4,Overshirts,https://www.snitch.com/men-overshirts/navy-printed-relaxed-fit-overshirt-4msk8673-01/8578450489506/buy
00831.webp,https://d2wbq7o4qxi60y.cloudfront.net/8895054807202/1-800.webp,8895054807202,Geometric Relaxed Fit Overshirt,['Cream'],Relaxed Fit,Geometric,Poly Blend,1799.0,4.2,Overshirts,https://www.snitch.com/men-overshirts/relaxed-fit-geometric-overshirt-4mos1006-02/8895054807202/buy
00832.webp,https://d2wbq7o4qxi60y.cloudfront.net/8895054774434/1-800.webp,8895054774434,Geometric Relaxed Fit Overshirt,['Blue'],Relaxed Fit,Geometric,Poly Blend,1439.0,4.5,Overshirts,https://www.snitch.com/men-overshirts/relaxed-fit-geometric-overshirt-4mos1006-01/8895054774434/buy
00833.webp,https://d2wbq7o4qxi60y.cloudfront.net/8504462639266/1-800.webp,8504462639266,Light Pink Abstract Overshirt,['Light Pink'],Relaxed Fit,"Textured, Abstract",Cotton,1789.0,4.5,Overshirts,https://www.snitch.com/men-overshirts/light-pink-abstract-overshirt-4mss3403-01/8504462639266/buy
00834.webp,https://d2wbq7o4qxi60y.cloudfront.net/8865684488354/1-800.webp,8865684488354,Double Pocket Plaid Flannel Overshirt,['Green'],Relaxed Fit,Checks,Cotton Blend,1399.0,4.7,Overshirts,https://www.snitch.com/men-overshirts/relaxed-fit-plaid-overshirt-4mos1050-01/8865684488354/buy
00835.webp,https://d2wbq7o4qxi60y.cloudfront.net/8572067053730/1-800.webp,8572067053730,Abstract Relaxed Fit Overshirt,['Navy'],Relaxed Fit,"Abstract, Printed",Poly Blend,1319.0,4.4,Overshirts,https://www.snitch.com/men-overshirts/navy-abstract-relaxed-fit-overshirt-4mss3814-02/8572067053730/buy
00836.webp,https://d2wbq7o4qxi60y.cloudfront.net/8767617532066/1-800.webp,8767617532066,Regular Fit Jacquard Overshirt,['Cream'],Regular Fit,Jacquard,Cotton,1689.0,4.1,Overshirts,https://www.snitch.com/men-overshirts/100-cotton-regular-fit-textured-overshirt-4mos1029-01/8767617532066/buy
00837.webp,https://d2wbq7o4qxi60y.cloudfront.net/8185827197090/1-800.webp,8185827197090,Checkmate Couture White Shirt,['White'],Relaxed Fit,Checks,Cotton,899.0,4.5,Overshirts,https://www.snitch.com/men-overshirts/checkmate-couture-white-shirt/8185827197090/buy
00838.webp,https://cdn.shopify.com/s/files/1/0420/7073/7058/files/4mos1051-02_1.jpg?v=1765815152,8868136288418,Double Pocket Flannel Plaid Overshirt,['Beige'],Relaxed Fit,Checks,Cotton Blend,1399.0,5.0,Overshirts,https://www.snitch.com/men-overshirts/relaxed-fit-plaid-overshirt-4mos1051-02/8868136288418/buy
00839.webp,https://d2wbq7o4qxi60y.cloudfront.net/8777774694562/1-800.webp,8777774694562,Plaid Double Pocket Overshirt,['Green'],Relaxed Fit,Checks,Poly Blend,1599.0,4.8,Overshirts,https://www.snitch.com/men-overshirts/plaid-relaxed-fit-overshirt-4mos1020-02/8777774694562/buy
00840.webp,https://d2wbq7o4qxi60y.cloudfront.net/8572066955426/1-800.webp,8572066955426,Black Abstract Relaxed Fit Overshirt,['Black'],Relaxed Fit,"Abstract, Printed",Poly Blend,1319.0,4.4,Overshirts,https://www.snitch.com/men-overshirts/black-abstract-relaxed-fit-overshirt-4mss3814-01/8572066955426/buy
00841.webp,https://d2wbq7o4qxi60y.cloudfront.net/8777774465186/1-800.webp,8777774465186,Relaxed Fit Plaid Overshirt,['Navy'],Relaxed Fit,Checks,Poly Blend,1499.0,4.6,Overshirts,https://www.snitch.com/men-overshirts/plaid-relaxed-fit-overshirt-4mos1022-01/8777774465186/buy
00842.webp,https://d2wbq7o4qxi60y.cloudfront.net/8575399887010/1-800.webp,8575399887010,Checks Relaxed Fit Overshirt,['Black'],Relaxed Fit,Checks,Poly Blend,1879.0,4.4,Overshirts,https://www.snitch.com/men-overshirts/black-checks-relaxed-fit-overshirt-4msk8654-01/8575399887010/buy
00843.webp,https://d2wbq7o4qxi60y.cloudfront.net/8895054839970/1-800.webp,8895054839970,Regular Fit Plaid Zipper Overshirt,['Grey'],Regular Fit,Checks,Cotton Blend,1529.0,4.9,Overshirts,https://www.snitch.com/men-overshirts/plaid-regular-fit-zipper-overshirt-4mos1049-01/8895054839970/buy
00844.webp,https://d2wbq7o4qxi60y.cloudfront.net/8154807533730/1-800.webp,8154807533730,Abstractix Grey Overshirt,['Purple'],Relaxed Fit,Printed,Polyester,1499.0,4.5,Overshirts,https://www.snitch.com/men-overshirts/abstractix-grey-overshirt/8154807533730/buy
00845.webp,https://d2wbq7o4qxi60y.cloudfront.net/8503606935714/1-800.webp,8503606935714,White Abstract Corduroy Overshirt,['White'],Relaxed Fit,"Textured, Abstract",Cotton,1789.0,4.5,Overshirts,https://www.snitch.com/men-overshirts/white-abstract-corduroy-overshirt-4mss3401-02/8503606935714/buy
00846.webp,https://d2wbq7o4qxi60y.cloudfront.net/8851574915234/1-800.webp,8851574915234,Double Pocket Plaid Overshirt,['White'],Relaxed Fit,Checks,Cotton Blend,1444.0,4.7,Overshirts,https://www.snitch.com/men-overshirts/relaxed-fit-plaid-overshirt-4mos1046-01/8851574915234/buy
00847.webp,https://d2wbq7o4qxi60y.cloudfront.net/8763516715170/1-800.webp,8763516715170,Regular Fit Jacquard Overshirt,['Mauve'],Regular Fit,Jacquard,Cotton,1689.0,4.3,Overshirts,https://www.snitch.com/men-overshirts/100-cotton-regular-fit-textured-overshirt-4mos1029-03/8763516715170/buy
00848.webp,https://d2wbq7o4qxi60y.cloudfront.net/8777774661794/1-800.webp,8777774661794,Plaid Double Pocket Overshirt,['Khaki'],Relaxed Fit,Checks,Poly Blend,1499.0,4.3,Overshirts,https://www.snitch.com/men-overshirts/plaid-relaxed-fit-overshirt-4mos1020-01/8777774661794/buy
00849.webp,https://d2wbq7o4qxi60y.cloudfront.net/8851574980770/1-800.webp,8851574980770,Double Pocket Plaid Overshirt,['White'],Relaxed Fit,Checks,Cotton Blend,1359.0,5.0,Overshirts,https://www.snitch.com/men-overshirts/plaid-relaxed-fit-overshirt-4mos1044-01/8851574980770/buy
00850.webp,https://d2wbq7o4qxi60y.cloudfront.net/8572067119266/1-800.webp,8572067119266,Navy Abstract Relaxed Fit Overshirt,['Navy'],Relaxed Fit,"Abstract, Printed",Poly Blend,1319.0,4.5,Overshirts,https://www.snitch.com/men-overshirts/navy-abstract-relaxed-fit-overshirt-4mss3817-01/8572067119266/buy
00851.webp,https://d2wbq7o4qxi60y.cloudfront.net/8627840712866/1-800.webp,8627840712866,Navy Embroidered Relaxed Fit Overshirt,['Navy'],Relaxed Fit,Embroidered,Cotton Blend,2159.0,4.6,Overshirts,https://www.snitch.com/men-overshirts/navy-embroidered-relaxed-fit-overshirt-4msk8680-01/8627840712866/buy
00852.webp,https://d2wbq7o4qxi60y.cloudfront.net/8503606542498/1-800.webp,8503606542498,Light Brown Abstract Corduroy Overshirt,['Light Brown'],Relaxed Fit,"Textured, Abstract",Cotton,1789.0,4.4,Overshirts,https://www.snitch.com/men-overshirts/light-brown-abstract-corduroy-overshirt-4mss3401-01/8503606542498/buy
00853.webp,https://d2wbq7o4qxi60y.cloudfront.net/8572066889890/1-800.webp,8572066889890,Abstract Relaxed Fit Overshirt,['Navy'],Relaxed Fit,"Abstract, Printed",Poly Blend,1319.0,4.4,Overshirts,https://www.snitch.com/men-overshirts/navy-abstract-relaxed-fit-overshirt-4mss3811-02/8572066889890/buy
00854.webp,https://d2wbq7o4qxi60y.cloudfront.net/8851574882466/1-800.webp,8851574882466,Double Pocket Plaid Overshirt,['Off White'],Relaxed Fit,Checks,Cotton Blend,1199.0,4.6,Overshirts,https://www.snitch.com/men-overshirts/relaxed-fit-plaid-overshirt-4mos1056-01/8851574882466/buy
00855.webp,https://d2wbq7o4qxi60y.cloudfront.net/8503607263394/1-800.webp,8503607263394,Abstract Corduroy Overshirt,['White'],Relaxed Fit,"Printed, Abstract",Cotton,1789.0,4.5,Overshirts,https://www.snitch.com/men-overshirts/white-abstract-corduroy-overshirt-4mss3404-02/8503607263394/buy
00856.webp,https://d2wbq7o4qxi60y.cloudfront.net/8856059740322/1-800.webp,8856059740322,Double Pocket Linen Blend Overshirt,['Black'],Oversized Fit,Textured,Cotton Blend,1499.0,4.7,Overshirts,https://www.snitch.com/men-overshirts/textured-linen-blend-oversized-overshirt-4mos1036-05/8856059740322/buy
00857.webp,https://d2wbq7o4qxi60y.cloudfront.net/8506473152674/1-800.webp,8506473152674,White Abstract Overshirt,['White'],Relaxed Fit,"Printed, Abstract",Cotton,1789.0,4.5,Overshirts,https://www.snitch.com/men-overshirts/white-abstract-overshirt-4mss3403-02/8506473152674/buy
00858.webp,https://d2wbq7o4qxi60y.cloudfront.net/8155149828258/1-800.webp,8155149828258,Abstractix White Overshirt,['Multi'],Relaxed Fit,Printed,Polyester,1499.0,4.5,Overshirts,https://www.snitch.com/men-overshirts/abstractix-white-overshirt/8155149828258/buy
00859.webp,https://d2wbq7o4qxi60y.cloudfront.net/8865684619426/1-800.webp,8865684619426,Double Pocket Flannel Plaid Overshirt,['Green'],Relaxed Fit,Checks,Cotton Blend,999.0,4.2,Overshirts,https://www.snitch.com/men-overshirts/relaxed-fit-plaid-overshirt-4mos1051-01/8865684619426/buy
00860.webp,https://d2wbq7o4qxi60y.cloudfront.net/8892585377954/1-800.webp,8892585377954,Relaxed Fit Geometric Overshirt,['Green'],Relaxed Fit,Geometric,Cotton Blend,1799.0,4.2,Overshirts,https://www.snitch.com/men-overshirts/relaxed-fit-geometric-overshirt-4mos1006-03/8892585377954/buy
00861.webp,https://d2wbq7o4qxi60y.cloudfront.net/8814313210018/1-800.webp,8814313210018,Relaxed Fit Plaid Flannel Overshirt,['Black'],Relaxed Fit,Checks,Cotton,1409.0,5.0,Overshirts,https://www.snitch.com/men-overshirts/relaxed-fit-plaid-100-cotton-overshirt-4mos1021-02/8814313210018/buy
00862.webp,https://d2wbq7o4qxi60y.cloudfront.net/8572066562210/1-800.webp,8572066562210,Dark Blue Abstract Relaxed Fit Overshirt,['Dark Blue'],Relaxed Fit,"Abstract, Printed",Poly Blend,1319.0,4.3,Overshirts,https://www.snitch.com/men-overshirts/dark-blue-abstract-relaxed-fit-overshirt-4mss3810-03/8572066562210/buy
00863.webp,https://d2wbq7o4qxi60y.cloudfront.net/8155149369506/1-800.webp,8155149369506,Abstractix Teal Blue Overshirt,['Multi'],Relaxed Fit,Printed,Polyester,1409.0,4.5,Overshirts,https://www.snitch.com/men-overshirts/abstractix-teal-blue-overshirt/8155149369506/buy
00864.webp,https://d2wbq7o4qxi60y.cloudfront.net/8843333238946/1-800.webp,8843333238946,Double Pocket Linen Blend Overshirt,['Khaki'],Oversized Fit,Textured,Cotton Blend,1499.0,4.3,Overshirts,https://www.snitch.com/men-overshirts/textured-linen-blend-relaxed-fit-overshirt-4mos1036-03/8843333238946/buy
00865.webp,https://d2wbq7o4qxi60y.cloudfront.net/8843333140642/1-800.webp,8843333140642,Double Pocket Linen Blend Overshirt,['Grey'],Oversized Fit,Textured,Cotton Blend,1519.0,5.0,Overshirts,https://www.snitch.com/men-overshirts/textured-linen-blend-relaxed-fit-overshirt-4mos1036-02/8843333140642/buy
00866.webp,https://d2wbq7o4qxi60y.cloudfront.net/8547283566754/1-800.webp,8547283566754,White Aztec Relaxed Fit Overshirt,['White'],Relaxed Fit,"Textured, Geometric",Cotton Blend,1274.0,4.4,Overshirts,https://www.snitch.com/men-overshirts/white-aztec-relaxed-fit-overshirt-4mss3787-04/8547283566754/buy
00867.webp,https://d2wbq7o4qxi60y.cloudfront.net/8843333042338/1-800.webp,8843333042338,Double Pocket Linen Blend Overshirt,['Cream'],Oversized Fit,Textured,Cotton Blend,1519.0,4.7,Overshirts,https://www.snitch.com/men-overshirts/textured-linen-blend-relaxed-fit-overshirt-4mos1036-01/8843333042338/buy
00868.webp,https://d2wbq7o4qxi60y.cloudfront.net/8572066693282/1-800.webp,8572066693282,Charcoal Grey Abstract Relaxed Fit Overshirt,['Charcoal Grey'],Relaxed Fit,"Abstract, Printed",Poly Blend,1319.0,4.3,Overshirts,https://www.snitch.com/men-overshirts/charcoal-grey-abstract-relaxed-fit-overshirt-4mss3810-04/8572066693282/buy
00869.webp,https://d2wbq7o4qxi60y.cloudfront.net/8873870459042/1-800.webp,8873870459042,Snap Button Double Pocket Overshirt,['Cream'],Relaxed Fit,Plain,Cotton,1799.0,4.9,Overshirts,https://www.snitch.com/men-overshirts/relaxed-fit-100-cotton-overshirt-4mos1040-01/8873870459042/buy
00870.webp,https://d2wbq7o4qxi60y.cloudfront.net/8777774432418/1-800.webp,8777774432418,Double Pocket Relaxed Fit Plaid Overshirt,['Brown'],Relaxed Fit,Checks,Poly Blend,1499.0,4.4,Overshirts,https://www.snitch.com/men-overshirts/relaxed-fit-plaid-overshirt-4mos1024-02/8777774432418/buy
00871.webp,https://d2wbq7o4qxi60y.cloudfront.net/8575399821474/1-800.webp,8575399821474,Black Abstract Relaxed Fit Overshirt,['Black'],Relaxed Fit,Abstract,Poly Blend,2629.0,4.4,Overshirts,https://www.snitch.com/men-overshirts/black-abstract-relaxed-fit-overshirt-4msk8657-02/8575399821474/buy
00872.webp,https://d2wbq7o4qxi60y.cloudfront.net/8676754555042/1-800.webp,8676754555042,Relaxed Fit Stretch Light Grey Overshirt,['Grey'],Relaxed Fit,Plain,Cotton Blend,1599.0,4.7,Overshirts,https://www.snitch.com/men-overshirts/relaxed-fit-stretch-light-grey-overshirt-4mos1014-02/8676754555042/buy
00873.webp,https://d2wbq7o4qxi60y.cloudfront.net/8814313177250/1-800.webp,8814313177250,Relaxed Fit Plaid Flannel Overshirt,['Navy'],Relaxed Fit,Checks,Cotton,1409.0,4.5,Overshirts,https://www.snitch.com/men-overshirts/relaxed-fit-plaid-100-cotton-overshirt-4mos1021-01/8814313177250/buy
00874.webp,https://d2wbq7o4qxi60y.cloudfront.net/8601823183010/1-800.webp,8601823183010,Checks Relaxed Fit Overshirt,['Black'],Relaxed Fit,Checks,Poly Blend,1319.0,4.4,Overshirts,https://www.snitch.com/men-overshirts/black-checks-relaxed-fit-overshirt-4mos1001-01/8601823183010/buy
00875.webp,https://d2wbq7o4qxi60y.cloudfront.net/8767617564834/1-800.webp,8767617564834,Regular Fit Jacquard Overshirt,['Green'],Regular Fit,Jacquard,Cotton,1689.0,5.0,Overshirts,https://www.snitch.com/men-overshirts/100-cotton-regular-fit-textured-overshirt-4mos1029-02/8767617564834/buy
00876.webp,https://d2wbq7o4qxi60y.cloudfront.net/8635585757346/1-800.webp,8635585757346,Geometric Relaxed Fit Overshirt,['Navy'],Relaxed Fit,Geometric,Cotton Blend,1879.0,4.7,Overshirts,https://www.snitch.com/men-overshirts/navy-geometric-relaxed-fit-overshirt-4mos1007-01/8635585757346/buy
00877.webp,https://d2wbq7o4qxi60y.cloudfront.net/8856059707554/1-800.webp,8856059707554,Double Pocket Linen Blend Overshirt,['Green'],Oversized Fit,Textured,Cotton Blend,1499.0,4.4,Overshirts,https://www.snitch.com/men-overshirts/textured-linen-blend-oversized-overshirt-4mos1036-04/8856059707554/buy
00878.webp,https://d2wbq7o4qxi60y.cloudfront.net/8564063961250/1-800.webp,8564063961250,Textured Regular Fit Overshirt,['Grey'],Regular Fit,Textured,Cotton,1198.0,4.4,Overshirts,https://www.snitch.com/men-overshirts/grey-textured-regular-fit-overshirt-4mss3865-03/8564063961250/buy
00879.webp,https://d2wbq7o4qxi60y.cloudfront.net/8564771029154/1-800.webp,8564771029154,Beige Textured Relaxed Fit Overshirt,['Beige'],Relaxed Fit,"Self-Design, Textured",Cotton,1499.0,4.4,Overshirts,https://www.snitch.com/men-overshirts/beige-textured-relaxed-fit-overshirt-4mss3866-02/8564771029154/buy
00880.webp,https://d2wbq7o4qxi60y.cloudfront.net/8633955451042/1-800.webp,8633955451042,Cream Checks Relaxed Fit Overshirt,['Cream'],Relaxed Fit,Checks,,2069.0,4.6,Overshirts,https://www.snitch.com/men-overshirts/cream-checks-relaxed-fit-overshirt-4msk8677-01/8633955451042/buy
00881.webp,https://d2wbq7o4qxi60y.cloudfront.net/8627839500450/1-800.webp,8627839500450,White Textured Relaxed Fit Overshirt,['White'],Relaxed Fit,"Self-Design, Textured",Cotton Blend,1499.0,4.4,Overshirts,https://www.snitch.com/men-overshirts/white-textured-relaxed-fit-overshirt-4mos1003-01/8627839500450/buy
00882.webp,https://d2wbq7o4qxi60y.cloudfront.net/8873870524578/1-800.webp,8873870524578,Snap Button Double Pocket Overshirt,['Khaki'],Relaxed Fit,Plain,Cotton,1439.0,4.8,Overshirts,https://www.snitch.com/men-overshirts/relaxed-fit-100-cotton-overshirt-4mos1040-02/8873870524578/buy
00883.webp,https://d2wbq7o4qxi60y.cloudfront.net/8740695572642/1-800.webp,8740695572642,Double Pocket Plaid Overshirt,['Brown'],Relaxed Fit,Checks,Poly Blend,1219.0,4.8,Overshirts,https://www.snitch.com/men-overshirts/relaxed-fit-plaid-overshirt-4mos1025-02/8740695572642/buy
00884.webp,https://d2wbq7o4qxi60y.cloudfront.net/8777774497954/1-800.webp,8777774497954,Relaxed Fit Plaid Overshirt,['Green'],Relaxed Fit,Checks,Poly Blend,1499.0,4.6,Overshirts,https://www.snitch.com/men-overshirts/plaid-relaxed-fit-overshirt-4mos1022-02/8777774497954/buy
00885.webp,https://d2wbq7o4qxi60y.cloudfront.net/8569370738850/1-800.webp,8569370738850,Blue Checks Relaxed Fit Overshirt,['Blue'],Relaxed Fit,Checks,Poly Blend,2349.0,4.5,Overshirts,https://www.snitch.com/men-overshirts/blue-checks-relaxed-fit-overshirt-4mss3905-02/8569370738850/buy
00886.webp,https://d2wbq7o4qxi60y.cloudfront.net/8627839598754/1-800.webp,8627839598754,Beige Textured Relaxed Fit Overshirt,['Beige'],Relaxed Fit,"Self-Design, Textured",Cotton Blend,1127.0,4.4,Overshirts,https://www.snitch.com/men-overshirts/beige-textured-relaxed-fit-overshirt-4mos1003-02/8627839598754/buy
00887.webp,https://d2wbq7o4qxi60y.cloudfront.net/8575399624866/1-800.webp,8575399624866,Abstract Relaxed Fit Overshirt,['White'],Relaxed Fit,Abstract,Poly Blend,2499.0,4.6,Overshirts,https://www.snitch.com/men-overshirts/white-abstract-relaxed-fit-overshirt-4msk8657-01/8575399624866/buy
00888.webp,https://d2wbq7o4qxi60y.cloudfront.net/8580609835170/1-800.webp,8580609835170,Charcoal Grey Checks Relaxed Fit Overshirt,['Charcoal Grey'],Relaxed Fit,Checks,Poly Blend,2159.0,4.5,Overshirts,https://www.snitch.com/men-overshirts/charcoal-grey-checks-relaxed-fit-overshirt-4mss3907-01/8580609835170/buy
00889.webp,https://d2wbq7o4qxi60y.cloudfront.net/8865684586658/1-800.webp,8865684586658,Double Pocket Plaid Flannel Overshirt,['Beige'],Relaxed Fit,Checks,Cotton Blend,999.0,4.7,Overshirts,https://www.snitch.com/men-overshirts/relaxed-fit-plaid-overshirt-4mos1050-02/8865684586658/buy
00890.webp,https://d2wbq7o4qxi60y.cloudfront.net/8777774563490/1-800.webp,8777774563490,Double Pocket Relaxed Fit Plaid Overshirt,['Navy'],Relaxed Fit,Checks,Poly Blend,1599.0,5.0,Overshirts,https://www.snitch.com/men-overshirts/relaxed-fit-plaid-overshirt-4mos1023-01/8777774563490/buy
00891.webp,https://d2wbq7o4qxi60y.cloudfront.net/8504462901410/1-800.webp,8504462901410,Abstract Corduroy Overshirt,['Brown'],Relaxed Fit,"Textured, Abstract",Cotton,1431.0,4.5,Overshirts,https://www.snitch.com/men-overshirts/brown-abstract-corduroy-overshirt-4mss3404-01/8504462901410/buy
00892.webp,https://d2wbq7o4qxi60y.cloudfront.net/8671152701602/1-800.webp,8671152701602,Relaxed Fit Stretch Self-Design Overshirt,['Black'],Relaxed Fit,Stripes,Nylon Blend,2069.0,5.0,Overshirts,https://www.snitch.com/men-overshirts/relaxed-fit-stretch-self-design-black-overshirt-4mos1015-02/8671152701602/buy
00893.webp,https://d2wbq7o4qxi60y.cloudfront.net/8671153815714/1-800.webp,8671153815714,Relaxed Fit Embroidered Black Overshirt,['Black'],Relaxed Fit,Abstract,Cotton Blend,2069.0,4.9,Overshirts,https://www.snitch.com/men-overshirts/relaxed-fit-embroidered-black-overshirt-4mos1010-02/8671153815714/buy
00894.webp,https://d2wbq7o4qxi60y.cloudfront.net/8892585345186/1-800.webp,8892585345186,Regular Fit Stripes Zipper Overshirt,['Cream'],Regular Fit,Stripes,Cotton Blend,1529.0,4.6,Overshirts,https://www.snitch.com/men-overshirts/stripes-zipper-regular-fit-overshirt-4mos1045-01/8892585345186/buy
00895.webp,https://d2wbq7o4qxi60y.cloudfront.net/8904872165538/1-800.webp,8904872165538,100% Cotton Plaid Overshirt,['Brown'],Relaxed Fit,Checks,Cotton,1199.0,4.5,Overshirts,https://www.snitch.com/men-overshirts/plaid-relaxed-fit-100-cotton-overshirt-4mos1058-02/8904872165538/buy
00896.webp,https://d2wbq7o4qxi60y.cloudfront.net/8662525771938/1-800.webp,8662525771938,Relaxed Fit Stretch Textured Overshirt,['Grey'],Relaxed Fit,Textured,Poly Blend,1689.0,4.7,Overshirts,https://www.snitch.com/men-overshirts/relaxed-fit-stretch-textured-overshirt-4mos1013-04/8662525771938/buy
00897.webp,https://d2wbq7o4qxi60y.cloudfront.net/8564063600802/1-800.webp,8564063600802,Textured Regular Fit Overshirt,['Cream'],Regular Fit,Textured,Cotton,1499.0,4.4,Overshirts,https://www.snitch.com/men-overshirts/cream-textured-regular-fit-overshirt-4mss3865-02/8564063600802/buy
00898.webp,https://d2wbq7o4qxi60y.cloudfront.net/8155152646306/1-800.webp,8155152646306,Pastel Harmony White Overshirt,['Off White'],Relaxed Fit,Printed,Polyester,1409.0,4.3,Overshirts,https://www.snitch.com/men-overshirts/pastel-harmony-white-overshirt/8155152646306/buy
00899.webp,https://d2wbq7o4qxi60y.cloudfront.net/8546820784290/1-800.webp,8546820784290,Jacquard Relaxed Fit Overshirt,['Black'],Relaxed Fit,Jacquard,Cotton Blend,1499.0,4.3,Overshirts,https://www.snitch.com/men-overshirts/black-jacquard-relaxed-fit-overshirt-4mss3789-02/8546820784290/buy
