image,image_url,product_id,title,color,fit,pattern,material,price,rating,category,product_url,wear_type
female_00000.webp,https://assets.newme.asia/wp-content/uploads/2026/06/12073053427750de/NM-PRC-455-DRS-26-JUN-34374-SAGE(1).webp,10826374,Sage Ruched Bodycon Mini Dress,"Sage, Cream, Wine",Bodycon,Ruched,,1199,5.0,Dresses,https://newme.asia/product/sage-ruched-bodycon-mini-dress,upper wear
female_00001.webp,https://assets.newme.asia/wp-content/uploads/2025/05/171834445a6b7ead/NM-IN-56-DRS-24-DEC-13851-DARKBROWN(1)_c.webp,6228589,Red Draped Detail Mini Dress,"Red, Light Blue",,,,599,4.9,Dresses,https://newme.asia/product/red-draped-detail-mini-dress,upper wear
female_00002.webp,https://assets.newme.asia/wp-content/uploads/2026/04/161009434444166c/NM-IN-56-DRS-24-JUN-6896-BROWN(0).webp,3977087,Brown Solid Tie Up Maxi Dress,"Brown, White, Black, Yellow, Pink, Blue",,Solid,,899,4.7,Dresses,https://newme.asia/product/brown-solid-tie-up-maxi-dress,upper wear
female_00003.webp,https://assets.newme.asia/wp-content/uploads/2026/03/28134513fbe34d5f/NM-PRC-159-DRS-26-MAR-32194-BLACK(1).webp,9864276,Black Embroidered Ethnic A-Line Dress,,,,,1199,4.8,Dresses,https://newme.asia/product/black-embroidered-ethnic-a-line-dress,upper wear
female_00004.webp,https://assets.newme.asia/wp-content/uploads/2026/03/1715592685b4dd97/NM-PRC-178-DRS-26-MAR-31596-OFFWHITE(1).webp,9742464,Off White Striped Maxi Dress,,,Striped,,999,4.9,Dresses,https://newme.asia/product/off-white-striped-maxi-dress,upper wear
female_00005.webp,https://assets.newme.asia/wp-content/uploads/2026/05/09102331e3473fe4/NM-IN-56-DRS-24-APR-5058-RED(0).webp,4164837,Red One Shoulder Ruched Dress,"Red, Maroon, White, Brown, Pink",,Ruched,,449,4.7,Dresses,https://newme.asia/product/red-one-shoulder-ruched-dress,upper wear
female_00006.webp,https://assets.newme.asia/wp-content/uploads/2026/02/17091722319f5fd0/NM-IN-56-DRS-25-DEC-22414-BROWN(0).webp,9464669,Brown Leopard Print Mini Dress,"Brown, Olive, Pink",,,,899,4.9,Dresses,https://newme.asia/product/brown-leopard-print-mini-dress-7,upper wear
female_00007.webp,https://assets.newme.asia/wp-content/uploads/2025/07/21171726a657059d/NM-IN-56-DRS-24-SEP-9134-MAROON(1).webp,3954952,Maroon Embellished Off Shoulder Dress,"Maroon, White, Dark Blue",,,,1549,4.8,Dresses,https://newme.asia/product/maroon-embellished-off-shoulder-dress-2,upper wear
female_00008.webp,https://assets.newme.asia/wp-content/uploads/2025/06/281356372e11252f/NM-IN-56-DRS-25-APR-17103-RED(1).webp,6871620,Red Glitter Ruffles Detail Slip Micro Mini Dress,,,,,1199,4.7,Dresses,https://newme.asia/product/red-glitter-ruffles-detail-slip-micro-mini-dress,upper wear
female_00009.webp,https://assets.newme.asia/wp-content/uploads/2025/09/22070612a3387bfa/NM-IN-56-DRS-24-OCT-9947-MAROON_(1).webp,4254040,Maroon Extended Cape Sleeve Maxi Dress,"Maroon, Black",,,,1099,4.8,Dresses,https://newme.asia/product/maroon-extented-cape-sleeve-maxi-dress-2,upper wear
female_00010.webp,https://assets.newme.asia/wp-content/uploads/2025/09/2014523714816f87/NM-PRC-374-DRS-25-SEP-24962-BROWN(1).webp,7701947,Leopard Print Ruched Bodycon Midi Dress,,Bodycon,Ruched,,1149,4.9,Dresses,https://newme.asia/product/leopard-print-ruched-bodycon-midi-dress,upper wear
female_00011.webp,https://assets.newme.asia/wp-content/uploads/2026/01/1510053583b1dfe1/NM-IN-56-DRS-24-DEC-13855-BLACK(1).webp,9084790,Black Ruching Detail Asymmetric Neck Mini Dress,,,,,699,4.9,Dresses,https://newme.asia/product/black-ruching-detail-asymmetric-neck-mini-dress-7,upper wear
female_00012.webp,https://assets.newme.asia/wp-content/uploads/2025/08/221150089935c70c/NM-IN-56-DRS-24-OCT-10050-MAROON(1).webp,3732735,Maroon Colorblock Bodycon Dress,,Bodycon,,,899,4.8,Dresses,https://newme.asia/product/maroon-colorblock-bodycon-dress-2,upper wear
female_00013.webp,https://assets.newme.asia/wp-content/uploads/2026/03/18140024c60bbeac/NM-PRC-313-DRS-26-MAR-31661-OFFWHITE(1).webp,9750786,Off White Textured Belted Midi Dress,,,,,1199,4.9,Dresses,https://newme.asia/product/off-white-textured-belted-midi-dress,upper wear
female_00014.webp,https://assets.newme.asia/wp-content/uploads/2025/07/21170126df6155fa/NM-IN-56-DRS-24-JUN-6896-WHITE(1).webp,2884736,Off White Solid Tie Up Maxi Dress,"White, Black, Yellow, Pink, Blue, Brown",,Solid,,849,4.5,Dresses,https://newme.asia/product/off-white-solid-tie-up-maxi-dress-2,upper wear
female_00015.webp,https://assets.newme.asia/wp-content/uploads/2026/05/09102340127a35ad/NM-IN-56-DRS-24-APR-5058-BROWN(0).webp,4164849,Brown One Shoulder Ruched Dress,"Brown, Red, Maroon, White, Pink",,Ruched,,699,4.7,Dresses,https://newme.asia/product/brown-one-shoulder-ruched-dress,upper wear
female_00016.webp,https://assets.newme.asia/wp-content/uploads/2026/05/051023160e2d23d0/NM-PRC-193-DRS-25-JUN-19585-BEIGE(1).webp,6891014,Beige Sweetheart Mermaid Maxi Dress,,,,,2199,4.9,Dresses,https://newme.asia/product/beige-sweetheart-mermaid-maxi-dress,upper wear
female_00017.webp,https://assets.newme.asia/wp-content/uploads/2026/04/161010054e920b4a/NM-IN-56-DRS-24-JUN-6896-PINK(0).webp,4164746,Pink Solid Tie Up Maxi Dress,"Pink, White, Black, Yellow, Blue, Brown",,Solid,,849,4.8,Dresses,https://newme.asia/product/pink-solid-tie-up-maxi-dress,upper wear
female_00018.webp,https://assets.newme.asia/wp-content/uploads/2026/04/04115438ee3d6e94/NM-PRC-313-DRS-26-APR-32622-LIGHTBLUE(1).webp,9927851,Light Blue Plaid Puff Sleeves Mini Dress,"Light Blue, Lightpink",,,,1099,4.8,Dresses,https://newme.asia/product/light-blue-plaid-puff-sleeves-mini-dress,upper wear
female_00019.webp,https://assets.newme.asia/wp-content/uploads/2026/06/15104922b8fb58c1/NM-PRC-425-DRS-26-APR-32962-LIGHTBLUE(1).webp,10501826,Light Blue Striped Wrap Mini Dress,"Light Blue, Maroon",,Striped,,1399,5.0,Dresses,https://newme.asia/product/light-blue-striped-wrap-mini-dress,upper wear
female_00020.webp,https://assets.newme.asia/wp-content/uploads/2025/12/081405236e5ca29e/NM-PRC-408-DRS-25-DEC-27781-DARKGREEN(1).webp,8499500,Dark Green Backless Mermaid Dress,,,,,1199,4.8,Dresses,https://newme.asia/product/dark-green-backless-mermaid-dress,upper wear
female_00021.webp,https://assets.newme.asia/wp-content/uploads/2025/07/22120348e9a3809d/NM-IN-56-DRS-24-NOV-12024-DKBLUE(1).webp,3783193,Blue Solid Denim Mini Dress,,,Solid,Denim,1049,4.9,Dresses,https://newme.asia/product/blue-solid-denim-mini-dress,upper wear
female_00022.webp,https://assets.newme.asia/wp-content/uploads/2026/06/26112944e5e244f7/NM-PRC-455-DRS-26-JUN-34374-WINE(1).webp,10993627,Wine Ruched Bodycon Mini Dress,"Wine, Cream, Sage",Bodycon,Ruched,,1099,4.6,Dresses,https://newme.asia/product/wine-ruched-bodycon-mini-dress-16,upper wear
female_00023.webp,https://assets.newme.asia/wp-content/uploads/2026/03/27143404ff6bfaa4/NM-PRC-168-DRS-26-MAR-32109-BLUE(1).webp,9855756,Blue Floral Cut Out Midi Dress,,,Floral,,999,4.8,Dresses,https://newme.asia/product/blue-floral-cut-out-midi-dress,upper wear
female_00024.webp,https://assets.newme.asia/wp-content/uploads/2025/05/2007273948f4cd87/NM-IN-56-DRS-25-MAR-15608-WHITE(1).webp,6562281,White Ethnic Print Fit Flare Mini Dress,,Flare,,,749,4.9,Dresses,https://newme.asia/product/white-ethnic-print-fit-flare-mini-dress-2,upper wear
female_00025.webp,https://assets.newme.asia/wp-content/uploads/2026/03/0211052005b8963c/NM-IN-56-DRS-24-SEP-9139-BLACK(0).webp,9602721,Black Solid Glittery Mini Dress,"Black, Green",,Solid,,849,4.9,Dresses,https://newme.asia/product/black-solid-glittery-mini-dress,upper wear
female_00026.webp,https://assets.newme.asia/wp-content/uploads/2026/02/170733478804f65a/NM-IN-56-DRS-25-NOV-26090-RED(0).webp,9485192,Red Sweetheart Neck Slit Maxi Dress,"Red, Black",,,,949,4.3,Dresses,https://newme.asia/product/red-sweetheart-neck-slit-maxi-dress,upper wear
female_00027.webp,https://assets.newme.asia/wp-content/uploads/2026/05/151417090dcc441e/NM-PRC-414-DRS-26-MAY-33583-LIGHTPINK(1).webp,10496830,Light Pink Floral V-Neck Maxi Dress,,,Floral,,1299,4.4,Dresses,https://newme.asia/product/light-pink-floral-v-neck-maxi-dress-2,upper wear
female_00028.webp,https://assets.newme.asia/wp-content/uploads/2025/06/281356437531c092/NM-IN-56-DRS-APR-25-18002-YELLOW(1).webp,6871625,Orange Floral Tube Neck Mini Dress,,,Floral,,1049,4.9,Dresses,https://newme.asia/product/orange-floral-tube-neck-mini-dress-2,upper wear
female_00029.webp,https://assets.newme.asia/wp-content/uploads/2026/03/23150301d66c57fb/NM-PRC-182-DRS-26-MAR-31832-LIGHTYELLOW(1).webp,9819158,Light Yellow Crochet Mini Dress,"Lightyellow, White",,Crochet,,1299,4.9,Dresses,https://newme.asia/product/light-yellow-crochet-mini-dress,upper wear
female_00030.webp,https://assets.newme.asia/wp-content/uploads/2026/06/04152538fdacdf9c/NM-PRC-374-DRS-26-JUN-34296-BLACK(1).webp,10744032,Black Cowl Neck Midi Dress,"Black, Wine",,,,1199,5.0,Dresses,https://newme.asia/product/black-cowl-neck-midi-dress,upper wear
female_00031.webp,https://assets.newme.asia/wp-content/uploads/2026/01/280805124c5a2ee1/NM-IN-56-DRS-25-MAY-18691-RED(1).webp,9265540,Red Sweetheart Ruffled Mini Dress,,,,,1299,4.5,Dresses,https://newme.asia/product/red-sweetheart-ruffled-mini-dress,upper wear
female_00032.webp,https://assets.newme.asia/wp-content/uploads/2024/12/11141833969fbd83/NM-IN-56-DRS-23-JUL-2193-WHITE(1).webp,3707592,Tie Dye Fit Flare  Micro Mini Dress,,Flare,,,799,4.7,Dresses,https://newme.asia/product/tie-dye-fit-flare-mini-dress-2,upper wear
female_00033.webp,https://assets.newme.asia/wp-content/uploads/2026/02/261501280836148b/NM-PRC-385-DRS-26-JAN-30537-WHITE(1).webp,9569065,White Striped A-Line Mini Dress,"White, Black, Maroon",,Striped,,949,4.7,Dresses,https://newme.asia/product/white-striped-a-line-mini-dress,upper wear
female_00034.webp,https://assets.newme.asia/wp-content/uploads/2026/02/050936368a5bd479/NM-IN-56-DRS-25-NOV-26554-WHITE(0).webp,9362139,White Sweetheart Neck Mini Lace Dress,,,,,1349,5.0,Dresses,https://newme.asia/product/white-sweetheart-neck-mini-lace-dress,upper wear
female_00035.webp,https://assets.newme.asia/wp-content/uploads/2026/03/090712380ff53872/NM-PRC-313-DRS-26-FEB-31057-WINE(1).webp,9668678,Wine Tiered Lace Mini Dress,,,,,1449,4.8,Dresses,https://newme.asia/product/wine-tiered-lace-mini-dress,upper wear
female_00036.webp,https://assets.newme.asia/wp-content/uploads/2025/10/10134522380f39a0/NM-PRC-348-DRS-25-OCT-25382-GREEN(1).webp,7868837,Green Crochet Halter Mini Dress,,,Crochet,,1349,4.9,Dresses,https://newme.asia/product/green-crochet-halter-mini-dress,upper wear
female_00037.webp,https://assets.newme.asia/wp-content/uploads/2025/07/22115746536b388d/NM-IN-56-DRS-24-OCT-9995-MAROON(1).webp,3707680,Maroon Floral Pattern Mini Dress,,,Floral,,699,4.6,Dresses,https://newme.asia/product/maroon-floral-pattern-mini-dress-2,upper wear
female_00038.webp,https://assets.newme.asia/wp-content/uploads/2026/04/081144311c74975c/NM-IN-56-DRS-26-JAN-29910-BLACK(0).webp,9966813,Black Sweetheart Neck Skater Dress,,,,,849,4.6,Dresses,https://newme.asia/product/black-sweetheart-neck-skater-dress-2,upper wear
female_00039.webp,https://assets.newme.asia/wp-content/uploads/2025/07/23231915ba529de3/NM-IN-56-DRS-24-JUL-6979-RED(1).webp,4164779,Red Square Neck Ruched Bodycon Dress,"Red, White",Bodycon,Ruched,,599,4.4,Dresses,https://newme.asia/product/red-square-neck-ruched-bodycon-dress-2,upper wear
female_00040.webp,https://assets.newme.asia/wp-content/uploads/2026/02/26075024a146aef5/NM-IN-56-DRS-26-JAN-22492-YELLOW(0).webp,9555330,Yellow Floral V-Neck Mini Dress,"Yellow, Pink",,Floral,,949,5.0,Dresses,https://newme.asia/product/yellow-floral-v-neck-mini-dress-2,upper wear
female_00041.webp,https://assets.newme.asia/wp-content/uploads/2026/03/25143500ffd4c65f/NM-PRC-408-DRS-26-JAN-30581-BEIGE(1).webp,9838102,Beige Floral Print Slit Maxi Dress,,,Floral,,1299,4.9,Dresses,https://newme.asia/product/beige-floral-print-slit-maxi-dress,upper wear
female_00042.webp,https://assets.newme.asia/wp-content/uploads/2026/07/070825485ca226d5/NM-PRC-445-DRS-26-JUN-34363-BROWN(1).webp,10784867,Beige Animal Printed Ruffled Maxi Dress,,,Printed,,1199,4.5,Dresses,https://newme.asia/product/beige-animal-printed-ruffled-maxi-dress,upper wear
female_00043.webp,https://assets.newme.asia/wp-content/uploads/2026/04/021348591258e001/NM-PRC-414-DRS-26-APR-32495-YELLOW(1).webp,9910354,Yellow Floral A-Line Maxi Dress,"Yellow, Lightpink, Light Blue",,Floral,,1099,4.7,Dresses,https://newme.asia/product/yellow-floral-a-line-maxi-dress,upper wear
female_00044.webp,https://assets.newme.asia/wp-content/uploads/2025/12/01123715b34a3a59/NM-IN-56-DRS-25-NOV-21979-BLACK(1).webp,8464448,Black Shimmer Maxi Dress With Scarf,,,,,1299,4.8,Dresses,https://newme.asia/product/black-shimmer-maxi-dress-with-scarf,upper wear
female_00045.webp,https://assets.newme.asia/wp-content/uploads/2025/09/18134755326ccc1a/NM-PRC-187-DRS-25-SEP-24878-GREEN(1).webp,7683984,Multi Color Abstract Halter Mini Dress,,,,,1099,4.8,Dresses,https://newme.asia/product/multi-color-abstract-halter-mini-dress,upper wear
female_00046.webp,https://assets.newme.asia/wp-content/uploads/2025/11/13162427afc3eb20/NM-PRC-390-DRS-25-NOV-26569-BROWN(1).webp,8207269,Black Leopard Cowl Neck Midi Dress,,,,,1299,4.8,Dresses,https://newme.asia/product/black-leopard-cowl-neck-midi-dress,upper wear
female_00047.webp,https://assets.newme.asia/wp-content/uploads/2026/02/1707334993511bea/NM-IN-56-DRS-24-AUG-8239-BROWN(0).webp,9485186,Brown Lace Insert Sweetheart Mini Dress,,,,,899,4.8,Dresses,https://newme.asia/product/brown-lace-insert-sweetheart-mini-dress,upper wear
female_00048.webp,https://assets.newme.asia/wp-content/uploads/2026/02/071147515ac40329/NM-IN-56-DRS-25-DEC-22332-RED(0).webp,9341842,Red Off Shoulder Ruffle Midi Dress,"Red, Orange, Black",,,,699,4.8,Dresses,https://newme.asia/product/red-off-shoulder-ruffle-midi-dress,upper wear
female_00049.webp,https://assets.newme.asia/wp-content/uploads/2026/04/0205531625e13b2f/NM-IN-56-DRS-25-DEC-22332-BLACK(0).webp,9906383,Black Solid Off Shoulder Midi Dress,"Black, Orange, Red",,Solid,,699,5.0,Dresses,https://newme.asia/product/black-solid-off-shoulder-midi-dress-4,upper wear
female_00050.webp,https://assets.newme.asia/wp-content/uploads/2026/02/1011320625be229e/NM-IN-56-DRS-25-APR-18374-MAROON(0).webp,9421246,Maroon Shimmer Sweetheart Mini Bodycon Dress,"Maroon, Black",Bodycon,,,899,4.8,Dresses,https://newme.asia/product/maroon-shimmer-sweetheart-mini-bodycon-dress,upper wear
female_00051.webp,https://assets.newme.asia/wp-content/uploads/2025/12/170533187d471131/NM-PRC-332-DRS-25-NOV-26567-RED(1).webp,8207241,Red Ruched Bodycon Midi Dress,,Bodycon,Ruched,,1399,5.0,Dresses,https://newme.asia/product/red-ruched-bodycon-midi-dress,upper wear
female_00052.webp,https://assets.newme.asia/wp-content/uploads/2026/01/291250328fde8b79/NM-IN-56-DRS-25-SEP-21500-PINK(0).webp,7797620,Kiara Inspired Check Bodycon Mini Dress,,Bodycon,Check,,649,4.9,Dresses,https://newme.asia/product/pink-check-bodycon-mini-dress,upper wear
female_00053.webp,https://assets.newme.asia/wp-content/uploads/2025/09/2413434593351e29/NM-IN-56-DRS-25-AUG-21441-RED_(1).webp,7734492,Red Solid Zip Collar Neck Mini Dress,"Red, Dark Grey, Lightgrey",,Solid,,799,4.6,Dresses,https://newme.asia/product/red-solid-zip-collar-neck-mini-dress,upper wear
female_00054.webp,https://assets.newme.asia/wp-content/uploads/2026/03/18104127a909b2dc/NM-IN-54-DRS-26-FEB-31468-LIGHTBLUE(0).webp,9649694,Light Blue Square Neck Schiffli Mini Dress,,,,,899,4.7,Dresses,https://newme.asia/product/light-blue-square-neck-schiffli-mini-dress,upper wear
female_00055.webp,https://assets.newme.asia/wp-content/uploads/2026/05/091023492f90cc59/NM-IN-56-DRS-24-APR-5058-PINK(0).webp,4164861,Pink One Shoulder Ruched Dress,"Pink, Red, Maroon, White, Brown",,Ruched,,749,4.8,Dresses,https://newme.asia/product/pink-one-shoulder-ruched-dress,upper wear
female_00056.webp,https://assets.newme.asia/wp-content/uploads/2025/02/01103625ddfed12c/NM-PRC-116-DRS-24-OCT-8176-RED(1).webp,3006346,Red Abstract Print Maxi Dress,,,,,1049,4.9,Dresses,https://newme.asia/product/red-abstract-print-maxi-dress,upper wear
female_00057.webp,https://assets.newme.asia/wp-content/uploads/2026/07/0606372944b2b5e4/NM-PRC-414-DRS-26-JUN-34198-LIGHTPINK(0).webp,10716588,Light Pink Lace Halter Mini Dress,,,,,1099,4.4,Dresses,https://newme.asia/product/light-pink-lace-halter-mini-dress,upper wear
female_00058.webp,https://assets.newme.asia/wp-content/uploads/2026/06/1207583379b79fd8/NM-PRC-452-DRS-26-JUN-34528-WINE(1).webp,10826890,Wine Bodycon Mermaid Slit Dress,"Wine, Black",Bodycon,,,1049,4.5,Dresses,https://newme.asia/product/wine-bodycon-mermaid-slit-dress,upper wear
female_00059.webp,https://assets.newme.asia/wp-content/uploads/2026/07/06053137f015ca1c/NM-PRC-178-DRS-26-JUN-34196-PURPLE(1).webp,10716581,Purple Backless Halter Mini Dress,,,,,1299,4.5,Dresses,https://newme.asia/product/purple-backless-halter-mini-dress-2,upper wear
female_00060.webp,https://assets.newme.asia/wp-content/uploads/2025/12/081154133966327d/NM-IN-56-DRS-25-NOV-21983-GREEN(1).webp,8554587,Green One-Shoulder Mini Dress,,,,,699,5.0,Dresses,https://newme.asia/product/green-one-shoulder-mini-dress,upper wear
female_00061.webp,https://assets.newme.asia/wp-content/uploads/2026/03/311429266f549ec9/NM-PRC-450-DRS-26-MAR-32365-WHITE(1).webp,9892527,White Floral Square Neck Maxi Dress,"White, Lightpink, Lightyellow",,Floral,,1299,4.9,Dresses,https://newme.asia/product/white-floral-square-neck-maxi-dress-2,upper wear
female_00062.webp,https://assets.newme.asia/wp-content/uploads/2025/07/221123117d44a754/NM-IN-56-DRS-24-JUN-6368-WHITE_(1).webp,2040914,White Allover Floral Printed Midi Dress,,,Printed,,999,4.9,Dresses,https://newme.asia/product/white-allover-floral-printed-midi-dress,upper wear
female_00063.webp,https://assets.newme.asia/wp-content/uploads/2026/01/31120657a8e84c26/NM-IN-56-DRS-25-NOV-27470-MAROON(0).webp,9304214,Maroon Sqaure Neck Slit Maxi Dress,,,,,1299,5.0,Dresses,https://newme.asia/product/maroon-sqaure-neck-slit-maxi-dress,upper wear
female_00064.webp,https://assets.newme.asia/wp-content/uploads/2025/08/22140025a03499a5/NM-PRC-141-DRS-24-MAR-4431-PINK(1).webp,1466719,Pink Bow Detail Sheath Micro Mini Dress,,,,,1249,4.9,Dresses,https://newme.asia/product/pink-bow-detail-sheath-dress,upper wear
female_00065.webp,https://assets.newme.asia/wp-content/uploads/2026/04/211301404dbc21fb/NM-IN-56-DRS-26-JAN-30381-GREEN(0).webp,10101655,Green Floral V-Neck Mini Dress,"Green, Black",,Floral,,899,4.7,Dresses,https://newme.asia/product/green-floral-v-neck-mini-dress-2,upper wear
female_00066.webp,https://assets.newme.asia/wp-content/uploads/2026/03/11095821839858a8/NM-PRC-385-DRS-26-FEB-31221-BLACK(1).webp,9686268,Black Floral V-Neck Mini Dress,,,Floral,,1099,5.0,Dresses,https://newme.asia/product/black-floral-v-neck-mini-dress-37,upper wear
female_00067.webp,https://assets.newme.asia/wp-content/uploads/2026/03/05131722f1cadc61/NM-IN-56-DRS-26-JAN-22534-YELLOW(0).webp,9630751,Yellow Floral Printed Tier Mini Dress,"Yellow, Blue",,Printed,,1399,4.6,Dresses,https://newme.asia/product/yellow-floral-printed-tier-mini-dress,upper wear
female_00068.webp,https://assets.newme.asia/wp-content/uploads/2026/04/1809131924535a9b/NM-IN-56-DRS-25-DEC-28872-YELLOW(0).webp,10062039,Yellow Floral V-Neck Mini Dress,"Yellow, Light Blue, Red, Lightpink, Black",,Floral,,899,4.5,Dresses,https://newme.asia/product/yellow-floral-v-neck-mini-dress-4,upper wear
female_00069.webp,https://assets.newme.asia/wp-content/uploads/2025/11/13164548bb0170a9/NM-PRC-193-DRS-25-NOV-26578-BEIGE(1).webp,8207823,Beige Sequin Slit Maxi Dress,,,,,1599,5.0,Dresses,https://newme.asia/product/beige-sequin-slit-maxi-dress-2,upper wear
female_00070.webp,https://assets.newme.asia/wp-content/uploads/2026/06/1112564732d90553/NM-IN-54-DRS-26-APR-33239-YELLOW(0).webp,10752646,Yellow Floral Plunge Neck Midi Dress,,,Floral,,749,4.5,Dresses,https://newme.asia/product/yellow-floral-plunge-neck-midi-dress,upper wear
female_00071.webp,https://assets.newme.asia/wp-content/uploads/2025/10/011003221dd2cd2a/NM-IN-56-DRS-25-SEP-21617-LIGHTBLUE_(1).webp,7797644,Light Blue Floral Ruffled Mini Dress,,,Floral,,799,5.0,Dresses,https://newme.asia/product/light-blue-floral-ruffled-mini-dress,upper wear
female_00072.webp,https://assets.newme.asia/wp-content/uploads/2025/06/02211235be547e32/NM-PRC-27-DRS-25-MAY-18915-BROWN(1).webp,6456814,Ruffled Vneck Aline Dress,"Brown, Black",,,,1299,4.8,Dresses,https://newme.asia/product/ruffled-vneck-aline-dress,upper wear
female_00073.webp,https://assets.newme.asia/wp-content/uploads/2025/05/17150419daf9b3e1/NM-IN-56-DRS-25-MAR-16002-GREEN_(1).webp,4942776,Green Off Shoulder Gathered Dress,,,,,599,4.7,Dresses,https://newme.asia/product/green-off-shoulder-gathered-dress,upper wear
female_00074.webp,https://assets.newme.asia/wp-content/uploads/2026/03/031308395ef16c3f/NM-PRC-119-DRS-26-JAN-30572-WINE(1).webp,9612420,Wine Sequin Mini Corset Dress,"Wine, Blue, Black",,,,1349,5.0,Dresses,https://newme.asia/product/wine-sequin-mini-corset-dress,upper wear
female_00075.webp,https://assets.newme.asia/wp-content/uploads/2026/04/211301061718f08b/NM-IN-56-DRS-25-DEC-28872-RED(0).webp,10101636,Red Floral V-Neck Mini Dress,"Red, Light Blue, Lightpink, Black, Yellow",,Floral,,849,5.0,Dresses,https://newme.asia/product/red-floral-v-neck-mini-dress-2,upper wear
female_00076.webp,https://assets.newme.asia/wp-content/uploads/2026/04/131247524d6b968b/NM-IN-56-DRS-25-DEC-28401-RED(0).webp,10014143,Red Ruched Off-Shoulder Mini Dress,,,Ruched,,1449,5.0,Dresses,https://newme.asia/product/red-ruched-off-shoulder-mini-dress-2,upper wear
female_00077.webp,https://assets.newme.asia/wp-content/uploads/2026/04/131248004fcad1db/NM-IN-56-DRS-26-JAN-30039-RED(0).webp,10014087,Red Sweetheart Fit And Flare Mini Dress,,Flare,,,849,4.6,Dresses,https://newme.asia/product/red-sweetheart-fit-and-flare-mini-dress-2,upper wear
female_00078.webp,https://assets.newme.asia/wp-content/uploads/2026/06/26113034fabc9dfa/NM-PRC-447-DRS-26-JUN-35010-BLACK(1).webp,10993669,Black Cowl Neck Draped Mini Dress,,,,,899,4.6,Dresses,https://newme.asia/product/black-cowl-neck-draped-mini-dress,upper wear
female_00079.webp,https://assets.newme.asia/wp-content/uploads/2026/05/2614174716c7b7dc/NM-PRC-385-DRS-25-NOV-26608-YELLOW(1).webp,8208091,Yellow Floral A-Line Mini Dress,"Yellow, Lightpink, Light Blue",,Floral,,949,4.7,Dresses,https://newme.asia/product/yellow-floral-a-line-mini-dress,upper wear
female_00080.webp,https://assets.newme.asia/wp-content/uploads/2026/04/08114510ad8178e0/NM-IN-56-DRS-26-JAN-29936-RED(0).webp,9966819,Red Tiered Ruffle Mini Dress,,,,,1349,4.5,Dresses,https://newme.asia/product/red-tiered-ruffle-mini-dress-2,upper wear
female_00081.webp,https://assets.newme.asia/wp-content/uploads/2026/02/26074922120415cb/NM-IN-56-DRS-26-JAN-22508-YELLOW(0).webp,9555281,Yellow Floral Square Neck Maxi Dress,,,Floral,,899,4.9,Dresses,https://newme.asia/product/yellow-floral-square-neck-maxi-dress,upper wear
female_00082.webp,https://assets.newme.asia/wp-content/uploads/2025/10/01100252ffe6b2f6/NM-IN-56-DRS-25-SEP-21602-BROWN_(1).webp,7797571,Brown Solid Boat Neck Midi Dress,,,Solid,,899,4.0,Dresses,https://newme.asia/product/brown-solid-boat-neck-midi-dress-2,upper wear
female_00083.webp,https://assets.newme.asia/wp-content/uploads/2025/07/211732254ab32ec3/NM-IN-56-DRS-24-SEP-9134-WHITE(1).webp,4008260,White Embellished Off Shoulder Dress,"White, Maroon, Dark Blue",,,,1299,4.8,Dresses,https://newme.asia/product/white-embellished-off-shoulder-dress-2,upper wear
female_00084.webp,https://assets.newme.asia/wp-content/uploads/2024/12/03124638e76f168a/NM-PRC-135-DRS-24-NOV-11721-FUCHSIA(1).webp,3629682,Fuchsia Solid Square Neck Mini Dress,,,Solid,,999,4.8,Dresses,https://newme.asia/product/fuchsia-solid-square-neck-mini-dress,upper wear
female_00085.webp,https://assets.newme.asia/wp-content/uploads/2026/06/121310080b07d694/NM-IN-54-DRS-26-MAY-33467-OFFWHITE(0).webp,10829318,Off White Square Neck Mini Dress,"Off White, Blue",,,,599,4.8,Dresses,https://newme.asia/product/off-white-square-neck-mini-dress,upper wear
female_00086.webp,https://assets.newme.asia/wp-content/uploads/2026/02/101132158063cd65/NM-IN-56-DRS-25-FEB-14769-NAVY(0).webp,9421228,Navy Shimmer Ruffle Ruched Midi Dress,,,Ruched,,1199,4.8,Dresses,https://newme.asia/product/navy-shimmer-ruffle-ruched-midi-dress,upper wear
female_00087.webp,https://assets.newme.asia/wp-content/uploads/2026/01/13115941883efdf5/NM-PRC-385-DRS-25-DEC-28872-LIGHTBLUE(1).webp,9060611,Light Blue Floral V-Neck Mini Dress,"Light Blue, Red, Lightpink, Black, Yellow",,Floral,,1049,4.8,Dresses,https://newme.asia/product/light-blue-floral-v-neck-mini-dress-4,upper wear
female_00088.webp,https://assets.newme.asia/wp-content/uploads/2026/01/2912544040c67be9/NM-IN-56-DRS-25-NOV-22067-NAVYBLUE(0).webp,8336496,Navy Blue Denim Mini Dress,,,Denim,Denim,1049,4.4,Dresses,https://newme.asia/product/navy-blue-denim-mini-dress,upper wear
female_00089.webp,https://assets.newme.asia/wp-content/uploads/2026/05/1406512574b517c1/NM-PRC-9997-DRS-25-NOV-25964-LIGHTGREEN(1).webp,8137734,Light Green Floral Halter Mini Dress,,,Floral,,1599,4.8,Dresses,https://newme.asia/product/light-green-floral-halter-mini-dress,upper wear
female_00090.webp,https://assets.newme.asia/wp-content/uploads/2026/06/1213233115bb5851/NM-IN-54-DRS-26-MAY-33499-BLUE(0).webp,10829588,Blue Floral Sqaure Neck Maxi Dress,"Blue, Pink",,Floral,,849,4.6,Dresses,https://newme.asia/product/blue-floral-sqaure-neck-maxi-dress,upper wear
female_00091.webp,https://assets.newme.asia/wp-content/uploads/2026/01/14125604d1524eb0/NM-IN-56-DRS-25-JUL-20853-BLACK_(1).webp,9074063,Black One Shoulder Ruched Maxi Dress,"Black, Navy Blue, Maroon",,Ruched,,699,4.7,Dresses,https://newme.asia/product/black-one-shoulder-ruched-maxi-dress-11,upper wear
female_00092.webp,https://assets.newme.asia/wp-content/uploads/2025/12/181138370b4415d3/NM-IN-56-DRS-25-NOV-22076-LIGHTGREEN(1).webp,8696597,Light Green Solid Glitter Mini Dress,"Lightgreen, Lightpink",,Solid,,799,4.7,Dresses,https://newme.asia/product/light-green-solid-glitter-mini-dress,upper wear
female_00093.webp,https://assets.newme.asia/wp-content/uploads/2025/09/241343435e4f03ce/NM-IN-56-DRS-25-SEP-21684-BLACK_(1).webp,7734504,Black Geometric Tube Neck Mini Dress,,,,,699,4.5,Dresses,https://newme.asia/product/black-geometric-tube-neck-mini-dress,upper wear
female_00094.webp,https://assets.newme.asia/wp-content/uploads/2025/11/101208510f6023ce/NM-IN-56-DRS-25-MAY-16657-BLACK(1).webp,6662290,Solid Bodycon Slit Dress,,Bodycon,Solid,,599,4.5,Dresses,https://newme.asia/product/solid-bodycon-slit-dress,upper wear
female_00095.webp,https://assets.newme.asia/wp-content/uploads/2025/07/22171435a806d3a4/NM-IN-56-DRS-24-NOV-11051-RED(1).webp,4191004,Red Solid Off Shoulder Bodycon  Micro Mini Dress,,Bodycon,Solid,,1299,4.8,Dresses,https://newme.asia/product/red-solid-off-shoulder-bodycon-mini-dress-2,upper wear
female_00096.webp,https://assets.newme.asia/wp-content/uploads/2026/06/05120844de5a3bec/NM-IN-54-DRS-26-MAY-33480-BROWN(0).webp,10752633,Brown Solid Lace-Insert Mini Dress,,,Solid,,749,4.6,Dresses,https://newme.asia/product/brown-solid-lace-insert-mini-dress,upper wear
female_00097.webp,https://assets.newme.asia/wp-content/uploads/2026/05/30071138cf4f2f04/NM-IN-56-DRS-25-DEC-22334-BLUE(0).webp,10684129,Blue Floral Halter Neck Mini Dress,,,Floral,,949,5.0,Dresses,https://newme.asia/product/blue-floral-halter-neck-mini-dress,upper wear
female_00098.webp,https://assets.newme.asia/wp-content/uploads/2025/12/27110927d0f5593c/NM-PRC-97-DRS-25-DEC-29115-WHITE(1).webp,8823850,White Floral Scoop Neck Mini Dress,,,Floral,,1099,4.7,Dresses,https://newme.asia/product/white-floral-scoop-neck-mini-dress,upper wear
female_00099.webp,https://assets.newme.asia/wp-content/uploads/2024/10/07143247bce1737f/NM-IN-56-DRS-24-OCT-9613-RED_(1).webp,2959541,Red Contrast Lapel Collared Bow Detailed Dress,,,,,1299,5.0,Dresses,https://newme.asia/product/red-contrast-lapel-collared-bow-detailed-dress,upper wear
female_00100.webp,https://assets.newme.asia/wp-content/uploads/2025/04/23102311b3f12c00/NM-PRC-103-DRS-24-JUN-6275-RED(1).webp,1994215,Red Draped One Shoulder Sheath Dress,,,,,1349,4.0,Dresses,https://newme.asia/product/red-draped-one-shoulder-sheath-dress,upper wear
female_00101.webp,https://assets.newme.asia/wp-content/uploads/2023/05/04110039/NM-PRC-25-DRS-23-APR-1192-WHITE-1.webp,223567,Cut Out Maxi Dress,,,,,1099,5.0,Dresses,https://newme.asia/product/cut-out-maxi-dress-2,upper wear
female_00102.webp,https://assets.newme.asia/wp-content/uploads/2026/06/12131138b2a1039f/NM-IN-54-DRS-26-MAY-33473-LAVENDER(0).webp,10829331,Lavender Ruffled Solid Mini Dress,,,Solid,,749,4.6,Dresses,https://newme.asia/product/lavender-ruffled-solid-mini-dress,upper wear
female_00103.webp,https://assets.newme.asia/wp-content/uploads/2026/05/30071202413f7a7b/NM-IN-56-DRS-26-JAN-22486-WHITE(0).webp,10684143,White Floral Square-Neck Mini Dress,"White, Peach",,Floral,,899,4.5,Dresses,https://newme.asia/product/white-floral-square-neck-mini-dress-7,upper wear
female_00104.webp,https://assets.newme.asia/wp-content/uploads/2026/01/23090716cca80584/NM-IN-56-DRS-25-DEC-22220-DARKGREEN_(1).webp,8864222,Dark Green Sqaure Neck Mini Dress,,,,,749,5.0,Dresses,https://newme.asia/product/dark-green-sqaure-neck-mini-dress,upper wear
female_00105.webp,https://assets.newme.asia/wp-content/uploads/2026/01/30122223a129bb9b/NM-IN-56-DRS-25-DEC-22164-GREEN(0).webp,8864153,Green Ruched Cut Out Mini Dress,,,Ruched,,799,5.0,Dresses,https://newme.asia/product/green-ruched-cut-out-mini-dress,upper wear
female_00106.webp,https://assets.newme.asia/wp-content/uploads/2025/12/181139375e6b8a2b/NM-IN-56-DRS-25-NOV-21969-BLACK(1).webp,8696591,Black Scoop Neck Rhinestone Mini Dress,,,,,749,4.4,Dresses,https://newme.asia/product/black-scoop-neck-rhinestone-mini-dress,upper wear
female_00107.webp,https://assets.newme.asia/wp-content/uploads/2025/12/08115335e4703e99/NM-IN-56-DRS-25-NOV-21974-SILVER(1).webp,8554614,Silver Cowl Neck Mini Dress,,,,,899,5.0,Dresses,https://newme.asia/product/silver-cowl-neck-mini-dress,upper wear
female_00108.webp,https://assets.newme.asia/wp-content/uploads/2025/06/121212009a63c549/NM-IN-56-DRS-25-MAY-16643-BLACK(1).webp,6695448,Black Blazer Dress,,,,,1699,4.6,Dresses,https://newme.asia/product/black-blazer-dress,upper wear
female_00109.webp,https://assets.newme.asia/wp-content/uploads/2025/06/121212153d7d2fe7/NM-IN-56-DRS-25-MAY-16672-LIGHTGREY(1).webp,6695443,Layered Contrast Dress,,,,,1099,4.0,Dresses,https://newme.asia/product/layered-contrast-dress,upper wear
female_00110.webp,https://assets.newme.asia/wp-content/uploads/2025/11/2905475097a61cc5/NM-PRC-193-DRS-25-NOV-26583-PURPLE(1).webp,8207817,Purple Fringed Sequin Mini Dress,,,,,1999,4.8,Dresses,https://newme.asia/product/purple-fringed-sequin-mini-dress,upper wear
female_00111.webp,https://assets.newme.asia/wp-content/uploads/2026/05/30071137998d760e/NM-IN-56-DRS-25-DEC-22414-OLIVE(0).webp,10684123,Olive Floral Halter Neck Mini Dress,"Olive, Brown, Pink",,Floral,,1099,4.7,Dresses,https://newme.asia/product/olive-floral-halter-neck-mini-dress,upper wear
female_00112.webp,https://assets.newme.asia/wp-content/uploads/2026/04/28090302ab5cacbf/NM-PRC-425-DRS-26-FEB-31161-RUST(1).webp,9686300,Rust Sweetheart Ruffle Mini Dress,"Rust, Olive",,,,1299,5.0,Dresses,https://newme.asia/product/rust-sweetheart-ruffle-mini-dress,upper wear
female_00113.webp,https://assets.newme.asia/wp-content/uploads/2025/12/300845032b5dd931/NM-IN-56-DRS-25-DEC-22158-TEAL(1).webp,8864178,Teal Solid Halter Neck Mini Dress,,,Solid,,899,5.0,Dresses,https://newme.asia/product/teal-solid-halter-neck-mini-dress,upper wear
female_00114.webp,https://assets.newme.asia/wp-content/uploads/2025/12/011237121dd936ae/NM-IN-56-DRS-25-NOV-21989-GOLD(1).webp,8464436,Gold Textured Off Shoulder Mini Dress,,,,,849,5.0,Dresses,https://newme.asia/product/gold-textured-off-shoulder-mini-dress,upper wear
female_00115.webp,https://assets.newme.asia/wp-content/uploads/2025/09/1012232086054fbc/NM-PRC-360-DRS-25-SEP-21575-LIGHTBLUE_(1).webp,7614395,Light Blue Round Neck A-Line Denim Dress,,,Denim,Denim,999,4.8,Dresses,https://newme.asia/product/light-blue-round-neck-a-line-denim-dress,upper wear
female_00116.webp,https://assets.newme.asia/wp-content/uploads/2026/01/31115048884baad5/NM-IN-56-DRS-25-SEP-24974-ORANGE(0).webp,9304039,Orange Solid Ruched Maxi Dress,"Orange, Black, Brown",,Ruched,,1199,4.9,Dresses,https://newme.asia/product/orange-solid-ruched-maxi-dress,upper wear
female_00117.webp,https://assets.newme.asia/wp-content/uploads/2025/05/29155540456c6daf/NM-PRC-176-DRS-25-MAY-16773-NAVYBLUE_(1).webp,6650725,Navy Blue One Shoulder Midi Dress,,,,,899,4.8,Dresses,https://newme.asia/product/navy-blue-one-shoulder-midi-dress,upper wear
female_00118.webp,https://assets.newme.asia/wp-content/uploads/2025/05/171757175d730633/NM-IN-56-DRS-25-MAR-16076-LIGHTPINK_(1).webp,6159453,Bell Sleeves Bodycon Dress,,Bodycon,,,649,4.5,Dresses,https://newme.asia/product/bell-sleeves-bodycon-dress,upper wear
female_00119.webp,https://assets.newme.asia/wp-content/uploads/2024/05/0209130008f2b623/NM-PRC-3-DRS-24-APR-5408-GREEN(1).webp,1723580,Green Sweetheart Flounce Mini Dress,,,,,1199,3.0,Dresses,https://newme.asia/product/green-sweetheart-flounce-mini-dress,upper wear
female_00120.webp,https://assets.newme.asia/wp-content/uploads/2026/01/3107034134c728e1/NM-IN-56-DRS-25-DEC-22277-RED(0).webp,9190312,Red Solid Off-Shoulder Mini Dress,,,Solid,,999,4.4,Dresses,https://newme.asia/product/red-solid-off-shoulder-mini-dress,upper wear
female_00121.webp,https://assets.newme.asia/wp-content/uploads/2025/10/01100320c1b22a0a/NM-IN-56-DRS-25-SEP-21614-LIGHTBLUE_(1).webp,7797662,Light Blue Solid Round Neck Midi Dress,,,Solid,,699,5.0,Dresses,https://newme.asia/product/light-blue-solid-round-neck-midi-dress,upper wear
female_00122.webp,https://assets.newme.asia/wp-content/uploads/2025/05/291555451daf8b21/NM-PRC-176-DRS-25-MAY-16777-GREY_(1).webp,6650719,Colorblocked Grey Lace Midi Dress,,,,,1099,4.6,Dresses,https://newme.asia/product/colorblocked-grey-lace-midi-dress,upper wear
female_00123.webp,https://assets.newme.asia/wp-content/uploads/2025/05/28122202d6f2f80a/NM-IN-56-DRS-25-JAN-12356-BLACK(1).webp,3972684,Black Floral Back Detail Playsuit,,,Floral,,799,4.5,Dresses,https://newme.asia/product/black-floral-back-detail-playsuit,upper wear
female_00124.webp,https://assets.newme.asia/wp-content/uploads/2025/07/221658165a1694fe/NM-IN-56-DRS-24-NOV-10890-BLACK_(1).webp,3664848,Black Sequinned Bodycon Mini Dress,,Bodycon,,,1149,4.7,Dresses,https://newme.asia/product/black-sequinned-bodycon-mini-dress-2,upper wear
female_00125.webp,https://assets.newme.asia/wp-content/uploads/2024/11/2112344863cebbd8/NM-PRC-4-DRS-24-NOV-10975-BLUE_(1).webp,3404151,Blue High Neck Bodycon Dress,,Bodycon,,,1299,5.0,Dresses,https://newme.asia/product/blue-high-neck-bodycon-dress-2,upper wear
female_00126.webp,https://assets.newme.asia/wp-content/uploads/2026/06/261131181dd7f435/NM-PRC-445-DRS-26-JUN-35015-BLACK(1).webp,10993656,Black Ruched Halter Mini Dress,,,Ruched,,999,4.4,Dresses,https://newme.asia/product/black-ruched-halter-mini-dress-7,upper wear
female_00127.webp,https://assets.newme.asia/wp-content/uploads/2026/05/29171951829020d1/NM-PRC-185-DRS-26-MAY-34013-LIGHTPINK(1).webp,10682127,Light Pink Floral Maxi Dress,"Lightpink, Yellow, Light Blue",,Floral,,1499,5.0,Dresses,https://newme.asia/product/light-pink-floral-maxi-dress-19,upper wear
female_00128.webp,https://assets.newme.asia/wp-content/uploads/2026/04/161010424f33c0da/NM-IN-56-DRS-24-JUN-6896-YELLOW(0).webp,7005033,Yellow Fitted High Neck Maxi Dress,"Yellow, White, Black, Pink, Blue, Brown",,,,599,4.8,Dresses,https://newme.asia/product/yellow-fitted-high-neck-maxi-dress,upper wear
female_00129.webp,https://assets.newme.asia/wp-content/uploads/2026/04/041154163c1b35a7/NM-PRC-425-DRS-26-APR-32606-BROWN(1).webp,9927807,Brown Abstract Cowl Neck Midi Dress,"Brown, Dark Blue",,,,1199,4.9,Dresses,https://newme.asia/product/brown-abstract-cowl-neck-midi-dress,upper wear
female_00130.webp,https://assets.newme.asia/wp-content/uploads/2026/01/021540387f077cc0/NM-PRC-75-DRS-26-JAN-29574-WINE(1).webp,8921157,Wine One Shoulder Ruched Maxi Dress,"Wine, Dark Blue, Yellow, Red",,Ruched,,1549,4.9,Dresses,https://newme.asia/product/wine-one-shoulder-ruched-maxi-dress-4,upper wear
female_00131.webp,https://assets.newme.asia/wp-content/uploads/2026/05/161045210cceb753/NM-PRC-414-DRS-26-APR-32495-LIGHTPINK(1).webp,10496593,Light Pink Floral A-Line Maxi Dress,"Lightpink, Yellow, Light Blue",,Floral,,1049,4.8,Dresses,https://newme.asia/product/light-pink-floral-a-line-maxi-dress,upper wear
female_00132.webp,https://assets.newme.asia/wp-content/uploads/2025/06/051042491c626055/NM-IN-56-DRS-25-FEB-14136-BEIGE(1).webp,6709906,Beige Leopard Print Maxi Dress,,,,,699,4.8,Dresses,https://newme.asia/product/beige-leopard-print-maxi-dress-4,upper wear
female_00133.webp,https://assets.newme.asia/wp-content/uploads/2025/01/13102441560e4f52/NM-IN-56-DRS-23-DEC-2990-BLACK_(1).webp,3954811,Off Shoulder Party Dress With Back Slit,,,,,1349,4.8,Dresses,https://newme.asia/product/offshoulder-party-dress-with-back-slit,upper wear
female_00134.webp,https://assets.newme.asia/wp-content/uploads/2026/06/0415135660d57383/NM-PRC-408-DRS-26-JUN-34248-PINK(1).webp,10743661,Pink Sweetheart Floral Mini Dress,"Pink, Orange, Light Blue, Lightpink",,Floral,,949,5.0,Dresses,https://newme.asia/product/pink-sweetheart-floral-mini-dress,upper wear
female_00135.webp,https://assets.newme.asia/wp-content/uploads/2026/06/15063838aeb08756/NM-PRC-390-DRS-26-JUN-34463-BROWN(1).webp,10826711,Brown Sequined Leopard Mini Dress,"Brown, Pink",,,,1099,5.0,Dresses,https://newme.asia/product/brown-sequined-leopard-mini-dress,upper wear
female_00136.webp,https://assets.newme.asia/wp-content/uploads/2026/04/01140923887b156e/NM-PRC-105-DRS-26-APR-32438-MAROON(1).webp,9902880,Maroon Lace Semi Sweetheart Mini Dress,"Maroon, White",,,,1349,5.0,Dresses,https://newme.asia/product/maroon-lace-tulip-mini-dress,upper wear
female_00137.webp,https://assets.newme.asia/wp-content/uploads/2026/04/131247156107b4de/NM-IN-56-DRS-25-DEC-28630-BLACK(0).webp,10014149,Black V-Neck Ruched Glitter Midi Dress,,,Ruched,,899,4.8,Dresses,https://newme.asia/product/black-v-neck-ruched-glitter-midi-dress,upper wear
female_00138.webp,https://assets.newme.asia/wp-content/uploads/2026/03/09071132184f5b53/NM-PRC-185-DRS-26-FEB-30972-WINE(1).webp,9668731,Wine One-Shoulder Maxi Dress,"Wine, Darkgreen, Dark Blue",,,,1149,4.8,Dresses,https://newme.asia/product/wine-one-shoulder-maxi-dress,upper wear
female_00139.webp,https://assets.newme.asia/wp-content/uploads/2026/06/111110469310f01b/NM-IN-56-DRS-26-JUN-22755-BLUE(0).webp,10762852,Blue Tie-Up Denim Mini Dress,,,Denim,Denim,849,4.8,Dresses,https://newme.asia/product/blue-tie-up-denim-mini-dress,upper wear
female_00140.webp,https://assets.newme.asia/wp-content/uploads/2026/02/05093649752674f2/NM-IN-56-DRS-25-DEC-27775-WHITE(0).webp,9362120,White Polka Dot Tiered Mini Halter Dress,"White, Lightpink, Red, Lightyellow, Darkbrown, Light Blue, Off White",,,,1099,5.0,Dresses,https://newme.asia/product/white-polka-dot-tiered-mini-halter-dress,upper wear
female_00141.webp,https://assets.newme.asia/wp-content/uploads/2026/01/1412560228969b08/NM-IN-56-DRS-25-AUG-23650-BLACK(1).webp,9074105,Black Scoop Neck Slit Maxi Dress,,,,,749,4.8,Dresses,https://newme.asia/product/black-scoop-neck-slit-maxi-dress,upper wear
female_00142.webp,https://assets.newme.asia/wp-content/uploads/2026/04/13111746d0be7d8c/NM-PRC-185-DRS-26-FEB-30963-NAVY(1).webp,9668720,Navy Blue Solid Ruched Maxi Dress,"Navy, Brown",,Ruched,,1449,4.9,Dresses,https://newme.asia/product/navy-blue-solid-ruched-maxi-dress-4,upper wear
female_00143.webp,https://assets.newme.asia/wp-content/uploads/2026/05/15092342e3421878/NM-IN-56-DRS-26-MAR-31783-RED(0).webp,10493430,Red Belted Tube Mini Dress,Beige,,,,1399,4.4,Dresses,https://newme.asia/product/red-belted-tube-mini-dress-2,upper wear
female_00144.webp,https://assets.newme.asia/wp-content/uploads/2026/01/14125657eab1eeb6/NM-IN-56-DRS-25-JUL-20853-NAVYBLUE(1).webp,9074099,Navy Blue One Shoulder Maxi Dress,"Navy Blue, Maroon, Black",,,,899,4.8,Dresses,https://newme.asia/product/navy-blue-one-shoulder-maxi-dress-2,upper wear
female_00145.webp,https://assets.newme.asia/wp-content/uploads/2026/05/221238455edcb320/NM-PRC-414-DRS-26-APR-32495-LIGHTBLUE(1).webp,10588601,Light Blue Floral A-Line Maxi Dress,"Light Blue, Lightpink, Yellow",,Floral,,1099,5.0,Dresses,https://newme.asia/product/light-blue-floral-a-line-maxi-dress,upper wear
female_00146.webp,https://assets.newme.asia/wp-content/uploads/2026/01/221106333ae599da/NM-IN-56-DRS-25-DEC-27775-OFFWHITE(1).webp,9178270,Off White Solid Halter Neck Mini Dress,"Off White, White, Lightpink, Red, Lightyellow, Darkbrown, Light Blue",,Solid,,1149,4.8,Dresses,https://newme.asia/product/off-white-solid-halter-neck-mini-dress-2,upper wear
female_00147.webp,https://assets.newme.asia/wp-content/uploads/2026/01/14125714c5e3463f/NM-IN-56-DRS-25-NOV-26089-BLACK(1).webp,9074075,Black Scoop Neck Lace Mini Dress,,,,,1149,4.8,Dresses,https://newme.asia/product/black-scoop-neck-lace-mini-dress,upper wear
female_00148.webp,https://assets.newme.asia/wp-content/uploads/2026/06/2611541925b9835e/NM-PRC-198-DRS-26-JUN-34937-ORANGE(1).webp,10994176,Orange Cut Out Bodycon Mini Dress,,Bodycon,,,699,4.7,Dresses,https://newme.asia/product/orange-cut-out-bodycon-mini-dress-2,upper wear
female_00149.webp,https://assets.newme.asia/wp-content/uploads/2026/05/22123827607f7e7e/NM-PRC-425-DRS-26-MAY-33925-DARKBLUE(1).webp,10588584,Dark Blue Ruched Mermaid Midi Dress,"Dark Blue, Brown",,Ruched,,1199,5.0,Dresses,https://newme.asia/product/dark-blue-ruched-mermaid-midi-dress,upper wear
female_00150.webp,https://assets.newme.asia/wp-content/uploads/2025/05/190936511d63dc99/NM-PRC-74-DRS-24-OCT-9935-BROWN(1).webp,3071118,Brown Solid Maxi Dress,"Brown, Black",,Solid,,1199,4.7,Dresses,https://newme.asia/product/brown-solid-maxi-dress,upper wear
female_00151.webp,https://assets.newme.asia/wp-content/uploads/2026/03/1814013478e45986/NM-PRC-313-DRS-26-MAR-31682-WHITE(1).webp,9750764,White Sweetheart Floral Maxi Dress,"White, Light Blue, Lightpink",,Floral,,1149,4.7,Dresses,https://newme.asia/product/white-sweetheart-floral-maxi-dress,upper wear
female_00152.webp,https://assets.newme.asia/wp-content/uploads/2026/04/23063452b9d45682/NM-IN-56-DRS-24-MAR-3672-PINK(0).webp,3323985,Pink Floral Neckline Maxi Dress,"Lightpink, Red, Black, Yellow",,Floral,,949,4.8,Dresses,https://newme.asia/product/pink-floral-neckline-maxi-dress-2,upper wear
female_00153.webp,https://assets.newme.asia/wp-content/uploads/2025/08/2214012685619930/NM-IN-56-DRS-24-APR-4683-WHITE_(1).webp,1790728,White Solid Mini Dress,,,Solid,,649,4.8,Dresses,https://newme.asia/product/white-solid-mini-dress-2,upper wear
female_00154.webp,https://assets.newme.asia/wp-content/uploads/2026/02/05105256a62db2f8/NM-IN-56-DRS-25-DEC-27775-DARKBROWN(0).webp,9362971,Dark Brown Tiered Mini Halter Dress,"Darkbrown, White, Lightpink, Red, Lightyellow, Light Blue, Off White",,,,1099,4.8,Dresses,https://newme.asia/product/dark-brown-tiered-mini-halter-dress,upper wear
female_00155.webp,https://assets.newme.asia/wp-content/uploads/2025/12/13062941e2dfbd36/NM-PRC-119-DRS-25-NOV-25970-MAROON(1).webp,8620568,Maroon Off-Shoulder Lace Mini Dress,"Maroon, White, Black",,,,1799,4.8,Dresses,https://newme.asia/product/maroon-off-shoulder-lace-mini-dress,upper wear
female_00156.webp,https://assets.newme.asia/wp-content/uploads/2026/01/221131058cc41636/NM-IN-56-DRS-25-SEP-24651-CREAM(1).webp,9178955,Cream Floral Tube Neck Midi Dress,,,Floral,,1049,4.9,Dresses,https://newme.asia/product/cream-floral-tube-neck-midi-dress,upper wear
female_00157.webp,https://assets.newme.asia/wp-content/uploads/2026/06/12073054bd287bd5/NM-PRC-455-DRS-26-JUN-34376-LIGHTPINK(1).webp,10826412,Light Pink Lace Slit Maxi Dress,"Lightpink, Maroon",,,,1299,5.0,Dresses,https://newme.asia/product/light-pink-lace-slit-maxi-dress,upper wear
female_00158.webp,https://assets.newme.asia/wp-content/uploads/2026/01/021540412e61e278/NM-PRC-75-DRS-26-JAN-29574-DARKBLUE(1).webp,8921147,Dark Blue One Shoulder Ruched Maxi Dress,"Dark Blue, Yellow, Wine, Red",,Ruched,,1549,4.9,Dresses,https://newme.asia/product/dark-blue-one-shoulder-ruched-maxi-dress,upper wear
female_00159.webp,https://assets.newme.asia/wp-content/uploads/2024/12/271026526df37b11/NM-IN-56-DRS-24-MAR-4065-BROWN(1).webp,3842137,Brown Sweetheart Neck Bodycon Dress,"Brown, Black",Bodycon,,,899,4.7,Dresses,https://newme.asia/product/brown-sweetheart-neck-bodycon-dress-3,upper wear
female_00160.webp,https://assets.newme.asia/wp-content/uploads/2025/07/211739037ed8cbd7/NM-IN-56-DRS-25-FEB-14296-WHITE(1).webp,5042093,White Floral Layered Mini Dress,,,Floral,,599,4.8,Dresses,https://newme.asia/product/white-floral-layered-mini-dress-4,upper wear
female_00161.webp,https://assets.newme.asia/wp-content/uploads/2026/05/11061151381551ad/NM-PRC-34-DRS-26-MAY-33385-LIGHTPINK(1).webp,10431716,Light Pink Polka Dot Mini Dress,"Lightpink, Light Blue",,,,1199,5.0,Dresses,https://newme.asia/product/light-pink-polka-dot-mini-dress-2,upper wear
female_00162.webp,https://assets.newme.asia/wp-content/uploads/2026/07/03135739349a2b29/NM-PRC-452-DRS-26-JUN-35075-BLACK(1).webp,11078334,Black Sweetheart Floral Maxi Dress,,,Floral,,1549,4.4,Dresses,https://newme.asia/product/black-sweetheart-floral-maxi-dress-2,upper wear
female_00163.webp,https://assets.newme.asia/wp-content/uploads/2026/01/14125617e9d162bb/NM-IN-56-DRS-25-AUG-24332-DARKBROWN(1).webp,9074050,Dark Brown Ruched Wrap Maxi Dress,,,Ruched,,699,4.9,Dresses,https://newme.asia/product/dark-brown-ruched-wrap-maxi-dress,upper wear
female_00164.webp,https://assets.newme.asia/wp-content/uploads/2026/03/0907121219ab0991/NM-PRC-313-DRS-26-FEB-31010-CREAM(1).webp,9668683,Cream Corset Square Neck Mini Dress,,,,,1299,4.8,Dresses,https://newme.asia/product/cream-corset-square-neck-mini-dress,upper wear
female_00165.webp,https://assets.newme.asia/wp-content/uploads/2026/07/03134535cf065d7e/NM-PRC-374-DRS-26-JUL-35090-WINE(1).webp,11078079,Wine Halter Neck Maxi Dress,,,,,1599,4.8,Dresses,https://newme.asia/product/wine-halter-neck-maxi-dress-7,upper wear
female_00166.webp,https://assets.newme.asia/wp-content/uploads/2025/11/13165048d0dd9835/NM-PRC-119-DRS-25-NOV-26550-MAROON(1).webp,8208016,Maroon Lace Bodycon Maxi Dress,,Bodycon,,,1599,4.9,Dresses,https://newme.asia/product/maroon-lace-bodycon-maxi-dress,upper wear
female_00167.webp,https://assets.newme.asia/wp-content/uploads/2026/06/15110305a117d3bf/NM-PRC-448-DRS-26-MAY-33534-MAROON(1).webp,10496527,Maroon Ruched Halter Mini Dress,"Maroon, Darkbrown, Black",,Ruched,,1149,5.0,Dresses,https://newme.asia/product/maroon-ruched-halter-mini-dress,upper wear
female_00168.webp,https://assets.newme.asia/wp-content/uploads/2026/05/29171904be329b81/NM-PRC-408-DRS-26-MAY-34001-LIGHTYELLOW(1).webp,10682167,Light Yellow Floral Maxi Dress,"Lightyellow, White, Lightpink",,Floral,,1399,5.0,Dresses,https://newme.asia/product/light-yellow-floral-maxi-dress-4,upper wear
female_00169.webp,https://assets.newme.asia/wp-content/uploads/2026/05/211742027e2094d2/NM-PRC-452-DRS-26-MAY-33755-BROWN(1).webp,10577728,Brown Solid Buttoned Midi Dress,,,Solid,,1349,5.0,Dresses,https://newme.asia/product/brown-solid-buttoned-midi-dress,upper wear
female_00170.webp,https://assets.newme.asia/wp-content/uploads/2026/01/141248540d8de836/NM-IN-56-BLS-25-OCT-25336-BLACK(1).webp,9073795,Black Solid One Shoulder Top,,,Solid,,449,4.7,Tops,https://newme.asia/product/black-solid-one-shoulder-top-11,upper wear
female_00171.webp,https://assets.newme.asia/wp-content/uploads/2025/01/10083453f00da705/NM-IN-56-TSH-24-APR-5000-BURGUNDY(1).webp,1837926,Burgundy Round Neck Regular Tshirt,"Maroon, Dark Brown, Black, Pink, Yellow, Navy Blue",Regular,,,399,4.8,Tops,https://newme.asia/product/burgundy-round-neck-regular-shirt-2,upper wear
female_00172.webp,https://assets.newme.asia/wp-content/uploads/2026/01/14124842c88ef024/NM-IN-56-BLS-25-AUG-23572-WHITE(1).webp,9073789,White Solid Halter Neck Top,,,Solid,,449,4.7,Tops,https://newme.asia/product/white-solid-halter-neck-top-29,upper wear
female_00173.webp,https://assets.newme.asia/wp-content/uploads/2024/06/18101628c0bda351/NM-IN-50-TSH-23-JUN-132-BROWN_(1).webp,994240,Solid Full Sleeve Tshirt,"Brown, Navy Blue, Beige, Lightgrey, Black, Darkbrown, Dark Grey",,Solid,,349,4.7,Tops,https://newme.asia/product/solid-full-sleeve-tshirt-18,upper wear
female_00174.webp,https://assets.newme.asia/wp-content/uploads/2026/04/22074120d7e513eb/NM-PRC-414-BLS-26-MAR-32190-LIGHTPINK(1).webp,9864863,Light Pink Embroidered Top,"Lightpink, Lightyellow",,,,899,4.8,Tops,https://newme.asia/product/light-pink-embroidered-top,upper wear
female_00175.webp,https://assets.newme.asia/wp-content/uploads/2025/05/22151122f41e4741/NM-IN-56-BLS-25-APR-17069-WHITE(1).webp,6580645,White Solid Cami Top,"White, Red, Black",,Solid,,499,4.7,Tops,https://newme.asia/product/white-solid-cami-top-4,upper wear
female_00176.webp,https://assets.newme.asia/wp-content/uploads/2026/04/1312592513013f8d/NM-IN-56-BLS-26-JAN-30368-BROWN(0).webp,10014358,Brown Leopard Scoop Neck Top,,,,,799,4.8,Tops,https://newme.asia/product/brown-leopard-scoop-neck-top,upper wear
female_00177.webp,https://assets.newme.asia/wp-content/uploads/2025/05/181303441345f727/NM-IN-56-BLS-25-APR-17069-BLACK(1).webp,6395461,Black Solid Cami Top,"Black, Red, White",,Solid,,499,4.8,Tops,https://newme.asia/product/black-solid-cami-top-16,upper wear
female_00178.webp,https://assets.newme.asia/wp-content/uploads/2026/02/17073053e13c83b3/NM-IN-56-SHT-25-SEP-25083-WINE(0).webp,9485108,Wine Striped Cinched Waist Shirt,"Wine, Dark Blue, Lightpink, Khaki",,Striped,,749,4.9,Tops,https://newme.asia/product/wine-striped-cinched-waist-shirt,upper wear
female_00179.webp,https://assets.newme.asia/wp-content/uploads/2025/12/3008535114eb86ce/NM-IN-56-BLS-25-DEC-22169-TEAL(1).webp,8864282,Teal Sequin Embellished Halter Top,"Teal, Blue, Pink, Black, White",,,,449,4.8,Tops,https://newme.asia/product/teal-sequin-embellished-halter-top,upper wear
female_00180.webp,https://assets.newme.asia/wp-content/uploads/2024/05/201359377fe9bb61/NM-IN-56-TSH-24-APR-5000-DKBROWN_(1).webp,1837956,Dark Brown Round Neck Regular Tshirt,"Dark Brown, Maroon, Black, Pink, Yellow, Navy Blue",Regular,,,649,4.7,Tops,https://newme.asia/product/dark-brown-round-neck-regular-shirt-2,upper wear
female_00181.webp,https://assets.newme.asia/wp-content/uploads/2025/10/0808090617169a39/NM-IN-56-TSH-25-SEP-21702-NAVYBLUE_(1).webp,7848930,Navy Blue Graphic Off Shoulder T-Shirt,,,,,499,4.8,Tops,https://newme.asia/product/navy-blue-graphic-off-shoulder-t-shirt,upper wear
female_00182.webp,https://assets.newme.asia/wp-content/uploads/2025/06/022043467a171905/NM-IN-56-BLS-25-FEB-14490-DARKPINK(1).webp,6219156,Dark Pink Floral High Low Top,,,Floral,,449,4.8,Tops,https://newme.asia/product/dark-pink-floral-high-low-top-2,upper wear
female_00183.webp,https://assets.newme.asia/wp-content/uploads/2025/05/18084445e4b6aeaf/NM-IN-56-BLS-24-APR-5418-BLACK(1).webp,4871120,Black Semi Sweetheart Neck Crop Top,"Black, Brown",,,,549,4.8,Tops,https://newme.asia/product/black-semi-sweetheart-neck-crop-top-3,upper wear
female_00184.webp,https://assets.newme.asia/wp-content/uploads/2026/03/050513007b870702/NM-PRC-417-BLS-26-JAN-30668-BLUE(1).webp,9625822,Blue Sweetheart Lace Top,"Blue, Lightbrown, Lightpink",,,,899,4.9,Tops,https://newme.asia/product/blue-sweetheart-lace-top,upper wear
female_00185.webp,https://assets.newme.asia/wp-content/uploads/2025/05/18123020f1e5b4c0/NM-IN-56-BLS-25-APR-16225-LIGHTPINK(1).webp,6228876,Pink Graphic Cami Top,,,,,349,4.8,Tops,https://newme.asia/product/pink-graphic-cami-top,upper wear
female_00186.webp,https://assets.newme.asia/wp-content/uploads/2026/05/1509302457c16a91/NM-IN-56-BLS-26-JAN-29548-OLIVE(0).webp,10493527,Olive Solid Sqaure Neck Top,"Olive, Lightbrown",,Solid,,699,4.9,Tops,https://newme.asia/product/olive-solid-sqaure-neck-top,upper wear
female_00187.webp,https://assets.newme.asia/wp-content/uploads/2025/09/09123818234f1ed8/NM-IN-56-BLS-25-AUG-21202-GREEN_(1).webp,7295711,Green Ethnic Print Tieup Detail Top,"Green, Yellow, Pink",,,,449,4.8,Tops,https://newme.asia/product/green-ethnic-print-tieup-detail-top,upper wear
female_00188.webp,https://assets.newme.asia/wp-content/uploads/2025/11/120549029ee2f8e3/NM-IN-56-BLS-25-APR-17062-BLACK(1).webp,8188247,Black Square Neck Tank Top,,,,,499,4.9,Tops,https://newme.asia/product/black-square-neck-tank-top-4,upper wear
female_00189.webp,https://assets.newme.asia/wp-content/uploads/2026/02/140753070c6b5fbc/NM-IN-56-BLS-25-DEC-22327-PINK(0).webp,9464399,Pink Gingham Print Peplum Top,"Pink, Navy, Black",,,,699,4.8,Tops,https://newme.asia/product/pink-gingham-print-peplum-top,upper wear
female_00190.webp,https://assets.newme.asia/wp-content/uploads/2025/07/22174833d9493c3f/NM-IN-56-BLS-25-FEB-14525-OFFWHITE(1).webp,6709840,Off White Textured High Low Top,"Off White, Grey, Black, Pink",,,,499,4.7,Tops,https://newme.asia/product/off-white-textured-high-low-top-4,upper wear
female_00191.webp,https://assets.newme.asia/wp-content/uploads/2026/01/280800297538c3e4/NM-IN-56-BLS-25-OCT-25870-BLACK(1).webp,9265456,Black One-Shoulder Crop Top,,,,,499,4.8,Tops,https://newme.asia/product/black-one-shoulder-crop-top-8,upper wear
female_00192.webp,https://assets.newme.asia/wp-content/uploads/2026/04/081154065bdb23f7/NM-IN-56-SHT-25-DEC-29151-WINE(0).webp,9967039,Wine Solid Flared Sleeve Shirt,"Wine, Cream",Flare,Solid,,649,4.6,Tops,https://newme.asia/product/wine-solid-flared-sleeve-shirt,upper wear
female_00193.webp,https://assets.newme.asia/wp-content/uploads/2025/05/18131718df789a52/NM-IN-56-BLS-25-MAY-16543-WHITE_(1).webp,6470282,White Graphic Printed Tube Top,"White, Brown",,Printed,,349,4.9,Tops,https://newme.asia/product/white-graphic-printed-tube-top,upper wear
female_00194.webp,https://assets.newme.asia/wp-content/uploads/2026/07/0605154268d88fbc/NM-PRC-310-SHT-26-JUN-34362-LIGHTBLUE(1).webp,10784800,Light Blue Striped Heart Cut-Out Shirt,,,Striped,,1299,4.4,Tops,https://newme.asia/product/light-blue-striped-heart-cut-out-shirt,upper wear
female_00195.webp,https://assets.newme.asia/wp-content/uploads/2026/07/08101121b1548967/NM-PRC-315-BLS-26-JUN-34183-BLACK(1).webp,10716455,Black Round Neck Sheer Bodysuit,,,,,899,4.6,Tops,https://newme.asia/product/black-round-neck-sheer-bodysuit,upper wear
female_00196.webp,https://assets.newme.asia/wp-content/uploads/2026/06/2911141380ad8abe/NM-PRC-381-TSH-26-MAY-33457-BLACK(1).webp,10432686,Black Round-Neck T-Shirt,,,,,799,4.4,Tops,https://newme.asia/product/black-glitter-round-neck-t-shirt,upper wear
female_00197.webp,https://assets.newme.asia/wp-content/uploads/2025/06/041701359ef708f2/NM-IN-56-BLS-24-APR-5418-BROWN(1).webp,6705441,Brown Sweetheart Neck Fitted Top,"Brown, Black",,,,499,4.9,Tops,https://newme.asia/product/brown-sweetheart-neck-fitted-top,upper wear
female_00198.webp,https://assets.newme.asia/wp-content/uploads/2026/04/24060016299980f2/NM-IN-54-BLS-26-MAR-31490-PINK(0).webp,10133007,Pink Floral Sequin Halter Top,"Pink, Blue, Black, White, Teal",,Floral,,499,5.0,Tops,https://newme.asia/product/pink-floral-sequin-halter-top,upper wear
female_00199.webp,https://assets.newme.asia/wp-content/uploads/2026/03/1814131481d17570/NM-PRC-391-BLS-26-MAR-31666-WHITE(1).webp,9751007,White Polka Dot One Shoulder Top,,,,,599,4.8,Tops,https://newme.asia/product/white-polka-dot-one-shoulder-top,upper wear
female_00200.webp,https://assets.newme.asia/wp-content/uploads/2026/02/160655042018a554/NM-IN-56-BLS-25-DEC-22327-BLACK(0).webp,9464442,Black Gingham Print Peplum Top,"Black, Navy, Pink",,,,599,4.8,Tops,https://newme.asia/product/black-gingham-print-peplum-top,upper wear
female_00201.webp,https://assets.newme.asia/wp-content/uploads/2025/06/07161631c0b6f457/NM-IN-56-BLS-25-JAN-12507-RED_(1).webp,4104654,Polyamide Boat Neck Bodysuit,"Red, Wine, Lightbrown, Lightpink, Light Blue, Darkpink",,,,499,5.0,Tops,https://newme.asia/product/red-solid-boat-neck-bodysuit,upper wear
female_00202.webp,https://assets.newme.asia/wp-content/uploads/2026/05/2114431550733d61/NM-PRC-445-BLS-26-MAY-33608-WHITE(1).webp,10573714,White Embellished Pearl Cowl Neck Top,"White, Beige, Black, Beige, Lightpink, Wine",,,,1099,5.0,Tops,https://newme.asia/product/white-embellished-pearl-cowl-neck-top,upper wear
female_00203.webp,https://assets.newme.asia/wp-content/uploads/2026/04/011009060e7f7d93/NM-IN-54-BLS-26-FEB-31471-LIGHTBLUE(0).webp,9899351,Light Blue Schiffli Halter Neck Top,,,,,649,4.4,Tops,https://newme.asia/product/light-blue-schiffli-halter-neck-top,upper wear
female_00204.webp,https://assets.newme.asia/wp-content/uploads/2025/05/1812135014ca9384/NM-IN-56-BLS-24-AUG-8540-RED(1).webp,6217858,Red Ruffle Detail Off Shoulder Top,"Red, Cream",,,,599,4.8,Tops,https://newme.asia/product/red-ruffle-detail-off-shoulder-top,upper wear
female_00205.webp,https://assets.newme.asia/wp-content/uploads/2026/05/3007170969b46266/NM-IN-56-BLS-26-JAN-22488-PURPLE(0).webp,10684261,Purple Tie-Up One-Shoulder Top,"Purple, Peach, White",,,,499,4.7,Tops,https://newme.asia/product/purple-tie-up-one-shoulder-top,upper wear
female_00206.webp,https://assets.newme.asia/wp-content/uploads/2025/10/0614373753dab2bd/NM-PRC-370-TSH-25-OCT-25237-LIGHTGREEN(1).webp,7835265,Light Green Fitted Crew Neck T-Shirt,"Lightgreen, Light Blue, Lavender",,,,599,4.0,Tops,https://newme.asia/product/light-green-fitted-crew-neck-t-shirt-2,upper wear
female_00207.webp,https://assets.newme.asia/wp-content/uploads/2025/07/2814411801c37df6/NM-PRC-194-BLS-25-JUL-23336-WHITE(1).webp,7232667,White Scoop Neck Bralette Top,"White, Orange",,,,899,4.5,Tops,https://newme.asia/product/white-scoop-neck-bralette-top,upper wear
female_00208.webp,https://assets.newme.asia/wp-content/uploads/2025/08/07161738111d809f/NM-PRC-343-TSH-25-JUL-23329-PURPLE(1).webp,7321899,Purple Fitted Crew Neck Tshirt,"Purple, Blue",,,,749,4.4,Tops,https://newme.asia/product/purple-fitted-crew-neck-tshirt,upper wear
female_00209.webp,https://assets.newme.asia/wp-content/uploads/2025/08/04095315c2515e79/NM-IN-56-TSH-25-JUL-21105-WHITE(1).webp,7295742,White Graphic Oversized Crew Neck Tshirt,,Oversized,,,599,4.8,Tops,https://newme.asia/product/white-graphic-oversized-crew-neck-tshirt-4,upper wear
female_00210.webp,https://assets.newme.asia/wp-content/uploads/2026/05/251332391dc1e3fa/NM-IN-54-BLS-26-FEB-31479-LIGHTBLUE(0).webp,9649743,Light Blue Ethnic Print Halter Top,"Light Blue, Green",,,,699,5.0,Tops,https://newme.asia/product/light-blue-ethnic-print-halter-top,upper wear
female_00211.webp,https://assets.newme.asia/wp-content/uploads/2025/07/04112452033c724e/NM-IN-56-TSH-25-JUN-21060-WHITE_(1).webp,6955241,White Graphic Oversized Tshirt,,Oversized,,,799,5.0,Tops,https://newme.asia/product/white-graphic-oversized-tshirt-138,upper wear
female_00212.webp,https://assets.newme.asia/wp-content/uploads/2026/07/060506493e022c62/NM-PRC-408-BLS-26-JUN-34185-BLACK(1).webp,10716479,Black Studded Asymmetric Halter Top,,,,,999,4.5,Tops,https://newme.asia/product/black-studded-asymmetric-halter-top,upper wear
female_00213.webp,https://assets.newme.asia/wp-content/uploads/2026/07/02064236babccf87/NM-IN-56-BLS-25-DEC-22327-NAVY(0).webp,10684273,Navy Plaid Peplum Crew Neck Top,"Navy, Black, Pink",,,,699,4.4,Tops,https://newme.asia/product/navy-plaid-peplum-crew-neck-top,upper wear
female_00214.webp,https://assets.newme.asia/wp-content/uploads/2026/04/081155430bb72530/NM-IN-56-BLS-26-JAN-29616-WHITE(0).webp,9967057,White Heart Print Tube Top,,,,,699,5.0,Tops,https://newme.asia/product/white-heart-print-tube-top,upper wear
female_00215.webp,https://assets.newme.asia/wp-content/uploads/2025/08/161112390c9f5897/NM-PRC-343-BLS-25-AUG-23947-LIGHTPINK(1).webp,7394771,Light Pink Solid Crew Neck Top,"Lightpink, Light Blue",,Solid,,799,5.0,Tops,https://newme.asia/product/light-pink-solid-crew-neck-top,upper wear
female_00216.webp,https://assets.newme.asia/wp-content/uploads/2025/05/2006374354e419de/NM-IN-56-BLS-25-MAY-16524-WHITE(1).webp,6561868,White Graphic Tshirt,,,,,299,5.0,Tops,https://newme.asia/product/white-graphic-tshirt-4,upper wear
female_00217.webp,https://assets.newme.asia/wp-content/uploads/2026/06/30053622935061de/NM-IN-56-BLS-25-JUN-16888-DARKBROWN(0).webp,6834096,Brown Colorblocked Crop Top,,,,,749,4.5,Tops,https://newme.asia/product/brown-colorblocked-crop-top,upper wear
female_00218.webp,https://assets.newme.asia/wp-content/uploads/2025/05/18125407a057e45f/NM-IN-56-TSH-25-APR-16366-LIGHTPINK(1).webp,6347795,Oversized Light Pink Tshirt,,Oversized,,,499,4.8,Tops,https://newme.asia/product/oversized-light-pink-tshirt,upper wear
female_00219.webp,https://assets.newme.asia/wp-content/uploads/2026/05/3007175644172053/NM-IN-56-BLS-26-JAN-22550-BLACK(0).webp,10684315,Black Solid Cut-Out Top With Scarf,"Black, Darkbrown, Yellow, Off White, Yellow",,Solid,,549,4.5,Tops,https://newme.asia/product/black-solid-cut-out-top-with-scarf,upper wear
female_00220.webp,https://assets.newme.asia/wp-content/uploads/2026/04/18092030cbfdfce6/NM-IN-56-BLS-26-JAN-29551-RED(0).webp,10062093,Red Solid V-Neck Top,,,Solid,,649,4.6,Tops,https://newme.asia/product/red-solid-v-neck-top,upper wear
female_00221.webp,https://assets.newme.asia/wp-content/uploads/2023/06/04154526/NM-PRC-74-BLS-23-JUN-770-PINK-1.webp,278970,Ruffled Crop Top,,,,,599,4.8,Tops,https://newme.asia/product/ruffled-crop-top,upper wear
female_00222.webp,https://assets.newme.asia/wp-content/uploads/2026/05/25133314b250b4af/NM-IN-54-BLS-26-FEB-31475-LIGHTBLUE(0).webp,10033653,Light Blue Schiffli Buttoned Top,,,,,899,4.4,Tops,https://newme.asia/product/light-blue-schiffli-buttoned-top,upper wear
female_00223.webp,https://assets.newme.asia/wp-content/uploads/2026/04/08115428d945f6cf/NM-IN-56-BLS-26-JAN-29867-YELLOW(0).webp,9967033,Yellow Solid High Neck Crop Top,,,Solid,,999,5.0,Tops,https://newme.asia/product/yellow-solid-high-neck-crop-top,upper wear
female_00224.webp,https://assets.newme.asia/wp-content/uploads/2025/08/0716174085b6198b/NM-PRC-343-TSH-25-JUL-23329-BLUE(1).webp,7321857,Blue Fitted Crew Neck Tshirt,"Blue, Purple",,,,799,4.5,Tops,https://newme.asia/product/blue-fitted-crew-neck-tshirt,upper wear
female_00225.webp,https://assets.newme.asia/wp-content/uploads/2025/05/1812510636be86ef/NM-PRC-171-BLS-25-APR-18335-BLACK(1).webp,6341023,White Floral Vneck Crop Top,,,Floral,,999,4.5,Tops,https://newme.asia/product/white-floral-vneck-crop-top,upper wear
female_00226.webp,https://assets.newme.asia/wp-content/uploads/2026/07/10110858724ce534/NM-PRC-391-BLS-26-JUN-34365-PURPLE(1).webp,10784788,Purple Beaded Ruched Crop Top,,,Ruched,,949,4.5,Tops,https://newme.asia/product/purple-beaded-ruched-crop-top,upper wear
female_00227.webp,https://assets.newme.asia/wp-content/uploads/2026/07/091354554e076668/NM-PRC-152-SHT-26-APR-33216-OFFWHITE(1).webp,10114084,Off White Lace Buttoned Shirt,,,,,899,4.8,Tops,https://newme.asia/product/off-white-lace-buttoned-shirt,upper wear
female_00228.webp,https://assets.newme.asia/wp-content/uploads/2026/01/120812227b2218ab/NM-IN-56-TSH-26-JAN-22433-WHITE(1).webp,9044707,White Crew Neck Graphic T-Shirt,,,,,599,5.0,Tops,https://newme.asia/product/white-crew-neck-graphic-t-shirt,upper wear
female_00229.webp,https://assets.newme.asia/wp-content/uploads/2025/07/041125324f266416/NM-IN-56-TSH-25-JUN-21066-PISTACHIO_(1).webp,6955187,Green Graphic Crew Neck Oversized Tshirt,"Pistachio, White",Oversized,,,599,4.4,Tops,https://newme.asia/product/green-graphic-crew-neck-oversized-tshirt,upper wear
female_00230.webp,https://assets.newme.asia/wp-content/uploads/2025/07/04112507b834f310/NM-IN-56-TSH-25-JUN-21063-DARKGREY_(1).webp,6955162,Dark Grey Graphic Oversized Tshirt,,Oversized,,,699,5.0,Tops,https://newme.asia/product/dark-grey-graphic-oversized-tshirt-2,upper wear
female_00231.webp,https://assets.newme.asia/wp-content/uploads/2025/06/021944011ce8b1bb/NM-PRC-35-TSH-25-MAR-15012-WHITE(1).webp,4928462,White Cherry Print Crew Neck Tshirt,,,,,399,4.8,Tops,https://newme.asia/product/white-cherry-print-crew-neck-tshirt,upper wear
female_00232.webp,https://assets.newme.asia/wp-content/uploads/2026/06/051211089893ef2f/NM-IN-54-BLS-26-MAY-33478-LIGHTPINK(0).webp,10752706,Light Pink Floral Crop Top,,,Floral,,449,4.6,Tops,https://newme.asia/product/light-pink-floral-crop-top-2,upper wear
female_00233.webp,https://assets.newme.asia/wp-content/uploads/2026/06/18163140a162ea6f/NM-PRC-35-TSH-26-JUN-34687-BLACK(1).webp,10896132,Black Butterfly Print T-Shirt,,,,,899,4.0,Tops,https://newme.asia/product/black-butterfly-print-t-shirt,upper wear
female_00234.webp,https://assets.newme.asia/wp-content/uploads/2026/05/2918062822876605/NM-PRC-75-BLS-26-MAY-34042-LIGHTPINK(1).webp,10683152,Light Pink Solid Lace Insert Bodysuit,"Lightpink, Black",,Solid,,1049,4.5,Tops,https://newme.asia/product/light-pink-solid-lace-insert-bodysuit,upper wear
female_00235.webp,https://assets.newme.asia/wp-content/uploads/2025/09/30133207ce23ee9b/NM-PRC-35-TSH-25-SEP-25141-BLACK(1).webp,7792200,Black Graphic Crew Neck T-Shirt,,,,,599,4.5,Tops,https://newme.asia/product/black-graphic-crew-neck-t-shirt-7,upper wear
female_00236.webp,https://assets.newme.asia/wp-content/uploads/2025/07/090558310abb5d19/NM-IN-56-TSH-25-JUN-21061-BROWN_(1).webp,6955211,Burgundy Graphic Oversized Tshirt,"Brown, Tan",Oversized,,,599,4.7,Tops,https://newme.asia/product/brown-graphic-oversized-tshirt,upper wear
female_00237.webp,https://assets.newme.asia/wp-content/uploads/2025/05/18085109d3107b9e/NM-IN-56-BLS-24-SEP-9796-BLACK(1).webp,4157742,Black Solid Sweetheart Neck Top,,,Solid,,899,4.8,Tops,https://newme.asia/product/black-solid-ribbed-sweetheart-neck-top-2,upper wear
female_00238.webp,https://assets.newme.asia/wp-content/uploads/2026/04/2810344792210c88/NM-IN-56-BLS-25-DEC-29103-RED(0).webp,10222628,Red Sweetheart Neck Fitted Top,,,,,899,4.8,Tops,https://newme.asia/product/red-sweetheart-neck-fitted-top-2,upper wear
female_00239.webp,https://assets.newme.asia/wp-content/uploads/2025/10/0808083043367579/NM-IN-56-TSH-25-SEP-21698-BLACK_(1).webp,7848967,Black Graphic V-Neck T-Shirt,,,,,499,4.8,Tops,https://newme.asia/product/black-graphic-v-neck-t-shirt-2,upper wear
female_00240.webp,https://assets.newme.asia/wp-content/uploads/2025/08/1611124084bf6bf6/NM-PRC-343-BLS-25-AUG-23947-LIGHTBLUE(1).webp,7394759,Light Blue Solid Crew Neck Top,"Light Blue, Lightpink",,Solid,,799,4.5,Tops,https://newme.asia/product/light-blue-solid-crew-neck-top,upper wear
female_00241.webp,https://assets.newme.asia/wp-content/uploads/2025/08/04095357b53c4e51/NM-IN-56-TSH-25-JUL-21108-LIGHTBLUE(1).webp,7295705,Light Blue Graphic Oversized Crew Neck Tshirt,"Light Blue, Red",Oversized,,,599,5.0,Tops,https://newme.asia/product/light-blue-graphic-oversized-crew-neck-tshirt,upper wear
female_00242.webp,https://assets.newme.asia/wp-content/uploads/2025/07/28143738fde74d9a/NM-PRC-343-BLS-25-JUL-23327-PEACH(1).webp,7232510,Peach Solid Square Neck Crop Top,"Peach, Dark Blue",,Solid,,799,4.7,Tops,https://newme.asia/product/peach-solid-square-neck-crop-top,upper wear
female_00243.webp,https://assets.newme.asia/wp-content/uploads/2026/05/18130026b63b22d1/NM-PRC-170-BLS-26-APR-33300-LIGHTPINK(1).webp,10432404,Light Pink Marine Corset Tube Top,"Lightpink, Black, Purple, Brown, Beige, White, Red",,,,1149,4.9,Tops,https://newme.asia/product/light-pink-marine-corset-tube-top,upper wear
female_00244.webp,https://assets.newme.asia/wp-content/uploads/2025/10/1409453790df927d/NM-PRC-159-BLS-25-JUL-20316-PINK(1).webp,6941448,Light Pink Vneck Fitted Top,,,,,999,4.8,Tops,https://newme.asia/product/light-pink-vneck-fitted-top,upper wear
female_00245.webp,https://assets.newme.asia/wp-content/uploads/2026/04/28103531e20f31ef/NM-IN-56-BLS-24-AUG-8620-NAVYBLUE(0).webp,10222635,Navy Numeric Spaghetti Strap Cami Top,,,,,499,4.8,Tops,https://newme.asia/product/navy-numeric-spaghetti-strap-cami-top,upper wear
female_00246.webp,https://assets.newme.asia/wp-content/uploads/2026/06/190712002ba30e9a/NM-IN-54-SHT-26-MAY-34143-BLUE(0).webp,10900463,Blue Schiffli Cotton Crop Shirt,,,,Cotton,699,4.7,Tops,https://newme.asia/product/blue-schiffli-cotton-crop-shirt-2,upper wear
female_00247.webp,https://assets.newme.asia/wp-content/uploads/2024/03/11184021a631b70b/NM-PRC-11-BLS-24-MAR-3649-BLACK_(1).webp,1403050,Black Contrast Printed Half Zipper Top,,,Printed,,749,4.7,Tops,https://newme.asia/product/black-contrast-printed-halfzipper-top,upper wear
female_00248.webp,https://assets.newme.asia/wp-content/uploads/2025/10/01100810ba7241c3/NM-IN-56-SHT-25-AUG-21304-BLUE_(1).webp,7797781,Blue Striped Button Down Shirt,,,Striped,,599,4.8,Tops,https://newme.asia/product/blue-striped-button-down-shirt-11,upper wear
female_00249.webp,https://assets.newme.asia/wp-content/uploads/2026/03/050502207d4982f9/NM-PRC-198-TSH-26-JAN-30645-MAROON(1).webp,9625604,Maroon Leopard Print Asymmetric T-Shirt,"Maroon, Dark Blue, Lightpink, Darkgreen, Lightgreen",,,,799,4.8,Tops,https://newme.asia/product/maroon-leopard-print-asymmetric-t-shirt,upper wear
female_00250.webp,https://assets.newme.asia/wp-content/uploads/2025/08/16111225a7f6e4d1/NM-PRC-343-BLS-25-AUG-23944-LIGHTGREEN(1).webp,7394765,Light Green Round Neck Crop Top,"Lightgreen, White",,,,799,4.8,Tops,https://newme.asia/product/light-green-round-neck-crop-top,upper wear
female_00251.webp,https://assets.newme.asia/wp-content/uploads/2025/07/28143748ec989b17/NM-PRC-343-BLS-25-JUL-23327-DARKBLUE(1).webp,7232516,Dark Blue Square Neck Crop Top,"Dark Blue, Peach",,,,799,4.7,Tops,https://newme.asia/product/dark-blue-square-neck-crop-top,upper wear
female_00252.webp,https://assets.newme.asia/wp-content/uploads/2025/07/232258095a99ff49/NM-IN-56-BLS-24-OCT-9631-WHITE_(5).webp,2959670,White Off Shoulder Sweetheart Neck Top,,,,,799,4.9,Tops,https://newme.asia/product/white-offshoulder-sweetheart-neck-top,upper wear
female_00253.webp,https://assets.newme.asia/wp-content/uploads/2023/10/07163030/NM-IN-56-BLS-23-OCT-1426-DKGREEN-1-scaled.webp,600405,Satin Solid Front Slit Top,,,Solid,Satin,599,5.0,Tops,https://newme.asia/product/satin-solid-front-slit-top,upper wear
female_00254.webp,https://assets.newme.asia/wp-content/uploads/2025/09/30133206a4be5d22/NM-PRC-35-TSH-25-SEP-25139-WHITE(1).webp,7792162,White Graphic Crew Neck T-Shirt,,,,,599,4.7,Tops,https://newme.asia/product/white-graphic-crew-neck-t-shirt-2,upper wear
female_00255.webp,https://assets.newme.asia/wp-content/uploads/2026/04/29054833ffabb772/NM-IN-56-BLS-25-SEP-21673-BLACK(0).webp,7734715,Black Square Neck Crop Top,,,,,399,4.7,Tops,https://newme.asia/product/black-square-neck-crop-top-13,upper wear
female_00256.webp,https://assets.newme.asia/wp-content/uploads/2026/07/031427095086503e/NM-PRC-75-BLS-26-MAY-34042-BLACK(1).webp,11082796,Black Solid Lace Insert Bodysuit,"Black, Lightpink",,Solid,,1099,4.8,Tops,https://newme.asia/product/black-solid-lace-insert-bodysuit,upper wear
female_00257.webp,https://assets.newme.asia/wp-content/uploads/2025/07/23185449302fea9a/NM-PRC-11-BLS-23-JUN-828-WHITE_(1).webp,301151,Bustier Corset Top,"White, Black",,,,499,4.0,Tops,https://newme.asia/product/bustier-corset-top-3,upper wear
female_00258.webp,https://assets.newme.asia/wp-content/uploads/2024/08/300648052761e8a8/NM-PRC-170-BLS-24-AUG-8735-BLACK(1).webp,2579691,Black Ethnic Motif Corset Top,,,,,899,4.8,Tops,https://newme.asia/product/black-ethnic-motif-corset-top-2,upper wear
female_00259.webp,https://assets.newme.asia/wp-content/uploads/2025/09/221020332820718a/NM-IN-56-BLS-25-JUN-21008-LAVENDER(1).webp,7717262,Lavender Solid Keyhole Neck Top,,,Solid,,399,4.8,Tops,https://newme.asia/product/lavender-solid-keyhole-neck-top-2,upper wear
female_00260.webp,https://assets.newme.asia/wp-content/uploads/2025/12/1814200522936e0f/NM-PRC-414-BLS-25-DEC-28631-RED(1).webp,8699856,Red Textured One-Shoulder Top,"Red, Lightpink",,,,649,4.9,Tops,https://newme.asia/product/red-textured-one-shoulder-top,upper wear
female_00261.webp,https://assets.newme.asia/wp-content/uploads/2025/06/01130919122e751d/NM-IN-50-TSH-23-JUN-132-MAROON_(1).webp,6672260,Maroon Solid High Neck Tshirt,,,Solid,,399,4.8,Tops,https://newme.asia/product/maroon-solid-high-neck-tshirt,upper wear
female_00262.webp,https://assets.newme.asia/wp-content/uploads/2026/03/25144014bd508e87/NM-PRC-198-BLS-26-MAR-31887-BROWN(1).webp,9838310,Brown One Shoulder Asymmetric Top,"Brown, Off White",,,,649,5.0,Tops,https://newme.asia/product/brown-one-shoulder-asymmetric-top,upper wear
female_00263.webp,https://assets.newme.asia/wp-content/uploads/2026/03/11112217541f2160/NM-PRC-356-BLS-26-FEB-31206-LIGHTPINK(1).webp,9688110,Light Pink Lace-Insert V-Neck Top,,,,,1149,4.8,Tops,https://newme.asia/product/light-pink-lace-insert-v-neck-top,upper wear
female_00264.webp,https://assets.newme.asia/wp-content/uploads/2026/01/14124844e35192dc/NM-IN-56-BLS-25-FEB-14899-RED(1).webp,9073777,Red Lace Sqaure Neck Top,,,,,499,4.8,Tops,https://newme.asia/product/red-lace-sqaure-neck-top,upper wear
female_00265.webp,https://assets.newme.asia/wp-content/uploads/2025/05/181201254acbdb28/NM-IN-56-BLS-25-FEB-14347-BLACK(1).webp,6169653,Black Flared Sleeve High Low Top,,Flare,,,749,4.8,Tops,https://newme.asia/product/black-flared-sleeve-high-low-top-2,upper wear
female_00266.webp,https://assets.newme.asia/wp-content/uploads/2026/02/28071139305437ca/NM-IN-56-BLS-26-JAN-22556-PINK(0).webp,9582936,Pink Floral Sweetheart Tie-Up Crop Top,"Pink, Light Blue",,Floral,,599,5.0,Tops,https://newme.asia/product/pink-floral-sweetheart-tie-up-crop-top,upper wear
female_00267.webp,https://assets.newme.asia/wp-content/uploads/2026/03/05131550f15ff638/NM-IN-56-BLS-26-FEB-22568-WHITE(0).webp,9630738,White Solid One Shoulder Knot Top,,,Solid,,449,4.9,Tops,https://newme.asia/product/white-solid-one-shoulder-knot-top,upper wear
female_00268.webp,https://assets.newme.asia/wp-content/uploads/2026/03/300614499c6ad2a7/NM-IN-56-TSH-25-OCT-25826-BLACK(0).webp,9073771,Black Solid V-Neck T-Shirt,,,Solid,,399,4.5,Tops,https://newme.asia/product/black-solid-v-neck-t-shirt,upper wear
female_00269.webp,https://assets.newme.asia/wp-content/uploads/2026/06/261550168d207b15/NM-PRC-445-BLS-26-JUN-35062-BLACK(1).webp,10997632,Black Solid Tube Neck Top,,,Solid,,799,4.4,Tops,https://newme.asia/product/black-solid-tube-neck-top-16,upper wear
female_00270.webp,https://assets.newme.asia/wp-content/uploads/2025/05/18130407fa4ad295/NM-PRC-34-BLS-25-MAR-15744-BROWN(1).webp,6402899,Brown Animal Print Cami Top,,,,,699,4.8,Tops,https://newme.asia/product/brown-animal-print-cami-top-4,upper wear
female_00271.webp,https://assets.newme.asia/wp-content/uploads/2025/05/18085311ce141457/NM-IN-56-TSH-24-APR-5000-BLACK(1).webp,4164873,Black Round Neck Regular Tshirt,"Black, Dark Brown, Maroon, Pink, Yellow, Navy Blue",Regular,,,499,4.8,Tops,https://newme.asia/product/black-round-neck-regular-tshirt,upper wear
female_00272.webp,https://assets.newme.asia/wp-content/uploads/2025/09/0513553841733467/NM-PRC-144-SHT-25-SEP-24560-BLUE(1).webp,7568544,Blue Striped Button Down Shirt,,,Striped,,1149,4.8,Tops,https://newme.asia/product/blue-striped-button-down-shirt-4,upper wear
female_00273.webp,https://assets.newme.asia/wp-content/uploads/2025/12/091626536dd96606/NM-PRC-130-BLS-25-DEC-28101-PURPLE(1).webp,8571876,Purple Sweetheart Lace Bodysuit,,,,,749,4.8,Tops,https://newme.asia/product/purple-sweetheart-lace-bodysuit,upper wear
female_00274.webp,https://assets.newme.asia/wp-content/uploads/2026/01/10133944aac7b8fb/NM-PRC-415-BLS-26-JAN-30284-BLACK(1).webp,9024705,Black Solid Lapel Collar Shirt,,,Solid,,949,4.9,Tops,https://newme.asia/product/black-solid-lapel-collar-shirt,upper wear
female_00275.webp,https://assets.newme.asia/wp-content/uploads/2026/06/2615495537ae0ffb/NM-PRC-445-BLS-26-MAY-33608-LIGHTPINK(1).webp,10997553,Light Pink Pearl Embellished Top,"Lightpink, Beige, Black, Beige, Wine, White",,,,1049,4.5,Tops,https://newme.asia/product/light-pink-pearl-embellished-top-4,upper wear
female_00276.webp,https://assets.newme.asia/wp-content/uploads/2026/06/04154921f686c05a/NM-PRC-130-BLS-26-JUN-34232-ROSEGOLD(1).webp,10744550,Rose Gold Backless Halter Crop Top,,,,,949,4.8,Tops,https://newme.asia/product/rose-gold-backless-halter-crop-top,upper wear
female_00277.webp,https://assets.newme.asia/wp-content/uploads/2026/05/15143059a70a753f/NM-PRC-443-BLS-26-MAY-33550-BLACK(1).webp,10497193,Black Floral Embroidered Top,"Black, Burgundy, Navy",,Floral,,899,4.8,Tops,https://newme.asia/product/black-floral-embroidered-top-2,upper wear
female_00278.webp,https://assets.newme.asia/wp-content/uploads/2025/12/1009553301917f6b/NM-PRC-142-BLS-24-APR-5094-BLACK_(1).webp,1635264,Black Lace Fitted Crop Top,"Black, White",,,,799,4.7,Tops,https://newme.asia/product/black-lace-fitted-crop-top-2,upper wear
female_00279.webp,https://assets.newme.asia/wp-content/uploads/2025/01/211227267f0ff337/NM-IN-50-BLS-23-NOV-1616-BLACK_(1).webp,1205062,Printed Notch Neck Slim Fit Top,"Black, Maroon",Slim,Printed,,649,5.0,Tops,https://newme.asia/product/printed-notch-neck-slim-fit-top-4,upper wear
female_00280.webp,https://assets.newme.asia/wp-content/uploads/2026/01/1412490802d95c21/NM-IN-56-BDS-24-MAR-4336-BLACK(1).webp,9073783,Black Solid Sqaure Neck Bodysuit,,,Solid,,499,4.8,Tops,https://newme.asia/product/black-solid-sqaure-neck-bodysuit,upper wear
female_00281.webp,https://assets.newme.asia/wp-content/uploads/2026/01/2013504038d52261/NM-IN-56-BLS-25-DEC-22278-LIGHTPINK(1).webp,9059710,Light Pink Belted Tube Top,,,,,499,4.8,Tops,https://newme.asia/product/light-pink-belted-tube-top,upper wear
female_00282.webp,https://assets.newme.asia/wp-content/uploads/2025/05/1813012664707ac3/NM-PRC-35-TSH-25-MAY-18512-OFFWHITE(1).webp,6376348,Off White Cotton Crewneck Tshirt,"Off White, White",,,Cotton,599,4.7,Tops,https://newme.asia/product/off-white-cotton-crewneck-tshirt,upper wear
female_00283.webp,https://assets.newme.asia/wp-content/uploads/2026/01/121347281d5ad7d4/NM-PRC-391-BLS-26-JAN-30339-WHITE(1).webp,9048760,White V-Neck Buttoned Top,,,,,899,4.8,Tops,https://newme.asia/product/white-v-neck-buttoned-top,upper wear
female_00284.webp,https://assets.newme.asia/wp-content/uploads/2026/05/291756074b083df1/NM-PRC-414-BLS-26-MAY-34015-WHITE(1).webp,10682883,White Sequin Bow Crop Top,,,,,799,5.0,Tops,https://newme.asia/product/white-sequin-bow-crop-top,upper wear
female_00285.webp,https://assets.newme.asia/wp-content/uploads/2026/06/04161259b5d2e650/NM-PRC-198-TSH-26-JUN-34242-BLACK(1).webp,10745088,Black Off-Shoulder Ruched Striped T-Shirt,"Black, Red",,Ruched,,949,4.5,Tops,https://newme.asia/product/black-off-shoulder-ruched-striped-t-shirt,upper wear
female_00286.webp,https://assets.newme.asia/wp-content/uploads/2026/06/041600383b78ccb1/NM-PRC-376-BLS-26-JUN-34273-WHITE(1).webp,10744955,White Lace Polka Dot Crop Top,,,,,949,5.0,Tops,https://newme.asia/product/white-lace-polka-dot-crop-top,upper wear
female_00287.webp,https://assets.newme.asia/wp-content/uploads/2026/02/20103514406a7d16/NM-IN-56-TSH-25-SEP-21478-OFFWHITE(0).webp,7601738,Off White Graphic V-Neck T-Shirt,,,,,499,4.8,Tops,https://newme.asia/product/off-white-graphic-v-neck-t-shirt,upper wear
female_00288.webp,https://assets.newme.asia/wp-content/uploads/2026/03/23152123ec393c92/NM-PRC-35-TSH-26-MAR-31877-DARKGREY(1).webp,9819497,Dark Grey Graphic Printed T-Shirt,,,Printed,,749,4.8,Tops,https://newme.asia/product/dark-grey-graphic-printed-t-shirt,upper wear
female_00289.webp,https://assets.newme.asia/wp-content/uploads/2026/01/141248580862abc8/NM-IN-56-TSH-25-NOV-27057-BLACK(1).webp,9073802,Black One Shoulder Crop T-Shirt,"Black, Darkbrown",,,,699,4.8,Tops,https://newme.asia/product/black-one-shoulder-crop-t-shirt-4,upper wear
female_00290.webp,https://assets.newme.asia/wp-content/uploads/2026/05/09123028d0d9f8d2/NM-PRC-198-TSH-26-JAN-30645-LIGHTPINK(1).webp,10432873,Light Pink Leopard Print T-Shirt,"Lightpink, Dark Blue, Maroon, Darkgreen, Lightgreen",,,,799,4.9,Tops,https://newme.asia/product/light-pink-leopard-print-t-shirt,upper wear
female_00291.webp,https://assets.newme.asia/wp-content/uploads/2026/03/24091019c3a51009/NM-IN-56-BLS-26-FEB-22591-WHITE(0).webp,9649761,White Solid Asymmetric Top,,,Solid,,699,5.0,Tops,https://newme.asia/product/white-solid-asymmetric-top,upper wear
female_00292.webp,https://assets.newme.asia/wp-content/uploads/2024/01/05112326/NM-IN-50-TSH-23-JUN-132-BLACK-1.webp,994219,Solid Full Sleeve Tshirt,"Black, Brown, Navy Blue, Beige, Lightgrey, Darkbrown, Dark Grey",,Solid,,349,4.7,Tops,https://newme.asia/product/solid-full-sleeve-tshirt-16,upper wear
female_00293.webp,https://assets.newme.asia/wp-content/uploads/2026/06/261505589c3bfe3d/NM-PRC-445-BLS-26-MAY-33607-DARKBROWN(1).webp,10997008,Dark Brown Square Neck Top,"Darkbrown, Beige, Black",,,,999,4.7,Tops,https://newme.asia/product/dark-brown-square-neck-top-7,upper wear
female_00294.webp,https://assets.newme.asia/wp-content/uploads/2025/09/2606484542f45877/NM-PRC-34-BLS-25-JUL-20829-OFFWHITE(1).webp,7026907,Beige Sweetheart Tieup Corset Top,,,,,699,4.8,Tops,https://newme.asia/product/beige-sweetheart-tieup-corset-top,upper wear
female_00295.webp,https://assets.newme.asia/wp-content/uploads/2025/09/09124322a79a0010/NM-IN-56-BLS-25-AUG-21261-GREEN_(1).webp,7541391,Green Ethnic Print Tie-Up Detail Top,,,,,499,4.8,Tops,https://newme.asia/product/green-ethnic-print-tie-up-detail-top,upper wear
female_00296.webp,https://assets.newme.asia/wp-content/uploads/2026/05/211442482187d4dc/NM-PRC-445-BLS-26-MAY-33607-BEIGE(1).webp,10573694,Beige Solid Lace Overlay Top,"Beige, Darkbrown, Black",,Solid,,949,5.0,Tops,https://newme.asia/product/beige-solid-lace-overlay-top,upper wear
female_00297.webp,https://assets.newme.asia/wp-content/uploads/2026/06/1208225410e872aa/NM-PRC-445-TSH-26-JUN-34524-NAVY(1).webp,10827403,Navy Blue Graphic Printed Cami T-Shirt,,,Printed,,599,4.8,Tops,https://newme.asia/product/navy-blue-graphic-printed-cami-t-shirt,upper wear
female_00298.webp,https://assets.newme.asia/wp-content/uploads/2026/03/05072840f57b16e7/NM-PRC-186-BLS-26-JAN-30740-BLACK(1).webp,9627431,Black Striped Scoop Neck Crop Top,,,Striped,,699,4.8,Tops,https://newme.asia/product/black-striped-scoop-neck-crop-top-2,upper wear
female_00299.webp,https://assets.newme.asia/wp-content/uploads/2026/05/21144246d03b4d5d/NM-PRC-445-BLS-26-MAY-33606-WHITE(1).webp,10573747,White Polo Buttoned Bodysuit,"White, Black",,,,949,4.6,Tops,https://newme.asia/product/white-polo-buttoned-bodysuit,upper wear
female_00300.webp,https://assets.newme.asia/wp-content/uploads/2025/07/23235055db1f39f3/NM-IN-56-TSH-25-MAY-16530-ROYALBLUE_(1).webp,6480191,Graphic Tshirt,"Royal Blue, fuchsia",,,,299,4.9,Tops,https://newme.asia/product/graphic-tshirt-196,upper wear
female_00301.webp,https://assets.newme.asia/wp-content/uploads/2026/05/29175447489741a7/NM-PRC-170-BLS-26-APR-33300-BLACK(1).webp,10682916,Black Marine Corset Tube Top,"Black, Purple, Brown, Lightpink, Beige, White, Red",,,,1149,4.8,Tops,https://newme.asia/product/black-marine-corset-tube-top,upper wear
female_00302.webp,https://assets.newme.asia/wp-content/uploads/2025/05/20072622823bbf62/NM-IN-56-BLS-25-APR-17069-RED(1).webp,6562241,Red Solid Cami Top,"Red, Black, White",,Solid,,499,4.8,Tops,https://newme.asia/product/red-solid-cami-top-4,upper wear
female_00303.webp,https://assets.newme.asia/wp-content/uploads/2025/07/261042038154ca17/NM-PRC-332-BLS-25-JUL-23186-LIGHTBLUE(1).webp,7190541,Blue Plaid Band Collar Top,,,,,1149,4.9,Tops,https://newme.asia/product/blue-plaid-band-collar-top,upper wear
female_00304.webp,https://assets.newme.asia/wp-content/uploads/2025/07/29092317bc976621/NM-PRC-185-BLS-25-MAR-15803-CREAM(1).webp,6082075,Cream Textured Halter Neck Empire Top,,,,,899,4.8,Tops,https://newme.asia/product/cream-textured-halter-neck-empire-top,upper wear
female_00305.webp,https://assets.newme.asia/wp-content/uploads/2025/07/22121447cb79fe46/NM-IN-56-BLS-24-AUG-7916-BLACK(1).webp,4929766,Black Lace Detail Halter Neck Crop Top,,,,,699,4.8,Tops,https://newme.asia/product/black-lace-detail-halter-neck-crop-top-2,upper wear
female_00306.webp,https://assets.newme.asia/wp-content/uploads/2026/04/04120224f08804cb/NM-PRC-146-BLS-26-APR-32593-NAVY(1).webp,9928094,Navy Blue Scoop Neck Top,"Navy, Lightgreen",,,,499,4.8,Tops,https://newme.asia/product/navy-blue-scoop-neck-top,upper wear
female_00307.webp,https://assets.newme.asia/wp-content/uploads/2025/12/310944064713672e/NM-PRC-178-BLS-25-DEC-29545-BLACK(1).webp,8881300,Black Fitted Lapel Collar Top,,,,,1049,5.0,Tops,https://newme.asia/product/black-fitted-lapel-collar-top,upper wear
female_00308.webp,https://assets.newme.asia/wp-content/uploads/2026/06/120911309881e3bc/NM-PRC-198-TSH-26-JUN-34536-OFFWHITE(1).webp,10827800,Off White Solid One Shoulder Top,,,Solid,,799,5.0,Tops,https://newme.asia/product/off-white-solid-one-shoulder-t-shirt,upper wear
female_00309.webp,https://assets.newme.asia/wp-content/uploads/2026/03/180921135f5d21ca/NM-IN-54-BLS-26-FEB-31480-ORANGE(0).webp,9732228,Orange Ethnic Printed Keyhole Neck Top,"Orange, Light Blue",,Printed,,649,4.7,Tops,https://newme.asia/product/orange-ethnic-printed-keyhole-neck-top,upper wear
female_00310.webp,https://assets.newme.asia/wp-content/uploads/2025/11/121715441f7738ce/NM-PRC-130-BLS-25-NOV-26529-PURPLE(1).webp,8196305,Purple Sweetheart Fitted Top,"Purple, Black",,,,699,4.7,Tops,https://newme.asia/product/purple-sweetheart-fitted-top,upper wear
female_00311.webp,https://assets.newme.asia/wp-content/uploads/2025/10/080814142f4460a6/NM-IN-56-BLS-25-OCT-21742-DARKBLUE_(1).webp,7849078,Dark Blue Ethnic Print Square Neck Top,,,,,449,4.8,Tops,https://newme.asia/product/dark-blue-ethnic-print-square-neck-top,upper wear
female_00312.webp,https://assets.newme.asia/wp-content/uploads/2026/06/26155006dbac4976/NM-PRC-445-BLS-26-MAY-33608-BLACK(1).webp,10997641,Black Pearl Embellished Asymmetric Top,"Black, Beige, Beige, Lightpink, Wine, White",,,,1049,4.6,Tops,https://newme.asia/product/black-pearl-embellished-asymmetric-top,upper wear
female_00313.webp,https://assets.newme.asia/wp-content/uploads/2026/06/041601252406af37/NM-PRC-445-BLS-26-JUN-34311-BLACK(1).webp,10744923,Black Solid Sweetheart Ruffle Top,,,Solid,,799,4.6,Tops,https://newme.asia/product/black-solid-sweetheart-ruffle-top,upper wear
female_00314.webp,https://assets.newme.asia/wp-content/uploads/2026/03/28141210f8cecd3b/NM-PRC-443-BLS-26-MAR-32222-BROWN(1).webp,9864885,Brown Sequined Cowl Neck Top,"Brown, Black",,,,849,5.0,Tops,https://newme.asia/product/brown-sequined-cowl-neck-top,upper wear
female_00315.webp,https://assets.newme.asia/wp-content/uploads/2026/01/021127394e71572b/NM-PRC-414-BLS-26-JAN-29579-BROWN(1).webp,8918283,Brown Textured Asymetric Top,"Brown, Silver",,,,749,5.0,Tops,https://newme.asia/product/brown-textured-asymetric-top,upper wear
female_00316.webp,https://assets.newme.asia/wp-content/uploads/2025/12/04102739e7a9be57/NM-PRC-9997-BLS-25-DEC-27774-BROWN(1).webp,8500231,Brown Lace High Neck Top,,,,,899,4.8,Tops,https://newme.asia/product/brown-lace-high-neck-top,upper wear
female_00317.webp,https://assets.newme.asia/wp-content/uploads/2026/03/28141135f1fedbd8/NM-PRC-443-BLS-26-MAR-32217-BLACK(1).webp,9864801,Black Solid Lace Halter Top,,,Solid,,949,5.0,Tops,https://newme.asia/product/black-solid-lace-halter-top,upper wear
female_00318.webp,https://assets.newme.asia/wp-content/uploads/2025/07/161345034e750e90/NM-PRC-130-BLS-25-JUL-20925-WINE(1).webp,7054323,Wine Sweetheart Lace Bodysuit,,,,,799,4.8,Tops,https://newme.asia/product/wine-sweetheart-lace-bodysuit,upper wear
female_00319.webp,https://assets.newme.asia/wp-content/uploads/2025/07/2217291752164b77/NM-IN-56-SHT-25-MAR-15002-BEIGE(1).webp,6238678,Beige Paisley Print Collared Neck Shirt,,,,,749,4.9,Tops,https://newme.asia/product/beige-paisley-print-collared-neck-shirt-2,upper wear
female_00320.webp,https://assets.newme.asia/wp-content/uploads/2024/12/2312545487eade17/NM-IN-56-TAT-24-OCT-8170-OFFWHITE_(1).webp,3060283,Off-White Solid Cropped Top,"Off White, Sky Blue, Brown, Dark Green, Maroon, Black",,Solid,,249,4.8,Tops,https://newme.asia/product/offwhite-solid-cropped-top,upper wear
female_00321.webp,https://assets.newme.asia/wp-content/uploads/2024/08/050525206d4cf79c/NM-PRC-142-BLS-24-JUN-6129-MAROON(1).webp,1940696,Maroon Sweetheart Neck Corset,,,,,899,4.9,Tops,https://newme.asia/product/maroon-sweetheart-neck-corset,upper wear
female_00322.webp,https://assets.newme.asia/wp-content/uploads/2026/05/09120946895f355e/NM-PRC-331-BLS-26-MAY-33433-WHITE(1).webp,10432453,White Sheer Boat Neck Crop Top,"White, Lightpink",,,,799,4.4,Tops,https://newme.asia/product/white-sheer-boat-neck-crop-top,upper wear
female_00323.webp,https://assets.newme.asia/wp-content/uploads/2025/07/29094103e19085bf/NM-PRC-185-BLS-25-MAY-18904-BEIGE_(1).webp,6456995,Beige Tieup Tube Top,,,,,899,4.8,Tops,https://newme.asia/product/beige-tieup-tube-top,upper wear
female_00324.webp,https://assets.newme.asia/wp-content/uploads/2025/01/21122633ea033e89/NM-IN-50-TSH-23-JUN-132-LTGREY(1).webp,994247,Solid Full Sleeve Tshirt,"Lightgrey, Brown, Navy Blue, Beige, Black, Darkbrown, Dark Grey",,Solid,,349,4.7,Tops,https://newme.asia/product/solid-full-sleeve-tshirt-19,upper wear
female_00325.webp,https://assets.newme.asia/wp-content/uploads/2025/09/29113635e6443665/NM-PRC-309-SHT-25-SEP-25067-LIGHTYELLOW(1).webp,7784814,Light Yellow Striped Oversized Shirt,"Lightyellow, Light Blue",Oversized,Striped,,999,4.8,Tops,https://newme.asia/product/light-yellow-striped-oversized-shirt,upper wear
female_00326.webp,https://assets.newme.asia/wp-content/uploads/2025/08/0813264143a5662c/NM-IN-56-BLS-25-APR-18224-BROWN(1).webp,7327026,High Neck Fitted Crop Top,,,,,499,4.8,Tops,https://newme.asia/product/high-neck-fitted-crop-top-2,upper wear
female_00327.webp,https://assets.newme.asia/wp-content/uploads/2025/05/1812161717b4503a/NM-IN-56-TSH-25-FEB-14467-NAVY(1).webp,6219163,Navy Typography Tshirt,"Navy, Black",,,,799,4.9,Tops,https://newme.asia/product/navy-typography-tshirt-2,upper wear
female_00328.webp,https://assets.newme.asia/wp-content/uploads/2025/07/21172215bcb5f7bf/NM-IN-56-BLS-24-AUG-7911-DKBLUE(1).webp,4929760,Dark Blue Ruched Halter Neck Layered Top,,,Ruched,,599,4.7,Tops,https://newme.asia/product/dark-blue-ruched-halter-neck-layered-top-2,upper wear
female_00329.webp,https://assets.newme.asia/wp-content/uploads/2026/04/271001062331674f/NM-IN-56-SHT-25-APR-16254-LIGHTBLUE(0).webp,6303384,Blue Stripe With Lace Trim Inserts,,,,,649,4.6,Tops,https://newme.asia/product/blue-stripe-with-lace-trim-inserts,upper wear
female_00330.webp,https://assets.newme.asia/wp-content/uploads/2026/04/23135610ee30011d/NM-IN-54-BLS-26-MAR-31490-BLACK(0).webp,10126421,Black Floral Sequin Halter Top,"Black, Blue, Pink, White, Teal",,Floral,,499,5.0,Tops,https://newme.asia/product/black-floral-sequin-halter-top,upper wear
female_00331.webp,https://assets.newme.asia/wp-content/uploads/2025/07/2118140521160c4f/NM-IN-56-BLS-24-JUN-6490-BURGUNDY(1).webp,4871151,Burgundy Lace Detailed Plunging Neck Top,"Burgundy, Grey Blue",,,,699,4.7,Tops,https://newme.asia/product/burgundy-lace-detailed-plunging-neck-top-2,upper wear
female_00332.webp,https://assets.newme.asia/wp-content/uploads/2026/03/281411400f516d0d/NM-PRC-443-BLS-26-MAR-32220-BEIGE(1).webp,9864812,Beige Floral Embroidered Top,,,Floral,,849,4.9,Tops,https://newme.asia/product/beige-floral-embroidered-top,upper wear
female_00333.webp,https://assets.newme.asia/wp-content/uploads/2025/06/28130255cd5d57c2/NM-PRC-194-TSH-25-JUN-20113-GREY(1).webp,6897655,Grey Semisheer Crew Neck Tshirt,,,,,599,5.0,Tops,https://newme.asia/product/grey-semisheer-crew-neck-tshirt,upper wear
female_00334.webp,https://assets.newme.asia/wp-content/uploads/2026/06/25063152d2d77161/NM-IN-56-BLS-25-DEC-29424-BROWN(0).webp,10978636,Brown Round Neck Peplum Top,"Brown, Black",,,,899,4.0,Tops,https://newme.asia/product/brown-round-neck-peplum-top,upper wear
female_00335.webp,https://assets.newme.asia/wp-content/uploads/2026/04/21130251db818835/NM-PRC-345-TRS-26-MAR-32381-BLUE(0).webp,9892121,Blue Mid Rise Bootcut Pants,"Blue, Black",,,,799,4.7,Bottoms,https://newme.asia/product/blue-mid-rise-bootcut-pants,bottom wear
female_00336.webp,https://assets.newme.asia/wp-content/uploads/2026/03/30135752074bdadb/NM-PRC-438-TRS-26-MAR-32288-BROWN(1).webp,9882052,Brown High-Rise Tie-Dye Leggings,"Brown, Pink, Red",,,,1049,5.0,Bottoms,https://newme.asia/product/brown-high-rise-tie-dye-leggings,bottom wear
female_00337.webp,https://assets.newme.asia/wp-content/uploads/2025/08/220710136d0cb83d/NM-IN-56-SKT-24-NOV-11578-BLACK_(1).webp,7443200,Black Solid High Rise Trumpet Skirt,"Black, Grey, Darkbrown",,Solid,,799,4.8,Bottoms,https://newme.asia/product/black-solid-high-rise-trumpet-skirt,bottom wear
female_00338.webp,https://assets.newme.asia/wp-content/uploads/2026/03/301357228ae735d6/NM-PRC-443-SKO-26-MAR-32273-BEIGE(1).webp,9882127,Beige Mid Rise Wrap Skorts,,,,,1049,5.0,Bottoms,https://newme.asia/product/beige-mid-rise-wrap-skorts,bottom wear
female_00339.webp,https://assets.newme.asia/wp-content/uploads/2026/03/251145495868f875/NM-IN-56-TRS-26-JAN-29915-YELLOW(0).webp,9835772,Yellow Mid-Rise Wide Leg Pants,,Wide Leg,,,1349,4.5,Bottoms,https://newme.asia/product/yellow-mid-rise-wide-leg-pants,bottom wear
female_00340.webp,https://assets.newme.asia/wp-content/uploads/2026/06/261431565a44a99f/NM-PRC-464-SKT-26-JUN-34887-WHITE(1).webp,10996166,White Polka Dot Lace Midi Skirt,,,,,1299,4.5,Bottoms,https://newme.asia/product/white-polka-dot-lace-midi-skirt,bottom wear
female_00341.webp,https://assets.newme.asia/wp-content/uploads/2026/05/22083405af477380/NM-PRC-438-SHO-26-MAY-33624-BLACK(1).webp,10586692,Black High Rise Geometric Shorts,,,,,799,4.8,Bottoms,https://newme.asia/product/black-high-rise-geometric-shorts,bottom wear
female_00342.webp,https://assets.newme.asia/wp-content/uploads/2026/04/281031074b4b2afb/NM-IN-56-TRS-25-DEC-28327-WHITE(0).webp,10222552,White Striped Drawstring Balloon Pants,,,Striped,,849,5.0,Bottoms,https://newme.asia/product/white-striped-drawstring-balloon-pants-2,bottom wear
female_00343.webp,https://assets.newme.asia/wp-content/uploads/2026/04/18092408f353a4dd/NM-IN-56-TRS-25-DEC-27877-BLUE(0).webp,10062148,Multi-Colour Set Of 3 Mid-Rise Pants,,,,,1999,4.7,Bottoms,https://newme.asia/product/multi-colour-set-of-3-mid-rise-pants,bottom wear
female_00344.webp,https://assets.newme.asia/wp-content/uploads/2025/12/310716049ef652ca/NM-PRC-402-JNS-25-DEC-29423-DARKBLUE(1).webp,8879423,Dark Blue Mid Rise Wide Leg Jeans,,Wide Leg,,,1449,4.8,Bottoms,https://newme.asia/product/dark-blue-mid-rise-wide-leg-jeans-121,bottom wear
female_00345.webp,https://assets.newme.asia/wp-content/uploads/2026/04/180924021a23b131/NM-IN-56-SKT-25-DEC-29183-BLACK(0).webp,10062166,Black Rhinestone Mid-Rise Maxi Skirt,,,,,999,5.0,Bottoms,https://newme.asia/product/black-rhinestone-mid-rise-maxi-skirt,bottom wear
female_00346.webp,https://assets.newme.asia/wp-content/uploads/2026/03/251145400ca0ef50/NM-IN-56-SKT-25-DEC-29223-MAROON(0).webp,9835786,Maroon Polka Dot High-Rise Pants,,,,,1199,4.4,Bottoms,https://newme.asia/product/maroon-polka-dot-high-rise-pants,bottom wear
female_00347.webp,https://assets.newme.asia/wp-content/uploads/2026/05/111144401900e76b/NM-PRC-427-TRS-26-MAR-31593-LIGHTYELLOW(1).webp,10452165,Light Yellow Mid Rise Pleated Trousers,"Lightyellow, Green, Light Blue, Lightpink, Beige, Darkbrown",,,,1199,5.0,Bottoms,https://newme.asia/product/light-yellow-mid-rise-pleated-trousers,bottom wear
female_00348.webp,https://assets.newme.asia/wp-content/uploads/2026/05/2208231597533a08/NM-PRC-345-TRS-26-MAY-33665-BLUE(1).webp,10585043,Blue High-Rise Bootcut Pants,,,,,899,4.5,Bottoms,https://newme.asia/product/blue-high-rise-bootcut-pants-4,bottom wear
female_00349.webp,https://assets.newme.asia/wp-content/uploads/2026/07/101105060642afca/NM-PRC-455-TRS-26-JUN-34358-PINK(1).webp,10784740,Pink Leopard Print Flared Pants,,Flare,,,999,4.7,Bottoms,https://newme.asia/product/pink-leopard-print-flared-pants,bottom wear
female_00350.webp,https://assets.newme.asia/wp-content/uploads/2026/05/15091425c23aa678/NM-IN-56-TRS-25-DEC-29430-CREAM(0).webp,10493281,Cream Solid Wide-Leg Pants,,,Solid,,1249,4.5,Bottoms,https://newme.asia/product/cream-solid-wide-leg-pants-2,bottom wear
female_00351.webp,https://assets.newme.asia/wp-content/uploads/2025/07/301340068f619116/NM-PRC-25-TRS-25-MAR-14929-LIGHTGREY(1).webp,4890900,Light Grey Bootcut Fit Trackpant,,,,,799,4.8,Bottoms,https://newme.asia/product/light-grey-bootcut-fit-trackpant,bottom wear
female_00352.webp,https://assets.newme.asia/wp-content/uploads/2026/04/131242303ddf43db/NM-IN-56-SKT-26-JAN-29989-BLACK(0).webp,10013933,Black Colourblocked High Rise Mermaid Maxi Skirt,,,,,1149,4.4,Bottoms,https://newme.asia/product/black-colourblocked-high-rise-mermaid-maxi-skirt-2,bottom wear
female_00353.webp,https://assets.newme.asia/wp-content/uploads/2025/07/111356363d9f2697/NM-PRC-194-TRS-25-JUL-20741-BROWN(1).webp,7013099,Brown Solid High Rise Leggings,"Brown, White, Pink, Mauve",,Solid,,599,4.6,Bottoms,https://newme.asia/product/brown-solid-high-rise-leggings,bottom wear
female_00354.webp,https://assets.newme.asia/wp-content/uploads/2026/04/230635054a17eaa7/NM-IN-56-TRS-24-AUG-8481-BLACK(0).webp,3436222,Black Bow Detail Track Pants,"Black, Khaki",,,,1349,5.0,Bottoms,https://newme.asia/product/black-bow-detail-track-pants-2,bottom wear
female_00355.webp,https://assets.newme.asia/wp-content/uploads/2026/07/0706132221998d86/NM-PRC-408-TRS-26-JUN-34366-BEIGE(1).webp,10784734,Beige High-Rise Wrap Pants,,,,,1049,4.6,Bottoms,https://newme.asia/product/beige-high-rise-wrap-pants,bottom wear
female_00356.webp,https://assets.newme.asia/wp-content/uploads/2025/08/23112526e77cf135/NM-PRC-344-SHO-25-AUG-24053-PURPLE(1).webp,7455052,Lilac Solid High Rise Sports Shorts,,,Solid,,499,4.5,Bottoms,https://newme.asia/product/purple-solid-high-rise-sports-shorts,bottom wear
female_00357.webp,https://assets.newme.asia/wp-content/uploads/2025/08/16074006195c4b78/NM-PRC-343-TRS-25-AUG-23950-BLUE(1).webp,7393865,Blue Solid High Rise Leggings,"Blue, Lightpink, Grey, Lightbrown, Mauve, Lightgreen, Light Blue",,Solid,,699,4.8,Bottoms,https://newme.asia/product/blue-solid-high-rise-leggings-2,bottom wear
female_00358.webp,https://assets.newme.asia/wp-content/uploads/2025/05/18100154a982d794/NM-IN-56-SKT-25-MAR-16062-WHITE_(1).webp,6162248,White Solid Tiered Skirt,"White, Lilac",,Solid,,699,4.9,Bottoms,https://newme.asia/product/white-solid-tiered-skirt-2,bottom wear
female_00359.webp,https://assets.newme.asia/wp-content/uploads/2026/06/12065958b6f9b1aa/NM-PRC-461-TRS-26-JUN-34439-LIGHTBLUE(1).webp,10825713,Light Blue Mid-Rise Striped Pants,,,Striped,,949,4.6,Bottoms,https://newme.asia/product/light-blue-mid-rise-striped-pants-4,bottom wear
female_00360.webp,https://assets.newme.asia/wp-content/uploads/2025/05/18084608b4915545/NM-IN-56-SHO-25-MAR-16037-OLIVE_(1).webp,4942517,Olive Solid Paperbag Waist Shorts,,,Solid,,599,4.8,Bottoms,https://newme.asia/product/olive-solid-paperbag-waist-shorts,bottom wear
female_00361.webp,https://assets.newme.asia/wp-content/uploads/2025/08/16074003945a8ae0/NM-PRC-343-TRS-25-AUG-23950-GREY(1).webp,7393798,Grey Solid High Rise Leggings,"Grey, Lightpink, Blue, Lightbrown, Mauve, Lightgreen, Light Blue",,Solid,,699,5.0,Bottoms,https://newme.asia/product/grey-solid-high-rise-leggings-4,bottom wear
female_00362.webp,https://assets.newme.asia/wp-content/uploads/2026/03/1915362640de0e4a/NM-PRC-9998-TRS-26-MAR-31734-BLACK(1).webp,9759830,Black Paw Print High-Rise Pants,,,,,699,4.5,Bottoms,https://newme.asia/product/black-paw-print-high-rise-pants,bottom wear
female_00363.webp,https://assets.newme.asia/wp-content/uploads/2025/08/16074006d0bf9805/NM-PRC-343-TRS-25-AUG-23950-LIGHTBLUE(1).webp,7393854,Light Blue Solid High Rise Leggings,"Light Blue, Lightpink, Grey, Blue, Lightbrown, Mauve, Lightgreen",,Solid,,699,4.6,Bottoms,https://newme.asia/product/light-blue-solid-high-rise-leggings,bottom wear
female_00364.webp,https://assets.newme.asia/wp-content/uploads/2025/08/1607400238f8dfc0/NM-PRC-343-TRS-25-AUG-23950-MAUVE(1).webp,7393819,Mauve Solid High Rise Leggings,"Mauve, Lightpink, Grey, Blue, Lightbrown, Lightgreen, Light Blue",,Solid,,699,5.0,Bottoms,https://newme.asia/product/mauve-solid-high-rise-leggings-2,bottom wear
female_00365.webp,https://assets.newme.asia/wp-content/uploads/2026/04/16130810f68382e7/NM-PRC-374-SHO-26-JAN-29861-MAROON(1).webp,8971525,Wine High Rise Flared Shorts,,Flare,,,899,5.0,Bottoms,https://newme.asia/product/wine-high-rise-flared-shorts,bottom wear
female_00366.webp,https://assets.newme.asia/wp-content/uploads/2025/08/22070929e00bbbb7/NM-IN-56-TRS-24-SEP-9212-PINK_(1).webp,7443146,Pink Solid Mid Rise Tieup Detail Pants,"Pink, Turquoiseblue, Lightgreen, Black, Light Brown, Peach, Blue",,Solid,,799,5.0,Bottoms,https://newme.asia/product/pink-solid-mid-rise-tieup-detail-pants,bottom wear
female_00367.webp,https://assets.newme.asia/wp-content/uploads/2025/08/22070445b84152cb/NM-IN-56-TRS-23-DEC-411-PINK_(1).webp,7442941,Pink Solid Mid Rise Trousers,"Pink, Lightgreen, Black, Blue, Khaki",,Solid,,799,5.0,Bottoms,https://newme.asia/product/pink-solid-mid-rise-trousers,bottom wear
female_00368.webp,https://assets.newme.asia/wp-content/uploads/2025/08/160739582999c7bf/NM-PRC-343-TRS-25-AUG-23950-LIGHTGREEN(1).webp,7393884,Light Green Solid High Rise Leggings,"Lightgreen, Lightpink, Grey, Blue, Lightbrown, Mauve, Light Blue",,Solid,,699,4.5,Bottoms,https://newme.asia/product/light-green-solid-high-rise-leggings,bottom wear
female_00369.webp,https://assets.newme.asia/wp-content/uploads/2025/02/1306185284b53c18/NM-IN-56-SKT-24-JAN-322-GREY(1).webp,1197603,Drawstring Knot Pleated Mini Skirt,,,,,799,4.9,Bottoms,https://newme.asia/product/drawstring-knot-pleated-mini-skirt,bottom wear
female_00370.webp,https://assets.newme.asia/wp-content/uploads/2025/08/22070443b657406f/NM-IN-56-TRS-23-DEC-411-KHAKI_(1).webp,7442891,Khaki Solid Mid Rise Trousers,"Khaki, Lightgreen, Black, Blue, Pink",,Solid,,799,4.4,Bottoms,https://newme.asia/product/khaki-solid-mid-rise-trousers,bottom wear
female_00371.webp,https://assets.newme.asia/wp-content/uploads/2025/05/180958121e875beb/NM-IN-56-TRS-25-MAR-16063-BLUE_(1).webp,6162211,Blue Tie-up Detail Parallel Trouser,"Blue, Mint Green",,,,799,4.4,Bottoms,https://newme.asia/product/waist-tieup-detail-blue-parallel-trouser,bottom wear
female_00372.webp,https://assets.newme.asia/wp-content/uploads/2023/09/26095549/NM-IN-56-TRS-23-APR-220-BROWN-.webp,197712,Corduroy Straight Leg Pants,"Coral, Black, Purple, Green",Straight,,,1199,4.6,Bottoms,https://newme.asia/product/corduroy-straight-leg-pants-6,bottom wear
female_00373.webp,https://assets.newme.asia/wp-content/uploads/2026/03/25141239914de0e5/NM-PRC-428-TRS-26-MAR-32005-BLACK(1).webp,9837709,Black High-Rise Striped Bootcut Pants,,,Striped,,899,4.8,Bottoms,https://newme.asia/product/black-high-rise-striped-bootcut-pants-4,bottom wear
female_00374.webp,https://assets.newme.asia/wp-content/uploads/2025/08/2207044758428c6f/NM-IN-56-TRS-23-DEC-411-BLUE_(1).webp,7442923,Blue Solid Mid Rise Trousers,"Blue, Lightgreen, Black, Khaki, Pink",,Solid,,799,4.4,Bottoms,https://newme.asia/product/blue-solid-mid-rise-trousers,bottom wear
female_00375.webp,https://assets.newme.asia/wp-content/uploads/2026/06/1815163972f065a5/NM-PRC-9997-SKT-26-JUN-34675-WHITE(1).webp,10894109,White Polka Dot Midi Skirt,,,,,1399,4.6,Bottoms,https://newme.asia/product/white-polka-dot-midi-skirt,bottom wear
female_00376.webp,https://assets.newme.asia/wp-content/uploads/2025/08/16073959937df6b3/NM-PRC-343-TRS-25-AUG-23950-LIGHTPINK(1).webp,7393830,Light Pink Solid High Rise Leggings,"Lightpink, Grey, Blue, Lightbrown, Mauve, Lightgreen, Light Blue",,Solid,,699,4.4,Bottoms,https://newme.asia/product/light-pink-solid-high-rise-leggings,bottom wear
female_00377.webp,https://assets.newme.asia/wp-content/uploads/2025/05/18101623847b8ea2/NM-IN-56-SHO-25-APR-16264-OFFWHITE(1).webp,6302856,Floral Print Paperbag Shorts With Side Tieups,,,Floral,,699,5.0,Bottoms,https://newme.asia/product/floral-print-paperbag-shorts-with-side-tieups,bottom wear
female_00378.webp,https://assets.newme.asia/wp-content/uploads/2025/07/221224133887073f/NM-PRC-194-TRS-25-APR-18156-LIGHTBLUE(1).webp,6296344,Light Blue High Rise Leggings,,,,,799,4.5,Bottoms,https://newme.asia/product/light-blue-high-rise-leggings,bottom wear
female_00379.webp,https://assets.newme.asia/wp-content/uploads/2025/05/181001244034e769/NM-IN-56-SHO-25-MAR-16060-OFFWHITE(1).webp,6162242,Off White Solid Paperbag Waist Shorts,,,Solid,,749,5.0,Bottoms,https://newme.asia/product/off-white-solid-paperbag-waist-shorts,bottom wear
female_00380.webp,https://assets.newme.asia/wp-content/uploads/2025/05/18100055d80b4ce1/NM-IN-56-SKT-25-MAR-16062-LILAC_(1).webp,6162236,Lilac Solid Tiered Skirt,"Lilac, White",,Solid,,699,4.7,Bottoms,https://newme.asia/product/lilac-solid-tiered-skirt,bottom wear
female_00381.webp,https://assets.newme.asia/wp-content/uploads/2026/01/22113405bdbff18a/NM-PRC-374-SHO-26-JAN-29838-PINK(1).webp,8971532,Pink High Rise Paperbag Waist Shorts,,,,,799,4.8,Bottoms,https://newme.asia/product/pink-high-rise-paperbag-waist-shorts,bottom wear
female_00382.webp,https://assets.newme.asia/wp-content/uploads/2025/08/22070615f01880b3/NM-IN-56-TRS-24-SEP-9212-PEACH_(1).webp,7442909,Peach Solid Mid Rise Tieup Detail Pants,"Peach, Turquoiseblue, Pink, Lightgreen, Black, Light Brown, Blue",,Solid,,799,4.4,Bottoms,https://newme.asia/product/peach-solid-mid-rise-tieup-detail-pants,bottom wear
female_00383.webp,https://assets.newme.asia/wp-content/uploads/2025/08/16074310b1ac7c3f/NM-PRC-343-TRS-25-AUG-23951-LIGHTBLUE(1).webp,7393969,Light Blue Solid High Rise Leggings,"Light Blue, Dark Blue",,Solid,,799,4.4,Bottoms,https://newme.asia/product/light-blue-solid-high-rise-leggings-2,bottom wear
female_00384.webp,https://assets.newme.asia/wp-content/uploads/2025/08/160743103c199d31/NM-PRC-343-TRS-25-AUG-23951-DARKBLUE(1).webp,7393953,Dark Blue Solid High Rise Leggings,"Dark Blue, Light Blue",,Solid,,799,4.4,Bottoms,https://newme.asia/product/dark-blue-solid-high-rise-leggings-2,bottom wear
female_00385.webp,https://assets.newme.asia/wp-content/uploads/2022/08/25193036/NM-IN-50-SKT-22-JUL-7-RED-1.webp,12764,Slim Fit Short Skirt,,Slim,,,1039,3.5,Bottoms,https://newme.asia/product/slim-fit-short-skirt,bottom wear
female_00386.webp,https://assets.newme.asia/wp-content/uploads/2025/08/2813103383ea75a8/NM-PRC-146-TRS-25-AUG-21442-NAVYBLUE_(1).webp,7497424,Navy Blue Floral High Rise Trousers,,,Floral,,599,5.0,Bottoms,https://newme.asia/product/navy-blue-floral-high-rise-trousers,bottom wear
female_00387.webp,https://assets.newme.asia/wp-content/uploads/2025/08/2207060069aa0cb8/NM-IN-56-TRS-24-SEP-9212-BLUE_(1).webp,7443007,Blue Solid Mid Rise Tieup Detail Pants,"Blue, Turquoiseblue, Pink, Lightgreen, Black, Light Brown, Peach",,Solid,,799,5.0,Bottoms,https://newme.asia/product/blue-solid-mid-rise-tieup-detail-pants,bottom wear
female_00388.webp,https://assets.newme.asia/wp-content/uploads/2026/03/231449141173aead/NM-PRC-345-TRS-26-MAR-31911-BLACK(1).webp,9818787,Black High Rise Wide-Leg Pants,,,,,899,4.8,Bottoms,https://newme.asia/product/black-high-rise-wide-leg-pants-37,bottom wear
female_00389.webp,https://assets.newme.asia/wp-content/uploads/2024/09/2607261436897ae6/NM-PRC-12-TRS-24-SEP-9516-BLUE(1).webp,2885087,Greyish Blue Solid Wide Leg Trousers,,Wide Leg,Solid,,1199,4.0,Bottoms,https://newme.asia/product/greyish-blue-solid-wide-leg-trousers-2,bottom wear
female_00390.webp,https://assets.newme.asia/wp-content/uploads/2026/06/04151005d38bf104/NM-PRC-345-TRS-26-JUN-34334-BLACK(1).webp,10743358,Black Solid High Rise Bootcut Pants,,,Solid,,999,5.0,Bottoms,https://newme.asia/product/black-solid-high-rise-bootcut-pants-106,bottom wear
female_00391.webp,https://assets.newme.asia/wp-content/uploads/2025/08/21132637ec0a236b/NM-PRC-176-JNS-25-AUG-21403-DARKBLUE_(1).webp,7437488,Dark Blue Mid Rise Bootcut Jeans,,,,,1349,4.8,Bottoms,https://newme.asia/product/dark-blue-mid-rise-bootcut-jeans-2,bottom wear
female_00392.webp,https://assets.newme.asia/wp-content/uploads/2026/06/26144238579903da/NM-PRC-339-SKT-26-JUN-35057-BROWN(1).webp,10996464,Brown Ruched Mid Rise Mini Skirt,,,Ruched,,949,4.6,Bottoms,https://newme.asia/product/brown-ruched-mid-rise-mini-skirt,bottom wear
female_00393.webp,https://assets.newme.asia/wp-content/uploads/2025/06/30162748918a3946/NM-PRC-310-TRS-25-JUN-20224-WHITE(1).webp,6923639,White Tieup Wide Leg Pants,"White, Beige",Wide Leg,,,699,4.8,Bottoms,https://newme.asia/product/white-tieup-wide-leg-pants,bottom wear
female_00394.webp,https://assets.newme.asia/wp-content/uploads/2026/01/1309352962dd534a/NM-IN-56-TRS-25-AUG-23898-BLACK(1).webp,9058327,Black Solid High Rise Leggings,,,Solid,,499,4.9,Bottoms,https://newme.asia/product/black-solid-high-rise-leggings-301,bottom wear
female_00395.webp,https://assets.newme.asia/wp-content/uploads/2025/09/19132140ce81e660/NM-PRC-83-TRS-25-SEP-24879-BLACK(1).webp,7691577,Black High Rise Wide-Leg Pants,,,,,799,4.9,Bottoms,https://newme.asia/product/black-high-rise-wide-leg-pants,bottom wear
female_00396.webp,https://assets.newme.asia/wp-content/uploads/2025/10/2111115972eb0f9d/NM-PRC-310-TRS-25-JUN-20224-BEIGE(1).webp,6923719,Beige Tieup Wide Leg Pants,"Beige, White",Wide Leg,,,749,4.7,Bottoms,https://newme.asia/product/beige-tieup-wide-leg-pants,bottom wear
female_00397.webp,https://assets.newme.asia/wp-content/uploads/2025/05/18091420c759d692/NM-PRC-176-TRS-25-MAR-15385-LIGHTGREY(1).webp,5008831,Light Grey Solid Relaxed Trackpants,"Lightgrey, Black",Relaxed,Solid,,999,4.8,Bottoms,https://newme.asia/product/light-grey-solid-relaxed-trackpants,bottom wear
female_00398.webp,https://assets.newme.asia/wp-content/uploads/2026/03/05080315c7b5f521/NM-PRC-392-JNS-26-JAN-30689-BLACK(1).webp,9628250,Black High-Rise Wide-Leg Jeans,,,,,1399,4.8,Bottoms,https://newme.asia/product/black-high-rise-wide-leg-jeans-29,bottom wear
female_00399.webp,https://assets.newme.asia/wp-content/uploads/2026/03/2714174004397467/NM-PRC-442-SKO-26-MAR-32114-BLUE(1).webp,9855174,Blue Floral Wrap Mini Skorts,,,Floral,,649,4.8,Bottoms,https://newme.asia/product/blue-floral-wrap-mini-skorts,bottom wear
female_00400.webp,https://assets.newme.asia/wp-content/uploads/2026/05/081008587e6f339e/NM-IN-56-TRS-26-MAR-31593-LIGHTPINK(0).webp,10421164,Light Pink Mid Rise Pleated Trousers,"Lightpink, Lightyellow, Green, Light Blue, Beige, Darkbrown",,,,1149,4.9,Bottoms,https://newme.asia/product/light-pink-mid-rise-pleated-trousers-4,bottom wear
female_00401.webp,https://assets.newme.asia/wp-content/uploads/2025/12/31071413fe3c1651/NM-PRC-418-JNS-25-DEC-29387-LIGHTBLUE(1).webp,8879378,Light Blue High Wide Leg Slit Jeans,,Wide Leg,,,1449,4.9,Bottoms,https://newme.asia/product/light-blue-high-wide-leg-slit-jeans,bottom wear
female_00402.webp,https://assets.newme.asia/wp-content/uploads/2026/05/15121535040d923b/NM-PRC-345-TRS-26-MAY-33575-BLACK(1).webp,10496158,Black High-Rise Colour-Blocked Pants,,,,,1149,4.4,Bottoms,https://newme.asia/product/black-high-rise-colour-blocked-pants,bottom wear
female_00403.webp,https://assets.newme.asia/wp-content/uploads/2026/02/27132910e2aa4a59/NM-IN-56-JNS-26-FEB-22605-BLUE(0).webp,9577209,Blue Mid Rise Ripped Ombre Jeans,,,,,899,5.0,Bottoms,https://newme.asia/product/blue-mid-rise-ripped-ombre-jeans,bottom wear
female_00404.webp,https://assets.newme.asia/wp-content/uploads/2026/05/18073252923cf0b7/NM-PRC-446-TRS-26-APR-32621-BROWN(1).webp,9927398,Brown Leopard Print Mid Rise Pants,"Brown, Pink",,,,1049,5.0,Bottoms,https://newme.asia/product/brown-leopard-print-mid-rise-pants-16,bottom wear
female_00405.webp,https://assets.newme.asia/wp-content/uploads/2026/06/18150738a1f43c69/NM-PRC-446-TRS-26-JUN-34678-BLACK(1).webp,10893959,Black Mid Rise Cut-Out Pants,,,,,1249,4.7,Bottoms,https://newme.asia/product/black-mid-rise-cut-out-pants,bottom wear
female_00406.webp,https://assets.newme.asia/wp-content/uploads/2026/06/26143224aac7852e/NM-PRC-420-TRS-26-JUN-35040-BLACK(1).webp,10996262,Black High-Rise Lace Pants,"Black, White",,,,1149,4.6,Bottoms,https://newme.asia/product/black-high-rise-lace-pants-2,bottom wear
female_00407.webp,https://assets.newme.asia/wp-content/uploads/2026/01/221129130a385daa/NM-IN-56-TRS-25-NOV-26037-OFFWHITE(1).webp,9178886,Off White Solid High Rise Trousers,,,Solid,,849,5.0,Bottoms,https://newme.asia/product/off-white-solid-high-rise-trousers,bottom wear
female_00408.webp,https://assets.newme.asia/wp-content/uploads/2025/08/081413235e80f742/NM-PRC-94-TRS-25-AUG-23597-BLACK(1).webp,7327668,Black Solid High Rise Pleated Trousers,,,Solid,,1349,5.0,Bottoms,https://newme.asia/product/black-solid-high-rise-pleated-trousers,bottom wear
female_00409.webp,https://assets.newme.asia/wp-content/uploads/2026/06/04150006e9861bdb/NM-PRC-9997-JNS-26-JUN-34229-LIGHTBLUE(1).webp,10743293,Light Blue High-Rise Jeans,,,,,1549,4.5,Bottoms,https://newme.asia/product/light-blue-high-rise-jeans-16,bottom wear
female_00410.webp,https://assets.newme.asia/wp-content/uploads/2026/04/131242132d8cbe86/NM-IN-56-SHO-26-JAN-30304-CREAM(0).webp,10013958,Multi-Color Mid-Rise Set Of 3 Shorts,,,,,949,5.0,Bottoms,https://newme.asia/product/multi-color-mid-rise-set-of-3-shorts-2,bottom wear
female_00411.webp,https://assets.newme.asia/wp-content/uploads/2025/10/030705420d5c2251/NM-IN-56-TRS-23-APR-223-BLACK(1).webp,797960,Drawstring Casual Trousers,"Light Blue, Green, Dark Grey",,,,799,4.7,Bottoms,https://newme.asia/product/drawstring-casual-trousers-11,bottom wear
female_00412.webp,https://assets.newme.asia/wp-content/uploads/2025/09/23125646f8866c1c/NM-IN-56-JNS-25-AUG-21327-BLUE_(1).webp,7726139,Blue Solid Mid Rise Wide Leg Jeans,,Wide Leg,Solid,,949,4.8,Bottoms,https://newme.asia/product/blue-solid-mid-rise-wide-leg-jeans-16,bottom wear
female_00413.webp,https://assets.newme.asia/wp-content/uploads/2026/03/06065315bbabdcda/NM-PRC-345-TRS-26-FEB-30811-BLACK(1).webp,9637019,Black Solid High-Rise Leggings,,,Solid,,599,4.9,Bottoms,https://newme.asia/product/black-solid-high-rise-leggings-436,bottom wear
female_00414.webp,https://assets.newme.asia/wp-content/uploads/2026/05/1111444621606c73/NM-PRC-427-TRS-26-MAR-31593-GREEN(1).webp,10452201,Green Mid Rise Pleated Trousers,"Green, Lightyellow, Light Blue, Lightpink, Beige, Darkbrown",,,,1149,5.0,Bottoms,https://newme.asia/product/green-mid-rise-pleated-trousers,bottom wear
female_00415.webp,https://assets.newme.asia/wp-content/uploads/2024/01/04091115/NM-IN-56-SKT-24-JAN-285-BLUE-1.webp,986852,Frayed Hem Wrap Denim Skirt,,,Denim,Denim,699,4.8,Bottoms,https://newme.asia/product/frayed-hem-wrap-denim-skirt,bottom wear
female_00416.webp,https://assets.newme.asia/wp-content/uploads/2025/07/22173558df3d8b53/NM-PRC-194-SHO-25-MAY-18642-ROSE(1).webp,6398351,Highrise Pink Drawstring Micro Mini Shorts,,,,,799,4.9,Bottoms,https://newme.asia/product/highrise-pink-drawstring-shorts,bottom wear
female_00417.webp,https://assets.newme.asia/wp-content/uploads/2026/01/02152853c098b756/NM-PRC-345-TRS-26-JAN-29630-BROWN(1).webp,8920837,Brown High-Rise Bootcut Trousers,"Brown, Black",,,,799,4.8,Bottoms,https://newme.asia/product/brown-high-rise-bootcut-trousers,bottom wear
female_00418.webp,https://assets.newme.asia/wp-content/uploads/2026/06/041501000da411bc/NM-PRC-446-TRS-26-JUN-34300-BLACK(1).webp,10743312,Black Mid-Rise Studded Pants,,,,,1249,4.5,Bottoms,https://newme.asia/product/black-mid-rise-studded-pants,bottom wear
female_00419.webp,https://assets.newme.asia/wp-content/uploads/2026/06/260713394708690c/NM-PRC-9997-JNS-26-JUN-34216-LIGHTBLUE(1).webp,10752253,Light Blue Solid Mid Rise Jeans,,,Solid,,1699,5.0,Bottoms,https://newme.asia/product/light-blue-solid-mid-rise-jeans-2,bottom wear
female_00420.webp,https://assets.newme.asia/wp-content/uploads/2026/05/22082306b55f116d/NM-PRC-380-TRS-26-MAY-33660-BROWN(1).webp,10585098,Brown Striped Drawstring Trousers,,,Striped,,1099,4.8,Bottoms,https://newme.asia/product/brown-striped-drawstring-trousers,bottom wear
female_00421.webp,https://assets.newme.asia/wp-content/uploads/2026/03/25141240d2ea7a09/NM-PRC-428-SHO-26-MAR-32006-BLACK(1).webp,9837728,Black Ruched Mid-Rise Shorts,,,Ruched,,599,4.8,Bottoms,https://newme.asia/product/black-ruched-mid-rise-shorts,bottom wear
female_00422.webp,https://assets.newme.asia/wp-content/uploads/2026/01/15100040ceeeee76/NM-IN-56-TRS-25-NOV-26734-BLACK(1).webp,9084622,Black High Rise Bootcut Trousers,,,,,799,4.9,Bottoms,https://newme.asia/product/black-high-rise-bootcut-trousers-4,bottom wear
female_00423.webp,https://assets.newme.asia/wp-content/uploads/2026/03/1110541658eb6a64/NM-PRC-427-TRS-26-FEB-31189-BLACK(1).webp,9687576,Black Colour-Blocked Mid-Rise Pants,"Black, Beige",,,,1249,5.0,Bottoms,https://newme.asia/product/black-colour-blocked-mid-rise-pants,bottom wear
female_00424.webp,https://assets.newme.asia/wp-content/uploads/2026/03/06065316884a22b6/NM-PRC-345-TRS-26-FEB-30809-BLACK(1).webp,9637009,Black High Rise Bootcut Leggings,,,,,849,4.8,Bottoms,https://newme.asia/product/black-high-rise-bootcut-leggings-37,bottom wear
female_00425.webp,https://assets.newme.asia/wp-content/uploads/2026/03/121333007f34ab93/NM-PRC-356-SHO-26-FEB-31426-LIGHTBLUE(1).webp,9697531,Light Blue High Rise Ripped Denim Shorts,,,Denim,Denim,1249,5.0,Bottoms,https://newme.asia/product/light-blue-high-rise-ripped-denim-shorts-2,bottom wear
female_00426.webp,https://assets.newme.asia/wp-content/uploads/2026/03/1715264619f2d5a5/NM-PRC-427-SKT-26-MAR-31647-LIGHTGREY(1).webp,9742001,Light Grey High Rise Pleated Skirt,,,,,1249,4.7,Bottoms,https://newme.asia/product/light-grey-high-rise-pleated-skirt,bottom wear
female_00427.webp,https://assets.newme.asia/wp-content/uploads/2025/07/301414221b3d994e/NM-PRC-84-SKT-25-JUL-23448-BROWN(1).webp,7253138,Brown Animal Print Ruffled Midi Skirt,,,,,1099,4.9,Bottoms,https://newme.asia/product/brown-animal-print-ruffled-midi-skirt,bottom wear
female_00428.webp,https://assets.newme.asia/wp-content/uploads/2026/06/04150051525c250a/NM-PRC-345-TRS-26-MAY-34045-GREY(1).webp,10743209,Grey High Rise Leggings,"Grey, Dark Blue",,,,949,4.7,Bottoms,https://newme.asia/product/grey-high-rise-leggings,bottom wear
female_00429.webp,https://assets.newme.asia/wp-content/uploads/2025/11/12053224c56f25b5/NM-PRC-346-TRS-25-NOV-26513-DARKGREY(1).webp,8187938,Grey Mid Rise Wrap Formal Pants,,,,,1399,5.0,Bottoms,https://newme.asia/product/grey-mid-rise-wrap-formal-pants,bottom wear
female_00430.webp,https://assets.newme.asia/wp-content/uploads/2026/05/151214317667e05f/NM-PRC-383-TRS-26-MAY-33551-BLACK(1).webp,10496140,Black Solid High Rise Bootcut Trousers,,,Solid,,899,5.0,Bottoms,https://newme.asia/product/black-solid-high-rise-bootcut-trousers-4,bottom wear
female_00431.webp,https://assets.newme.asia/wp-content/uploads/2026/04/28103106f035da01/NM-IN-56-SKT-25-JUL-20596-BLACK(0).webp,10222564,Black Tiered Ruffle Mini Skirt,,,,,749,4.9,Bottoms,https://newme.asia/product/black-tiered-ruffle-mini-skirt-22,bottom wear
female_00432.webp,https://assets.newme.asia/wp-content/uploads/2026/04/04114021466e2c19/NM-PRC-313-SKT-26-APR-32627-OFFWHITE(1).webp,9927491,Off White Tiered Mid Rise Skirt,,,,,1199,4.8,Bottoms,https://newme.asia/product/off-white-tiered-mid-rise-skirt,bottom wear
female_00433.webp,https://assets.newme.asia/wp-content/uploads/2025/01/1010514099374c75/NM-IN-50-SKT-24-JAN-324-WHITE(1)_exp.webp,1197507,Solid Ruched A-Line Skirt,"White, Brown",,Ruched,,599,4.8,Bottoms,https://newme.asia/product/solid-gathered-aline-skirt,bottom wear
female_00434.webp,https://assets.newme.asia/wp-content/uploads/2026/06/18150739d83b9edd/NM-PRC-446-TRS-26-JUN-34679-LIGHTBLUE(1).webp,10893954,Light Blue High-Rise Striped Pants,,,Striped,,1349,4.4,Bottoms,https://newme.asia/product/light-blue-high-rise-striped-pants-2,bottom wear
female_00435.webp,https://assets.newme.asia/wp-content/uploads/2026/06/26143142ed48b485/NM-PRC-467-SKT-26-JUN-35024-BEIGE(1).webp,10996241,Beige Solid Mid Rise Maxi Skirt,,,Solid,,1249,4.6,Bottoms,https://newme.asia/product/beige-solid-mid-rise-maxi-skirt-2,bottom wear
female_00436.webp,https://assets.newme.asia/wp-content/uploads/2026/05/261335269fed1e90/NM-IN-56-TRS-26-MAR-31679-BLACK(0).webp,10631503,Black Gingham Wide Leg Pants,,Wide Leg,,,949,5.0,Bottoms,https://newme.asia/product/black-gingham-wide-leg-pants-2,bottom wear
female_00437.webp,https://assets.newme.asia/wp-content/uploads/2026/03/3114202706de46c4/NM-PRC-94-TRS-26-MAR-32392-BLACK(1).webp,9892311,Black Mid Rise Striped Pants,,,Striped,,1049,4.7,Bottoms,https://newme.asia/product/black-mid-rise-striped-pants-2,bottom wear
female_00438.webp,https://assets.newme.asia/wp-content/uploads/2026/01/071539182760ff45/NM-PRC-68-SHO-25-NOV-26641-BROWN(1).webp,8984884,Brown Leopard Print Mid Rise Shorts,,,,,899,4.8,Bottoms,https://newme.asia/product/brown-leopard-print-mid-rise-shorts,bottom wear
female_00439.webp,https://assets.newme.asia/wp-content/uploads/2026/03/070724445a168755/NM-PRC-427-TRS-26-FEB-30908-WHITE(1).webp,9647519,White Solid High Rise Trousers Without Belt,,,Solid,,1349,4.8,Bottoms,https://newme.asia/product/white-solid-high-rise-trousers,bottom wear
female_00440.webp,https://assets.newme.asia/wp-content/uploads/2025/08/04075039a707b92e/NM-PRC-176-TRS-25-MAR-15385-BLACK(1).webp,5008812,Black Solid Relaxed Trackpants,"Black, Lightgrey",Relaxed,Solid,,949,4.8,Bottoms,https://newme.asia/product/black-solid-relaxed-trackpants,bottom wear
female_00441.webp,https://assets.newme.asia/wp-content/uploads/2026/06/041510035df8dcda/NM-PRC-345-TRS-26-MAY-33453-DARKBLUE(1).webp,10743352,Dark Blue High-Rise Leggings,"Dark Blue, Grey",,,,899,4.8,Bottoms,https://newme.asia/product/dark-blue-high-rise-leggings-7,bottom wear
female_00442.webp,https://assets.newme.asia/wp-content/uploads/2026/05/15122516218bd98c/NM-PRC-417-TRS-26-MAY-33587-BLACK(1).webp,10496224,Black High-Rise Lace Pants,,,,,1149,5.0,Bottoms,https://newme.asia/product/black-high-rise-lace-pants,bottom wear
female_00443.webp,https://assets.newme.asia/wp-content/uploads/2025/10/221510157cc9f75f/NM-PRC-313-TRS-25-OCT-25656-OFFWHITE(1).webp,7965588,Off White Pleated Wide Leg Formal Pants,,Wide Leg,,,1299,5.0,Bottoms,https://newme.asia/product/off-white-pleated-wide-leg-formal-pants,bottom wear
female_00444.webp,https://assets.newme.asia/wp-content/uploads/2025/09/29100703f142c4e9/NM-PRC-310-TRS-25-SEP-25052-BROWN(1).webp,7783455,Brown Mid Rise Wide Leg Pants,,Wide Leg,,,1349,4.8,Bottoms,https://newme.asia/product/brown-mid-rise-wide-leg-pants,bottom wear
female_00445.webp,https://assets.newme.asia/wp-content/uploads/2025/06/281251128e4d34b6/NM-PRC-194-SKO-25-JUN-20120-GREY(1).webp,6897481,Grey Striped Mini Aline Skort,,,Striped,,799,5.0,Bottoms,https://newme.asia/product/grey-striped-mini-aline-skort,bottom wear
female_00446.webp,https://assets.newme.asia/wp-content/uploads/2025/07/21145719762f6764/NM-IN-56-TRS-23-APR-223-LTBLUE(1).webp,798026,Drawstring Casual Trousers,"Light Blue, Green, Dark Grey",,,,749,4.8,Bottoms,https://newme.asia/product/drawstring-casual-trousers-13,bottom wear
female_00447.webp,https://assets.newme.asia/wp-content/uploads/2025/01/21122409c0af9f49/NM-IN-120-SKT-23-DEC-254-LTBLUE(1).webp,912017,Denim Asymmetric Slit Midi Skirt,,,Denim,Denim,849,4.5,Bottoms,https://newme.asia/product/denim-asymmetric-slit-midi-skirt,bottom wear
female_00448.webp,https://assets.newme.asia/wp-content/uploads/2026/05/2208331263fc7eb5/NM-PRC-417-TRS-26-MAY-33890-DARKBLUE(1).webp,10586718,Dark Blue Mid Rise Trousers,,,,,1249,4.4,Bottoms,https://newme.asia/product/dark-blue-mid-rise-trousers,bottom wear
female_00449.webp,https://assets.newme.asia/wp-content/uploads/2026/06/26071236e67c350a/NM-PRC-9998-TRS-26-MAR-32335-BEIGE(1).webp,9889571,Beige High Rise Pleated Pants,"Beige, Burgundy",,,,1249,4.8,Bottoms,https://newme.asia/product/beige-high-rise-pleated-pants-4,bottom wear
female_00450.webp,https://assets.newme.asia/wp-content/uploads/2026/07/0606415894c77c87/NM-PRC-193-SKT-26-JUL-22793-WHITE(0).webp,11100596,White Sequined Mid Rise Mini Skirt,,,,,899,4.6,Bottoms,https://newme.asia/product/white-sequined-mid-rise-mini-skirt,bottom wear
female_00451.webp,https://assets.newme.asia/wp-content/uploads/2026/05/291655594e009ac9/NM-PRC-425-SKO-26-MAY-34002-BLACK(1).webp,10681724,Black Floral Infusion Wrap Skorts,,,Floral,,949,4.7,Bottoms,https://newme.asia/product/black-floral-infusion-wrap-skorts,bottom wear
female_00452.webp,https://assets.newme.asia/wp-content/uploads/2023/04/27110947/NM-PRC-80-TRS-23-APR-223-BEIGE-1.webp,213185,Drawstring Casual Trousers,"Light Blue, Green, Dark Grey",,,,599,5.0,Bottoms,https://newme.asia/product/drawstring-casual-trousers-7,bottom wear
female_00453.webp,https://assets.newme.asia/wp-content/uploads/2026/05/0810085682709d87/NM-IN-56-SKT-25-JUL-23424-YELLOW(0).webp,10421176,Yellow Gingham Aline Maxi Skirt,,,,,799,4.9,Bottoms,https://newme.asia/product/yellow-gingham-aline-maxi-skirt-4,bottom wear
female_00454.webp,https://assets.newme.asia/wp-content/uploads/2026/03/18091905a418cb29/NM-IN-56-SKT-26-FEB-22595-BLUE(0).webp,9640928,Blue Ethnic Printed Draped Maxi Skirt,,,Printed,,799,4.6,Bottoms,https://newme.asia/product/blue-ethnic-printed-draped-maxi-skirt,bottom wear
female_00455.webp,https://assets.newme.asia/wp-content/uploads/2025/11/14143607fdad3cdf/NM-PRC-356-SKT-25-NOV-26617-BLACK(1).webp,8217577,Black Pu Slit Bodycon Skirt,,Bodycon,,,899,4.9,Bottoms,https://newme.asia/product/black-pu-slit-bodycon-skirt,bottom wear
female_00456.webp,https://assets.newme.asia/wp-content/uploads/2025/12/291614380f12b2ec/NM-PRC-356-SKT-25-DEC-29230-LIGHTBLUE(1).webp,8856329,Light Blue Frayed Hem Mini Denim Skirt,"Light Blue, Dark Blue, Black",,Denim,Denim,1249,5.0,Bottoms,https://newme.asia/product/light-blue-frayed-hem-mini-denim-skirt,bottom wear
female_00457.webp,https://assets.newme.asia/wp-content/uploads/2025/12/2410573238358929/NM-PRC-356-SKT-25-DEC-29006-LIGHTGREEN(1).webp,8781257,Light Green Embroidered Floral Mini Skirt,"Lightgreen, Black, White, Blue, Pink",,Floral,,999,4.8,Bottoms,https://newme.asia/product/light-green-embroidered-floral-mini-skirt,bottom wear
female_00458.webp,https://assets.newme.asia/wp-content/uploads/2025/07/111356332bb88df1/NM-PRC-194-TRS-25-JUL-20741-WHITE(1).webp,7013043,White Solid High Rise Leggings,"White, Pink, Mauve, Brown",,Solid,,599,4.8,Bottoms,https://newme.asia/product/white-solid-high-rise-leggings,bottom wear
female_00459.webp,https://assets.newme.asia/wp-content/uploads/2026/04/07135843d6f917b6/NM-PRC-12-SKT-26-APR-32736-BEIGE(1).webp,9957221,Beige Solid Wrap Mini Skirt,,,Solid,,899,5.0,Bottoms,https://newme.asia/product/beige-solid-wrap-mini-skirt,bottom wear
female_00460.webp,https://assets.newme.asia/wp-content/uploads/2026/03/311420034bd49bee/NM-PRC-446-TRS-26-MAR-32387-BLACK(1).webp,9892324,Black Low Rise Leopard Flare Pants,,Flare,,,999,5.0,Bottoms,https://newme.asia/product/black-low-rise-leopard-flare-pants,bottom wear
female_00461.webp,https://assets.newme.asia/wp-content/uploads/2026/03/231448222767c49b/NM-PRC-336-TRS-26-MAR-31897-BLACK(1).webp,9818831,Black High Rise Textured Leggings,,,,,799,5.0,Bottoms,https://newme.asia/product/black-high-rise-textured-leggings,bottom wear
female_00462.webp,https://assets.newme.asia/wp-content/uploads/2026/04/04114022fc98d779/NM-PRC-438-TRS-26-APR-32628-BLACK(1).webp,9927503,Black Ripped High-Rise Leggings,"Black, Darkgreen, Wine, Brown",,,,699,4.7,Bottoms,https://newme.asia/product/black-ripped-high-rise-leggings,bottom wear
female_00463.webp,https://assets.newme.asia/wp-content/uploads/2025/12/11161738e05ecab6/NM-PRC-68-SKT-25-DEC-28306-LIGHTPINK(1).webp,8600143,Light Pink Sequin Mini Skirt,,,,,899,5.0,Bottoms,https://newme.asia/product/light-pink-sequin-mini-skirt,bottom wear
female_00464.webp,https://assets.newme.asia/wp-content/uploads/2025/08/21132626334e05cb/NM-PRC-176-JNS-25-AUG-21399-BLUE_(1).webp,7437496,Blue High Rise Embroidered Bootcut Jeans,,,,,1699,4.8,Bottoms,https://newme.asia/product/blue-high-rise-embroidered-bootcut-jeans,bottom wear
female_00465.webp,https://assets.newme.asia/wp-content/uploads/2026/06/1815053531b74dd6/NM-PRC-9997-TRS-26-JUN-34669-BLACK(1).webp,10893904,Black Solid Mid Rise Balloon Pants,"Black, Off White",,Solid,,1249,4.8,Bottoms,https://newme.asia/product/black-solid-mid-rise-balloon-pants,bottom wear
female_00466.webp,https://assets.newme.asia/wp-content/uploads/2026/05/15122515d3cfb138/NM-PRC-427-TRS-26-MAY-33581-WHITE(1).webp,10496213,White Embroidered Mid-Rise Pants,,,,,1049,5.0,Bottoms,https://newme.asia/product/white-embroidered-mid-rise-pants,bottom wear
female_00467.webp,https://assets.newme.asia/wp-content/uploads/2025/05/181210008fff2ab1/NM-PRC-84-SKT-25-MAY-18749-WHITE(1).webp,6419822,White Floral Draped Mermaid Skirt,,,Floral,,1149,4.8,Bottoms,https://newme.asia/product/white-floral-draped-mermaid-skirt,bottom wear
female_00468.webp,https://assets.newme.asia/wp-content/uploads/2025/07/21170751701e2f28/NM-IN-56-SKT-24-NOV-10994-GREEN_(1).webp,3664736,Green Mermaid Hem Satin Maxi Skirt,,,,Satin,649,4.8,Bottoms,https://newme.asia/product/green-mermaid-hem-satin-maxi-skirt,bottom wear
female_00469.webp,https://assets.newme.asia/wp-content/uploads/2026/04/30100547ce881a1e/NM-PRC-9998-JNS-26-APR-33174-BLACK(1).webp,10241625,Black Rhinestone Studded Mid-Rise Jeans,,,,,1449,4.8,Bottoms,https://newme.asia/product/black-rhinestone-studded-mid-rise-jeans,bottom wear
female_00470.webp,https://assets.newme.asia/wp-content/uploads/2026/04/011400287477a23c/NM-PRC-427-SKT-26-APR-32419-WHITE(1).webp,9902631,White Lace-Insert High-Rise Midi Skirt,,,,,1149,5.0,Bottoms,https://newme.asia/product/white-lace-insert-high-rise-midi-skirt,bottom wear
female_00471.webp,https://assets.newme.asia/wp-content/uploads/2026/03/26104306b4569270/NM-IN-56-TRS-26-MAR-22614-LIGHTBLUE(0).webp,9843900,Light Blue Gingham Print Trousers,,,,,949,5.0,Bottoms,https://newme.asia/product/light-blue-gingham-print-trousers,bottom wear
female_00472.webp,https://assets.newme.asia/wp-content/uploads/2026/03/121332199e7c4c41/NM-PRC-356-SKT-26-FEB-31293-BLACK(1).webp,9697564,Black Solid Wrap Mini Skirt,,,Solid,,899,5.0,Bottoms,https://newme.asia/product/black-solid-wrap-mini-skirt,bottom wear
female_00473.webp,https://assets.newme.asia/wp-content/uploads/2025/07/232042067dada216/NM-IN-56-TRS-25-APR-12506-BEIGE(1).webp,6229348,Beige Regular Sweatpants,"Beige, Mint Green, Brown",Regular,,,849,4.9,Bottoms,https://newme.asia/product/beige-regular-sweatpants,bottom wear
female_00474.webp,https://assets.newme.asia/wp-content/uploads/2026/05/22082416c042e1d5/NM-PRC-438-TRS-26-MAY-33771-BLACK(1).webp,10585054,Black High-Rise Geometric Leggings,,,,,949,4.8,Bottoms,https://newme.asia/product/black-high-rise-geometric-leggings-2,bottom wear
female_00475.webp,https://assets.newme.asia/wp-content/uploads/2026/04/0914055558439f76/NM-PRC-313-TRS-26-APR-32850-CREAM(1).webp,9978658,Cream Solid Mid Rise Trousers,,,Solid,,1349,5.0,Bottoms,https://newme.asia/product/cream-solid-mid-rise-trousers,bottom wear
female_00476.webp,https://assets.newme.asia/wp-content/uploads/2026/03/181344162e35692d/NM-PRC-345-TRS-26-MAR-31671-BLACK(1).webp,9750356,Black Mid Rise Striped Pants,,,Striped,,999,4.7,Bottoms,https://newme.asia/product/black-mid-rise-striped-pants,bottom wear
female_00477.webp,https://assets.newme.asia/wp-content/uploads/2025/12/16142145728efffd/NM-PRC-356-SHO-25-DEC-28511-LIGHTBLUE(1).webp,8669719,Light Blue Solid Ripped Denim Shorts,,,Solid,Denim,1149,5.0,Bottoms,https://newme.asia/product/light-blue-solid-ripped-denim-shorts,bottom wear
female_00478.webp,https://assets.newme.asia/wp-content/uploads/2025/07/22172125a2bad025/NM-IN-56-SKT-24-NOV-11577-BROWN(1).webp,4939084,Brown Leopard Print Trumpet Skirt,,,,,1049,4.9,Bottoms,https://newme.asia/product/brown-leopard-print-trumpet-skirt-2,bottom wear
female_00479.webp,https://assets.newme.asia/wp-content/uploads/2023/11/28095551/NM-IN-56-TRS-23-APR-223-DKGREY-1.webp,798001,Drawstring Casual Trousers,"Dark Grey, Light Blue, Green",,,,749,4.8,Bottoms,https://newme.asia/product/drawstring-casual-trousers-12,bottom wear
female_00480.webp,https://assets.newme.asia/wp-content/uploads/2026/06/26143245dda8ed83/NM-PRC-455-SKT-26-JUN-35041-WHITE(1).webp,10996210,White Polka Dot Mid Rise Skirt,,,,,949,4.5,Bottoms,https://newme.asia/product/white-polka-dot-mid-rise-skirt,bottom wear
female_00481.webp,https://assets.newme.asia/wp-content/uploads/2026/06/04150024a1c8f158/NM-PRC-345-TRS-26-JUN-34243-BLACK(1).webp,10743250,Black High-Rise Bootcut Pants,"Black, Blue",,,,949,4.8,Bottoms,https://newme.asia/product/black-high-rise-bootcut-pants-92,bottom wear
female_00482.webp,https://assets.newme.asia/wp-content/uploads/2026/05/22082422c25338ac/NM-PRC-345-TRS-26-MAY-33799-RED(1).webp,10585093,Red Striped Mid-Rise Pants,,,Striped,,1049,4.5,Bottoms,https://newme.asia/product/red-striped-mid-rise-pants,bottom wear
female_00483.webp,https://assets.newme.asia/wp-content/uploads/2026/04/24055419f39dc048/NM-IN-54-SKT-26-MAR-31491-BLACK(0).webp,10132869,Black Mid Rise Sequin Wrap Skirt,"Black, Lightgreen, White, Blue, Pink",,,,699,5.0,Bottoms,https://newme.asia/product/black-mid-rise-sequin-wrap-skirt,bottom wear
female_00484.webp,https://assets.newme.asia/wp-content/uploads/2026/03/301356201410eb4e/NM-PRC-376-TRS-26-MAR-32263-BLACK(1).webp,9882078,Black Geometric Mid Rise Pants,,,,,849,4.7,Bottoms,https://newme.asia/product/black-geometric-mid-rise-pants,bottom wear
female_00485.webp,https://assets.newme.asia/wp-content/uploads/2026/05/14083134cc53b7cf/NM-PRC-417-TRS-26-FEB-30914-KHAKI(1).webp,10452306,Khaki Solid Mid-Rise Pants,,,Solid,,1249,4.5,Bottoms,https://newme.asia/product/khaki-solid-mid-rise-pants,bottom wear
female_00486.webp,https://assets.newme.asia/wp-content/uploads/2026/03/25141245605676eb/NM-PRC-428-TRS-26-MAR-32007-WHITE(1).webp,9837715,White Striped Mid-Rise Pants,,,Striped,,999,5.0,Bottoms,https://newme.asia/product/white-striped-mid-rise-pants-2,bottom wear
female_00487.webp,https://assets.newme.asia/wp-content/uploads/2026/01/100601140620127a/NM-PRC-345-TRS-26-JAN-30206-NAVY(1).webp,9015891,Multicolor Set Of 2 Pants,,,,,1499,4.6,Bottoms,https://newme.asia/product/multicolor-set-of-2-pants,bottom wear
female_00488.webp,https://assets.newme.asia/wp-content/uploads/2025/11/14144118ae380562/NM-PRC-392-JNS-25-NOV-26687-DARKBLUE(1).webp,8217717,Dark Blue High Rise Wide Leg Jeans,,Wide Leg,,,1699,4.7,Bottoms,https://newme.asia/product/dark-blue-high-rise-wide-leg-jeans-121,bottom wear
female_00489.webp,https://assets.newme.asia/wp-content/uploads/2025/10/06142415b4e2db67/NM-PRC-356-JNS-25-OCT-25206-LIGHTBLUE(1).webp,7834704,Light Blue High Rise Ripped Jeans,,,,,1699,4.9,Bottoms,https://newme.asia/product/light-blue-high-rise-ripped-jeans-7,bottom wear
female_00490.webp,https://assets.newme.asia/wp-content/uploads/2025/11/09113601b98922d6/NM-PRC-313-SKT-25-NOV-26378-BROWN(1).webp,8160703,Brown Tiered A-Line Maxi Skirt,,,,,1199,4.7,Bottoms,https://newme.asia/product/brown-tiered-a-line-maxi-skirt,bottom wear
female_00491.webp,https://assets.newme.asia/wp-content/uploads/2025/10/240701473f839b54/NM-IN-56-TRS-25-MAR-15400-LIGHTPINK(1).webp,7979372,Light Pink Bootcut Fit Trackpants,"Lightpink, Black, Off White",,,,799,4.9,Bottoms,https://newme.asia/product/light-pink-bootcut-fit-trackpants,bottom wear
female_00492.webp,https://assets.newme.asia/wp-content/uploads/2026/06/120659565ce577d5/NM-PRC-461-TRS-26-JUN-34438-BLACK(1).webp,10825696,Multi-Colour Set Of 3 High-Rise Pants,,,,,1999,4.6,Bottoms,https://newme.asia/product/multi-colour-set-of-3-high-rise-pants,bottom wear
female_00493.webp,https://assets.newme.asia/wp-content/uploads/2026/05/151215119b96dd8f/NM-PRC-313-TRS-26-MAR-31535-PINK(1).webp,10496163,Pink Embroidered High-Rise Pants,"Pink, Off White",,,,1299,5.0,Bottoms,https://newme.asia/product/pink-embroidered-high-rise-pants,bottom wear
female_00494.webp,https://assets.newme.asia/wp-content/uploads/2026/06/26143218e9b778d3/NM-PRC-345-TRS-26-JUN-35065-BLUE(1).webp,10996220,Blue High Rise Bootcut Jeans,,,,,949,4.7,Bottoms,https://newme.asia/product/blue-high-rise-bootcut-jeans-22,bottom wear
female_00495.webp,https://assets.newme.asia/wp-content/uploads/2025/10/24070146d2b563f3/NM-IN-56-TRS-25-APR-17284-BEIGE(1).webp,7979378,Beige Stripes High Rise Trackpants,"Beige, Lightgrey, Black",,,,799,4.8,Bottoms,https://newme.asia/product/beige-stripes-high-rise-trackpants-2,bottom wear
female_00496.webp,https://assets.newme.asia/wp-content/uploads/2025/12/1815531196bda2c4/NM-PRC-402-JNS-25-DEC-28695-BLUE(1).webp,8701442,Blue High Rise Ripped Jeans,,,,,1599,5.0,Bottoms,https://newme.asia/product/blue-high-rise-ripped-jeans-2,bottom wear
female_00497.webp,https://assets.newme.asia/wp-content/uploads/2024/01/271341578e17cecd/NM-IN-56-TRS-24-JAN-472-TURQUOISE_(1).webp,1177619,Button Detailed Pleated Trousers,,,,,799,4.8,Bottoms,https://newme.asia/product/button-detailed-pleated-trousers,bottom wear
female_00498.webp,https://assets.newme.asia/wp-content/uploads/2026/03/2813292349df161c/NM-PRC-391-TRS-26-MAR-32229-BLACK(1).webp,9863840,Black Solid Mid Rise Trousers,,,Solid,,1099,5.0,Bottoms,https://newme.asia/product/black-solid-mid-rise-trousers-2,bottom wear
female_00499.webp,https://assets.newme.asia/wp-content/uploads/2026/06/26143215aa8e627f/NM-PRC-455-TRS-26-JUN-35033-WHITE(1).webp,10996177,White Mid Rise Balloon Pants,,,,,1199,4.8,Bottoms,https://newme.asia/product/white-mid-rise-balloon-pants,bottom wear
